year,method,alpha,threshold,n,rmse
2019,base,1.0,0.0,249,0.06504498648921714
2019,mod6,1.0,0.0,249,0.10501700506425131
2019,mod8,1.0,0.0,249,0.10530388550012452
2019,mod10,1.0,0.0,249,0.10642349959109572
2019,mod12,1.0,0.0,249,0.10768618955568035
2019,mod16,1.0,0.0,249,0.11035479343690614
2019,mod6,0.1,-1.0,249,0.06506642391420893
2019,mod6,0.2,-1.0,249,0.06509853604778519
2019,mod6,0.3,-1.0,249,0.06514130710329803
2019,mod6,0.5,-1.0,249,0.06525873692609621
2019,mod6,0.75,-1.0,249,0.06546499870756767
2019,mod6,1.0,-1.0,249,0.06573675339945058
2019,mod6,1.0,0.5,249,0.06579797303870327
2019,mod6,1.0,0.6,249,0.06516215860460814
2019,mod6,1.0,0.7,249,0.06516215860460814
2019,mod6,1.0,0.8,249,0.06533142028309667
2019,mod6,1.0,0.9,249,0.06508616907796304
2019,mod8,0.1,-1.0,249,0.06504280690136337
2019,mod8,0.2,-1.0,249,0.06505152457325987
2019,mod8,0.3,-1.0,249,0.06507113512514297
2019,mod8,0.5,-1.0,249,0.06514299005440533
2019,mod8,0.75,-1.0,249,0.065293790937189
2019,mod8,1.0,-1.0,249,0.06551190331435217
2019,mod8,1.0,0.5,249,0.06546371679993483
2019,mod8,1.0,0.6,249,0.06494365026891465
2019,mod8,1.0,0.7,249,0.06494365026891465
2019,mod8,1.0,0.8,249,0.06512974568942524
2019,mod8,1.0,0.9,249,0.06504585771738051
2019,mod10,0.1,-1.0,249,0.06505076853620333
2019,mod10,0.2,-1.0,249,0.06506884077633011
2019,mod10,0.3,-1.0,249,0.06509919297392665
2019,mod10,0.5,-1.0,249,0.06519666169972314
2019,mod10,0.75,-1.0,249,0.06538712150641846
2019,mod10,1.0,-1.0,249,0.06565319834253981
2019,mod10,1.0,0.5,249,0.06572946576837865
2019,mod10,1.0,0.6,249,0.06496336574232593
2019,mod10,1.0,0.7,249,0.06496336574232593
2019,mod10,1.0,0.8,249,0.06496000592601353
2019,mod10,1.0,0.9,249,0.06500411546033025
2019,mod12,0.1,-1.0,249,0.0650573607424812
2019,mod12,0.2,-1.0,249,0.06508409846731265
2019,mod12,0.3,-1.0,249,0.0651251819725595
2019,mod12,0.5,-1.0,249,0.06525026847196211
2019,mod12,0.75,-1.0,249,0.06548664166570974
2019,mod12,1.0,-1.0,249,0.0658110095820555
2019,mod12,1.0,0.5,249,0.06592875510384631
2019,mod12,1.0,0.6,249,0.06510227976487687
2019,mod12,1.0,0.7,249,0.06510227976487687
2019,mod12,1.0,0.8,249,0.06495178638813569
2019,mod12,1.0,0.9,249,0.0650082763413524
2019,mod16,0.1,-1.0,249,0.06505534893262531
2019,mod16,0.2,-1.0,249,0.06508639461589787
2019,mod16,0.3,-1.0,249,0.06513809396531862
2019,mod16,0.5,-1.0,249,0.06530323785291157
2019,mod16,0.75,-1.0,249,0.06562456387324041
2019,mod16,1.0,-1.0,249,0.06607177938011277
2019,mod16,1.0,0.5,249,0.06628540495708593
2019,mod16,1.0,0.6,249,0.06544827590861578
2019,mod16,1.0,0.7,249,0.06544827590861578
2019,mod16,1.0,0.8,249,0.06494330444603767
2019,mod16,1.0,0.9,249,0.06502595826575785
2020,base,1.0,0.0,222,0.0642742645224812
2020,mod6,1.0,0.0,222,0.10669401097133145
2020,mod8,1.0,0.0,222,0.10699146227434086
2020,mod10,1.0,0.0,222,0.10743030298194245
2020,mod12,1.0,0.0,222,0.10823716605326285
2020,mod16,1.0,0.0,222,0.10948955232604796
2020,mod6,0.1,-1.0,222,0.06435648140704209
2020,mod6,0.2,-1.0,222,0.06445926586892295
2020,mod6,0.3,-1.0,222,0.06458251970698034
2020,mod6,0.5,-1.0,222,0.06488994958093225
2020,mod6,0.75,-1.0,222,0.06538691594606562
2020,mod6,1.0,-1.0,222,0.06600640866792937
2020,mod6,1.0,0.5,222,0.065874785262107
2020,mod6,1.0,0.6,222,0.065874785262107
2020,mod6,1.0,0.7,222,0.065874785262107
2020,mod6,1.0,0.8,222,0.06489011420859671
2020,mod6,1.0,0.9,222,0.06438285762167147
2020,mod8,0.1,-1.0,222,0.06432585422009961
2020,mod8,0.2,-1.0,222,0.06439750807350493
2020,mod8,0.3,-1.0,222,0.06448915920292934
2020,mod8,0.5,-1.0,222,0.06473209499949813
2020,mod8,0.75,-1.0,222,0.06514636063661336
2020,mod8,1.0,-1.0,222,0.0656813082881451
2020,mod8,1.0,0.5,222,0.06562201920945901
2020,mod8,1.0,0.6,222,0.06562201920945901
2020,mod8,1.0,0.7,222,0.06562201920945901
2020,mod8,1.0,0.8,222,0.06464909338586854
2020,mod8,1.0,0.9,222,0.06441202134109263
2020,mod10,0.1,-1.0,222,0.06429115559844353
2020,mod10,0.2,-1.0,222,0.06432911608252219
2020,mod10,0.3,-1.0,222,0.06438810870985337
2020,mod10,0.5,-1.0,222,0.06456893925311372
2020,mod10,0.75,-1.0,222,0.06491183120008798
2020,mod10,1.0,-1.0,222,0.0653826180271736
2020,mod10,1.0,0.5,222,0.06531631126489153
2020,mod10,1.0,0.6,222,0.06531631126489153
2020,mod10,1.0,0.7,222,0.06531631126489153
2020,mod10,1.0,0.8,222,0.06437263616472294
2020,mod10,1.0,0.9,222,0.06428833495278427
2020,mod12,0.1,-1.0,222,0.06426553161247438
2020,mod12,0.2,-1.0,222,0.0642789991439099
2020,mod12,0.3,-1.0,222,0.06431465317042732
2020,mod12,0.5,-1.0,222,0.06445235051845534
2020,mod12,0.75,-1.0,222,0.0647481363893778
2020,mod12,1.0,-1.0,222,0.06517954045803705
2020,mod12,1.0,0.5,222,0.06513838645590424
2020,mod12,1.0,0.6,222,0.06513838645590424
2020,mod12,1.0,0.7,222,0.06513838645590424
2020,mod12,1.0,0.8,222,0.06422085986871452
2020,mod12,1.0,0.9,222,0.06418592717093516
2020,mod16,0.1,-1.0,222,0.06423483445432669
2020,mod16,0.2,-1.0,222,0.06422046407609147
2020,mod16,0.3,-1.0,222,0.06423117020751905
2020,mod16,0.5,-1.0,222,0.06432773259100243
2020,mod16,0.75,-1.0,222,0.06458865002057267
2020,mod16,1.0,-1.0,222,0.06500355808197213
2020,mod16,1.0,0.5,222,0.06507145662392128
2020,mod16,1.0,0.6,222,0.06507145662392128
2020,mod16,1.0,0.7,222,0.06507145662392128
2020,mod16,1.0,0.8,222,0.06414779017676073
2020,mod16,1.0,0.9,222,0.06410200962173944
2021,base,1.0,0.0,130,0.09026033289207216
2021,mod6,1.0,0.0,130,0.10960265380098162
2021,mod8,1.0,0.0,130,0.10978884428931082
2021,mod10,1.0,0.0,130,0.11016172182887854
2021,mod12,1.0,0.0,130,0.11273000735366476
2021,mod16,1.0,0.0,130,0.11749123987013856
2021,mod6,0.1,-1.0,130,0.09001799555856671
2021,mod6,0.2,-1.0,130,0.08979707983168558
2021,mod6,0.3,-1.0,130,0.08959774416543986
2021,mod6,0.5,-1.0,130,0.08926437564882864
2021,mod6,0.75,-1.0,130,0.08897130765987557
2021,mod6,1.0,-1.0,130,0.08881685993774381
2021,mod6,1.0,0.5,130,0.08873841208581816
2021,mod6,1.0,0.6,130,0.08873841208581816
2021,mod6,1.0,0.7,130,0.08831398078833483
2021,mod6,1.0,0.8,130,0.09015602948165598
2021,mod6,1.0,0.9,130,0.08992671155949458
2021,mod8,0.1,-1.0,130,0.09008311195118639
2021,mod8,0.2,-1.0,130,0.08992403007498112
2021,mod8,0.3,-1.0,130,0.08978318368233595
2021,mod8,0.5,-1.0,130,0.08955653035841393
2021,mod8,0.75,-1.0,130,0.08937708869233288
2021,mod8,1.0,-1.0,130,0.08931369208152368
2021,mod8,1.0,0.5,130,0.0889673871248434
2021,mod8,1.0,0.6,130,0.0889673871248434
2021,mod8,1.0,0.7,130,0.08823787793892784
2021,mod8,1.0,0.8,130,0.08988860342838302
2021,mod8,1.0,0.9,130,0.09032079730940631
2021,mod10,0.1,-1.0,130,0.09006195749572914
2021,mod10,0.2,-1.0,130,0.08988390307084645
2021,mod10,0.3,-1.0,130,0.08972629059338223
2021,mod10,0.5,-1.0,130,0.08947280958917879
2021,mod10,0.75,-1.0,130,0.08927257717072419
2021,mod10,1.0,-1.0,130,0.08920270929503256
2021,mod10,1.0,0.5,130,0.08875710059866025
2021,mod10,1.0,0.6,130,0.08875710059866025
2021,mod10,1.0,0.7,130,0.08817733317782205
2021,mod10,1.0,0.8,130,0.08977982263419992
2021,mod10,1.0,0.9,130,0.09078776564415611
2021,mod12,0.1,-1.0,130,0.09018753524419364
2021,mod12,0.2,-1.0,130,0.0901437469733723
2021,mod12,0.3,-1.0,130,0.090129010361358
2021,mod12,0.5,-1.0,130,0.09018672100359201
2021,mod12,0.75,-1.0,130,0.09042193378132513
2021,mod12,1.0,-1.0,130,0.09083697611939018
2021,mod12,1.0,0.5,130,0.0904860693474552
2021,mod12,1.0,0.6,130,0.0904860693474552
2021,mod12,1.0,0.7,130,0.08975048532419432
2021,mod12,1.0,0.8,130,0.0912033110384425
2021,mod12,1.0,0.9,130,0.09219825522550985
2021,mod16,0.1,-1.0,130,0.09027672994560787
2021,mod16,0.2,-1.0,130,0.09034076848228795
2021,mod16,0.3,-1.0,130,0.09045234731438483
2021,mod16,0.5,-1.0,130,0.0908173503100945
2021,mod16,0.75,-1.0,130,0.09153636433409058
2021,mod16,1.0,-1.0,130,0.09254085395783516
2021,mod16,1.0,0.5,130,0.09250363010918744
2021,mod16,1.0,0.6,130,0.09250363010918744
2021,mod16,1.0,0.7,130,0.09091240749755884
2021,mod16,1.0,0.8,130,0.0921938717772921
2021,mod16,1.0,0.9,130,0.0933747404143188
2022,base,1.0,0.0,192,0.07224060509795764
2022,mod6,1.0,0.0,192,0.08926122440395473
2022,mod8,1.0,0.0,192,0.08987247002017767
2022,mod10,1.0,0.0,192,0.09001526379741749
2022,mod12,1.0,0.0,192,0.09172382557661805
2022,mod16,1.0,0.0,192,0.09488479886088808
2022,mod6,0.1,-1.0,192,0.07224125511926838
2022,mod6,0.2,-1.0,192,0.0722644220740568
2022,mod6,0.3,-1.0,192,0.07231008432016718
2022,mod6,0.5,-1.0,192,0.07246870364771513
2022,mod6,0.75,-1.0,192,0.0727923193201401
2022,mod6,1.0,-1.0,192,0.07325344358385442
2022,mod6,1.0,0.5,192,0.07360211702629987
2022,mod6,1.0,0.6,192,0.07360211702629987
2022,mod6,1.0,0.7,192,0.07322916013309623
2022,mod6,1.0,0.8,192,0.0727735620165215
2022,mod6,1.0,0.9,192,0.07221624261753043
2022,mod8,0.1,-1.0,192,0.07226488689162687
2022,mod8,0.2,-1.0,192,0.07231177116827
2022,mod8,0.3,-1.0,192,0.07238121400623865
2022,mod8,0.5,-1.0,192,0.07258749535934159
2022,mod8,0.75,-1.0,192,0.07297065133731609
2022,mod8,1.0,-1.0,192,0.07349096493765213
2022,mod8,1.0,0.5,192,0.07404320518464876
2022,mod8,1.0,0.6,192,0.07404320518464876
2022,mod8,1.0,0.7,192,0.07310963327875133
2022,mod8,1.0,0.8,192,0.07264219106587555
2022,mod8,1.0,0.9,192,0.07223888848426947
2022,mod10,0.1,-1.0,192,0.07224722146950721
2022,mod10,0.2,-1.0,192,0.07227942016199859
2022,mod10,0.3,-1.0,192,0.07233716701386075
2022,mod10,0.5,-1.0,192,0.07252903410429053
2022,mod10,0.75,-1.0,192,0.07291092865482418
2022,mod10,1.0,-1.0,192,0.07344832295517245
2022,mod10,1.0,0.5,192,0.07415623252266697
2022,mod10,1.0,0.6,192,0.07415623252266697
2022,mod10,1.0,0.7,192,0.07326582363761974
2022,mod10,1.0,0.8,192,0.07251552053533869
2022,mod10,1.0,0.9,192,0.07221477993481955
2022,mod12,0.1,-1.0,192,0.0722551664653793
2022,mod12,0.2,-1.0,192,0.07229880933426246
2022,mod12,0.3,-1.0,192,0.07237148109273536
2022,mod12,0.5,-1.0,192,0.07260352778577385
2022,mod12,0.75,-1.0,192,0.07305460194948434
2022,mod12,1.0,-1.0,192,0.07368145508711138
2022,mod12,1.0,0.5,192,0.07452206990142818
2022,mod12,1.0,0.6,192,0.07452206990142818
2022,mod12,1.0,0.7,192,0.07344052714975154
2022,mod12,1.0,0.8,192,0.0724908001066312
2022,mod12,1.0,0.9,192,0.07220525729153858
2022,mod16,0.1,-1.0,192,0.07223414981209361
2022,mod16,0.2,-1.0,192,0.07226494641944813
2022,mod16,0.3,-1.0,192,0.07233294733873519
2022,mod16,0.5,-1.0,192,0.07258008661769225
2022,mod16,0.75,-1.0,192,0.0730952381011108
2022,mod16,1.0,-1.0,192,0.07383495524658004
2022,mod16,1.0,0.5,192,0.0747769104462817
2022,mod16,1.0,0.6,192,0.0747769104462817
2022,mod16,1.0,0.7,192,0.07362370907238229
2022,mod16,1.0,0.8,192,0.07245611371968827
2022,mod16,1.0,0.9,192,0.0722286120920161
2023,base,1.0,0.0,169,0.07616221867194352
2023,mod6,1.0,0.0,169,0.10495178294937017
2023,mod8,1.0,0.0,169,0.105746226768204
2023,mod10,1.0,0.0,169,0.10586811787097647
2023,mod12,1.0,0.0,169,0.10654353699852641
2023,mod16,1.0,0.0,169,0.10852238075667686
2023,mod6,0.1,-1.0,169,0.07634100750564952
2023,mod6,0.2,-1.0,169,0.07653342635208064
2023,mod6,0.3,-1.0,169,0.07673937268226842
2023,mod6,0.5,-1.0,169,0.07719140758806388
2023,mod6,0.75,-1.0,169,0.07783048910373584
2023,mod6,1.0,-1.0,169,0.0785499488510066
2023,mod6,1.0,0.5,169,0.07938784700718252
2023,mod6,1.0,0.6,169,0.07843182202131413
2023,mod6,1.0,0.7,169,0.07843182202131413
2023,mod6,1.0,0.8,169,0.0764638420488034
2023,mod6,1.0,0.9,169,0.07616549509486756
2023,mod8,0.1,-1.0,169,0.0763596183503507
2023,mod8,0.2,-1.0,169,0.07656915934409396
2023,mod8,0.3,-1.0,169,0.07679074226222232
2023,mod8,0.5,-1.0,169,0.07726961385720768
2023,mod8,0.75,-1.0,169,0.07793399930466374
2023,mod8,1.0,-1.0,169,0.0786697531459533
2023,mod8,1.0,0.5,169,0.07945735909687308
2023,mod8,1.0,0.6,169,0.07850725365205698
2023,mod8,1.0,0.7,169,0.07850725365205698
2023,mod8,1.0,0.8,169,0.07653537672834822
2023,mod8,1.0,0.9,169,0.07614060255159326
2023,mod10,0.1,-1.0,169,0.07632681586569114
2023,mod10,0.2,-1.0,169,0.0765048516989676
2023,mod10,0.3,-1.0,169,0.07669623258603164
2023,mod10,0.5,-1.0,169,0.07711862518277364
2023,mod10,0.75,-1.0,169,0.07771978709450504
2023,mod10,1.0,-1.0,169,0.07840049298456336
2023,mod10,1.0,0.5,169,0.07912647077642633
2023,mod10,1.0,0.6,169,0.07819562609257204
2023,mod10,1.0,0.7,169,0.07819562609257204
2023,mod10,1.0,0.8,169,0.07634085922765237
2023,mod10,1.0,0.9,169,0.07599668260293281
2023,mod12,0.1,-1.0,169,0.07629860644376246
2023,mod12,0.2,-1.0,169,0.07645062997873928
2023,mod12,0.3,-1.0,169,0.07661819620488865
2023,mod12,0.5,-1.0,169,0.07699954143211812
2023,mod12,0.75,-1.0,169,0.07756166486766525
2023,mod12,1.0,-1.0,169,0.0782167972685455
2023,mod12,1.0,0.5,169,0.07885957329385682
2023,mod12,1.0,0.6,169,0.07797856292930282
2023,mod12,1.0,0.7,169,0.07797856292930282
2023,mod12,1.0,0.8,169,0.07608499576858754
2023,mod12,1.0,0.9,169,0.07577442373288254
2023,mod16,0.1,-1.0,169,0.07624507220604754
2023,mod16,0.2,-1.0,169,0.07635317850208127
2023,mod16,0.3,-1.0,169,0.07648643048298692
2023,mod16,0.5,-1.0,169,0.07682782345168626
2023,mod16,0.75,-1.0,169,0.0773931848083309
2023,mod16,1.0,-1.0,169,0.07810940458379255
2023,mod16,1.0,0.5,169,0.07871482183358865
2023,mod16,1.0,0.6,169,0.07784712856830724
2023,mod16,1.0,0.7,169,0.07784712856830724
2023,mod16,1.0,0.8,169,0.07576646830998324
2023,mod16,1.0,0.9,169,0.07538422038563705
2024,base,1.0,0.0,152,0.05923181948845261
2024,mod6,1.0,0.0,152,0.09951519448436771
2024,mod8,1.0,0.0,152,0.10002770247407354
2024,mod10,1.0,0.0,152,0.10009650771207379
2024,mod12,1.0,0.0,152,0.1005832271247073
2024,mod16,1.0,0.0,152,0.1017625333561427
2024,mod6,0.1,-1.0,152,0.05937294950509679
2024,mod6,0.2,-1.0,152,0.05955711744883929
2024,mod6,0.3,-1.0,152,0.05978392557830932
2024,mod6,0.5,-1.0,152,0.06036344948395992
2024,mod6,0.75,-1.0,152,0.06131746244741872
2024,mod6,1.0,-1.0,152,0.06251554965559099
2024,mod6,1.0,0.5,152,0.06178398174733513
2024,mod6,1.0,0.6,152,0.05938509123568301
2024,mod6,1.0,0.7,152,0.05938509123568301
2024,mod6,1.0,0.8,152,0.05938509123568301
2024,mod6,1.0,0.9,152,0.059261406428438274
2024,mod8,0.1,-1.0,152,0.05939663311733034
2024,mod8,0.2,-1.0,152,0.05960297419789868
2024,mod8,0.3,-1.0,152,0.05985041321991459
2024,mod8,0.5,-1.0,152,0.06046648316801958
2024,mod8,0.75,-1.0,152,0.06145723352028963
2024,mod8,1.0,-1.0,152,0.0626821807092509
2024,mod8,1.0,0.5,152,0.061866632890572364
2024,mod8,1.0,0.6,152,0.05944589047364613
2024,mod8,1.0,0.7,152,0.05944589047364613
2024,mod8,1.0,0.8,152,0.05944589047364613
2024,mod8,1.0,0.9,152,0.05928006375777679
2024,mod10,0.1,-1.0,152,0.059393091508277845
2024,mod10,0.2,-1.0,152,0.059596197310505646
2024,mod10,0.3,-1.0,152,0.059840710931595695
2024,mod10,0.5,-1.0,152,0.06045186675813259
2024,mod10,0.75,-1.0,152,0.06143822585753041
2024,mod10,1.0,-1.0,152,0.0626606842308154
2024,mod10,1.0,0.5,152,0.06192071877219828
2024,mod10,1.0,0.6,152,0.059488877709023925
2024,mod10,1.0,0.7,152,0.059488877709023925
2024,mod10,1.0,0.8,152,0.059488877709023925
2024,mod10,1.0,0.9,152,0.059298445486076816
2024,mod12,0.1,-1.0,152,0.05941871650355592
2024,mod12,0.2,-1.0,152,0.059648169567534125
2024,mod12,0.3,-1.0,152,0.05991968979721692
2024,mod12,0.5,-1.0,152,0.06058658187337871
2024,mod12,0.75,-1.0,152,0.06164518978425855
2024,mod12,1.0,-1.0,152,0.06294187903564405
2024,mod12,1.0,0.5,152,0.062196160125262634
2024,mod12,1.0,0.6,152,0.05959159972219804
2024,mod12,1.0,0.7,152,0.05959159972219804
2024,mod12,1.0,0.8,152,0.05959159972219804
2024,mod12,1.0,0.9,152,0.05928946011872293
2024,mod16,0.1,-1.0,152,0.059439264961027145
2024,mod16,0.2,-1.0,152,0.05969246681082384
2024,mod16,0.3,-1.0,152,0.05999084567227722
2024,mod16,0.5,-1.0,152,0.060720369666867294
2024,mod16,0.75,-1.0,152,0.061872773116077404
2024,mod16,1.0,-1.0,152,0.06327861436961477
2024,mod16,1.0,0.5,152,0.06262950219366273
2024,mod16,1.0,0.6,152,0.059762760928756334
2024,mod16,1.0,0.7,152,0.059762760928756334
2024,mod16,1.0,0.8,152,0.059762760928756334
2024,mod16,1.0,0.9,152,0.05919469655509834
