radius,crop,method,pred,pooled_rmse,min_seed_rmse,max_seed_rmse,mean_delta_vs_global40
2,1,median,blend0.01,0.06806816289829595,0.0644528038092327,0.07134855716113145,
2,1,mean,blend0.01,0.06806921103301636,0.06445080897001386,0.07134910057778791,
4,1,mean,blend0.01,0.06807402112342287,0.06446891468589641,0.07134793839851314,
2,0,median,blend0.01,0.06807491039083494,0.06444451054571369,0.0713579846345095,
2,0,mean,blend0.01,0.06807531817304516,0.06444177251831247,0.07135904954447753,
4,1,median,blend0.01,0.06807731142113002,0.06448969137356243,0.07134913475485974,
1,1,median,blend0.01,0.06807891947971305,0.0645039968062187,0.07136199484878689,
1,1,mean,blend0.01,0.06807891947971305,0.0645039968062187,0.07136199484878689,
4,0,mean,blend0.01,0.0680821821520811,0.06446296920642348,0.07135290902933492,
4,0,median,blend0.01,0.0680849947579526,0.06447383062712508,0.07135888637091525,
1,0,mean,blend0.01,0.06808565825640334,0.06450064257265135,0.0713713869177718,
1,0,median,blend0.01,0.06808565825640334,0.06450064257265135,0.0713713869177718,
8,1,mean,blend0.01,0.06809119309647668,0.06448304536625804,0.07137213166786717,
8,1,median,blend0.01,0.06809819951298737,0.06449826754273527,0.0713751646110145,
8,0,mean,blend0.01,0.0680984611587641,0.06447562855775585,0.0713775185068975,
8,0,median,blend0.01,0.06810035078816337,0.06447192355622965,0.07137453123985155,
16,1,mean,blend0.01,0.0681069173344752,0.06449738585602605,0.07138899228066754,
2,1,mean,blend0.02,0.06810987537072717,0.06448601901569176,0.07137787662933855,
2,1,median,blend0.02,0.06811050945178235,0.06449288279475103,0.07137909870214498,
4,1,mean,blend0.02,0.06811246937362857,0.06451531075881103,0.07136835449072726,
32,1,mean,blend0.01,0.06811580325851271,0.06450808485762873,0.07140429594096583,
16,1,median,blend0.01,0.06811942308230423,0.06451144565881438,0.07139829590519987,
2,0,mean,blend0.02,0.06812343537046905,0.06446872790380544,0.07139912696509514,
16,0,mean,blend0.01,0.06812380195305079,0.06450032349010652,0.0714051658609874,
4,1,median,blend0.02,0.06812450146520055,0.06456302262918989,0.07137481119035631,
32,1,median,blend0.01,0.06812536410424641,0.06451028270721548,0.07141804405301017,
2,0,median,blend0.02,0.06812568755655461,0.0644775263435363,0.07139957142771976,
1,1,median,blend0.02,0.06812778020906136,0.06459035075183922,0.07140154023553348,
1,1,mean,blend0.02,0.06812778020906136,0.06459035075183922,0.07140154023553348,
4,0,mean,blend0.02,0.0681305144128159,0.0645040980209862,0.07138030964183817,
16,0,median,blend0.01,0.06813321687860152,0.06450417972797758,0.071420284219996,
4,0,median,blend0.02,0.06814164820621782,0.06453212972666983,0.07139588531706319,
1,0,median,blend0.02,0.06814254080950478,0.06458496398840846,0.0714224357917574,
1,0,mean,blend0.02,0.06814254080950478,0.06458496398840846,0.0714224357917574,
8,1,mean,blend0.02,0.0681458226288377,0.0645431869607113,0.07141556964848973,
32,0,mean,blend0.01,0.06814742596884024,0.06452478566281478,0.07142611509827922,
32,0,median,blend0.01,0.0681572834696404,0.06452388764200155,0.07144561837735029,
8,0,mean,blend0.02,0.06816027819692333,0.06452673861937042,0.07142799884546908,
8,1,median,blend0.02,0.06816555812974397,0.06457976837318172,0.07142646143341319,
8,0,median,blend0.02,0.0681699715116268,0.06452534071038782,0.07142750808770205,
16,1,mean,blend0.02,0.06817560878721804,0.06456991532601283,0.07144823104610003,
32,1,mean,blend0.02,0.06819183682425865,0.06458946126420877,0.07147785917801815,
4,1,mean,blend0.03,0.06819406543013627,0.06460704557292984,0.07142734536498181,
2,1,mean,blend0.03,0.06820069691859404,0.06457349973391364,0.07145240300690713,
2,1,median,blend0.03,0.06820573476917496,0.06458808938182863,0.07145769312373633,
16,1,median,blend0.02,0.06820656912005062,0.06460437227222393,0.07147236590010016,
16,0,mean,blend0.02,0.06821051813905613,0.06457630225025367,0.07148216544948571,
32,1,median,blend0.02,0.06821673527894155,0.06459979494375018,0.07151071593236843,
4,1,median,blend0.03,0.06822026291186276,0.06468777354150308,0.07144311349231475,
2,0,mean,blend0.03,0.06822303621245052,0.06454875482746229,0.07148628314131227,
4,0,mean,blend0.03,0.06822369504653937,0.06459125359408195,0.07145051061597305,
1,1,median,blend0.03,0.06822527126492549,0.06472681570943964,0.07148469386186665,
1,1,mean,blend0.03,0.06822527126492549,0.06472681570943964,0.07148469386186665,
2,0,median,blend0.03,0.06823100324709568,0.06456691602354389,0.07149080378474994,
16,0,median,blend0.02,0.06823570770366068,0.06459117126755667,0.07151809738190577,
8,1,mean,blend0.03,0.06824258096294356,0.06464825429268951,0.0714963759019217,
4,0,median,blend0.03,0.06824862848669157,0.06464271070314519,0.07147705832804163,
1,0,mean,blend0.03,0.06824931638051589,0.06472071767505522,0.07151917875985715,
1,0,median,blend0.03,0.06824931638051589,0.06472071767505522,0.07151917875985715,
32,0,mean,blend0.02,0.06825723840114858,0.0646246156113733,0.07152365009926066,
8,0,mean,blend0.03,0.06826413039200557,0.06462118236214398,0.07151748843113583,
8,1,median,blend0.03,0.06828072771867999,0.06471226432783475,0.07151992972485688,
32,0,median,blend0.02,0.06828304945182334,0.06463014113734906,0.07156814091398667,
16,1,mean,blend0.03,0.06828474571391611,0.06468539867635505,0.0715437561300997,
8,0,median,blend0.03,0.06828750894842502,0.06462808409144481,0.07152496168912449,
32,1,mean,blend0.03,0.06830676416613238,0.06471192885613913,0.071586710781002,
16,0,mean,blend0.03,0.06833878357042913,0.06469573787383613,0.07159700647399807,
16,1,median,blend0.03,0.06834005394563819,0.06474652222452361,0.07158821010804843,
32,1,median,blend0.03,0.0683527276445427,0.06473629622171817,0.07164398767033217,
16,0,median,blend0.03,0.06838605014097905,0.06472872517734098,0.07165939089950724,
32,0,mean,blend0.03,0.06840803276680243,0.06476724625405668,0.07165858186823577,
32,0,median,blend0.03,0.0684558311653844,0.06478576309037984,0.07173347729329009,
4,1,mean,blend0.05,0.06848600252377841,0.06492566772748888,0.07166060811053393,
2,1,mean,blend0.05,0.06853190387648353,0.0649043014756715,0.07173804886977422,
4,0,mean,blend0.05,0.06854378178469095,0.06490280540814061,0.07171651729199513,
2,1,median,blend0.05,0.06855381791858459,0.06494277517295415,0.07175831250857088,
4,1,median,blend0.05,0.06855658263444679,0.0650902298872452,0.07170703245835726,
8,1,mean,blend0.05,0.06856169292484252,0.06499220148072762,0.07176952997862772,
1,1,median,blend0.05,0.06856521113435272,0.065148703450396,0.07178208710368458,
1,1,mean,blend0.05,0.06856521113435272,0.065148703450396,0.07178208710368458,
2,0,mean,blend0.05,0.06857567557057091,0.06486710733709032,0.07180776594463557,
8,0,mean,blend0.05,0.06859709931607669,0.06493922788439603,0.07181284843986277,
2,0,median,blend0.05,0.0686041154623053,0.0649137386084539,0.07182830094107588,
1,0,median,blend0.05,0.06861150599767897,0.06514511392290186,0.07184892148935562,
1,0,mean,blend0.05,0.06861150599767897,0.06514511392290186,0.07184892148935562,
4,0,median,blend0.05,0.0686125171771041,0.06501952516768181,0.07178052381186761,
16,1,mean,blend0.05,0.0686235126005499,0.06504422677401557,0.07184303130319296,
32,1,mean,blend0.05,0.06865245276035253,0.06507913185102705,0.07190958613252692,
8,1,median,blend0.05,0.06865343746944474,0.06512887692556722,0.0718326479648924,
8,0,median,blend0.05,0.06866524940267811,0.06498050131210958,0.07185249267742944,
16,0,mean,blend0.05,0.06871895618054132,0.06506393537665019,0.07193942821812312,
16,1,median,blend0.05,0.06874486652782441,0.06517709237523633,0.0719443412262672,
32,1,median,blend0.05,0.06875743003316166,0.06514898281427181,0.07203136066765783,
16,0,median,blend0.05,0.06882893580051436,0.06515412143465221,0.07207131741340131,
32,0,mean,blend0.05,0.06883141671845293,0.06517970140431956,0.07203973693820681,
32,0,median,blend0.05,0.06894093162717782,0.06523799345863598,0.07219133876313487,
4,1,mean,blend0.08,0.06924110116321815,0.06573587469462584,0.07229545555864951,
8,1,mean,blend0.08,0.06934944616975595,0.06583673088750615,0.07245453197611001,
4,0,mean,blend0.08,0.06935295224633502,0.06570763798101993,0.07242553472180357,
2,1,mean,blend0.08,0.06939646473791387,0.06578330473390152,0.07250542053732652,
8,0,mean,blend0.08,0.0694046418384081,0.06573387016171439,0.07254282002442657,
4,1,median,blend0.08,0.0694170380101753,0.06606842799058776,0.07241715744858179,
16,1,mean,blend0.08,0.06942796339228512,0.0658962805621015,0.07255875523610972,
1,1,median,blend0.08,0.06943143609352109,0.06614596594360414,0.07255317998283307,
1,1,mean,blend0.08,0.06943143609352109,0.06614596594360414,0.07255317998283307,
32,1,mean,blend0.08,0.06945576376201723,0.06592993188137183,0.07265294356138677,
2,1,median,blend0.08,0.06946320570166288,0.06587782845355533,0.07256716495800891,
2,0,mean,blend0.08,0.06948154145357853,0.06573368018831714,0.07264572719955031,
1,0,median,blend0.08,0.06951978451169878,0.06615569166512844,0.07267890267262489,
1,0,mean,blend0.08,0.06951978451169878,0.06615569166512844,0.07267890267262489,
4,0,median,blend0.08,0.06952647736914135,0.06596629197550874,0.07257466385771263,
8,1,median,blend0.08,0.06956197925174122,0.0661248143564686,0.07261157209494164,
2,0,median,blend0.08,0.06956250124992946,0.06584637054855914,0.07271004606169679,
8,0,median,blend0.08,0.06958198439042212,0.06586973844525097,0.0726702606037534,
16,0,mean,blend0.08,0.06959270477381026,0.06593349682599964,0.07273049239590781,
32,1,median,blend0.08,0.06968986580823827,0.06610994559058334,0.07290917871029767,
16,1,median,blend0.08,0.06969000621070802,0.06618067825547241,0.07278454623702794,
32,0,mean,blend0.08,0.06976490582583429,0.06610980565973149,0.07288490865698936,
16,0,median,blend0.08,0.06984127977989237,0.06615983646010329,0.07300650996561596,
4,1,mean,blend0.1,0.06995063621327378,0.06649123064244067,0.07290479631065246,
32,0,median,blend0.08,0.07000947861128724,0.06626703568367727,0.07318958293505347,
8,1,mean,blend0.1,0.07007526715556656,0.06661234248439157,0.07309070094750927,
4,0,mean,blend0.1,0.07010585197864551,0.06646283898277203,0.07310020746111189,
8,0,mean,blend0.1,0.07014287897688151,0.06646944211980331,0.07321630557655959,
16,1,mean,blend0.1,0.07015651270737715,0.06666728556242163,0.0732097211798277,
32,1,mean,blend0.1,0.07017608576718959,0.06669117586967259,0.07331712599842706,
2,1,mean,blend0.1,0.07021096178622536,0.06661665063464921,0.07324012503992246,
4,1,median,blend0.1,0.07022120719658644,0.06696172585858717,0.07309532296727056,
1,1,mean,blend0.1,0.07023962769996804,0.06704532984249008,0.07327788621283782,
1,1,median,blend0.1,0.07023962769996804,0.06704532984249008,0.07327788621283782,
2,1,median,blend0.1,0.07031984957361778,0.06676110023090695,0.07333984772849786,
2,0,mean,blend0.1,0.07032917192216445,0.06656287986321917,0.07343519343959821,
1,0,median,blend0.1,0.07036130409585407,0.06706996742399784,0.07344990676882274,
1,0,mean,blend0.1,0.07036130409585407,0.06706996742399784,0.07344990676882274,
16,0,mean,blend0.1,0.07037166890635926,0.06671828264219312,0.07343817433895937,
4,0,median,blend0.1,0.07037376562523515,0.06684342727329888,0.07332423535736236,
8,1,median,blend0.1,0.07039364247032202,0.06702754337322565,0.07333229998370575,
8,0,median,blend0.1,0.07041946740398428,0.06669549211278948,0.07342743115869312,
2,0,median,blend0.1,0.070458800881043,0.0667340925225242,0.07354095600227577,
32,1,median,blend0.1,0.07052171913810917,0.06697091098705307,0.07368673071852115,
16,1,median,blend0.1,0.07053833700411694,0.0670798977527597,0.07354325039177445,
32,0,mean,blend0.1,0.07058003481391224,0.06693075791811348,0.07362576665991662,
16,0,median,blend0.1,0.07074043932265486,0.06706681875263068,0.07383525544042747,
32,0,median,blend0.1,0.07094112054898856,0.06717850571960637,0.07405618339772961,
4,1,mean,blend0.15,0.07240855652455905,0.06908937342699507,0.07505147733308612,
8,1,mean,blend0.15,0.07255504223495965,0.0692515054487343,0.0752813385497057,
32,1,mean,blend0.15,0.0725898987041616,0.0692342102017899,0.0755404639888709,
16,1,mean,blend0.15,0.07261522942175096,0.06926358232125053,0.07541784221316451,
8,0,mean,blend0.15,0.07265057792518362,0.06898816931594874,0.07552318281561288,
4,0,mean,blend0.15,0.07269431576140721,0.06907185896213933,0.07546038016067648,
16,0,mean,blend0.15,0.07296816224542854,0.06935530195419017,0.07580749892040259,
4,1,median,blend0.15,0.07299151262991113,0.06998229320789216,0.07547322535851503,
1,1,median,blend0.15,0.07302036378778975,0.07005915593510159,0.07578961852049443,
1,1,mean,blend0.15,0.07302036378778975,0.07005915593510159,0.07578961852049443,
2,1,mean,blend0.15,0.07303145953039393,0.06951076627601721,0.07581223027888544,
8,1,median,blend0.15,0.07321634677250434,0.07006340083288005,0.07580379450038291,
1,0,median,blend0.15,0.0732410079088556,0.07013986911708449,0.07609854397027335,
1,0,mean,blend0.15,0.0732410079088556,0.07013986911708449,0.07609854397027335,
2,0,mean,blend0.15,0.0732490927793472,0.06946037242405328,0.07617244708918747,
32,0,mean,blend0.15,0.0732533570814139,0.06964277345200644,0.07606716764349443,
8,0,median,blend0.15,0.07325760646439627,0.06952400021042511,0.07602332120286402,
4,0,median,blend0.15,0.07327407650593268,0.06984005013534057,0.07592841506977117,
2,1,median,blend0.15,0.07328361373207012,0.06981803938600635,0.07604109035810111,
32,1,median,blend0.15,0.07329330269126645,0.06984451390897806,0.07626779550995993,
16,1,median,blend0.15,0.07337658416170545,0.0700792065392349,0.07609854709531008,
2,0,median,blend0.15,0.07354234190446589,0.06982158825973059,0.07642006752051998,
16,0,median,blend0.15,0.07372302367306004,0.07010572848282333,0.0765848222277099,
32,0,median,blend0.15,0.07398711885507275,0.07019248374083502,0.07688505225317549,
4,1,mean,blend0.2,0.07576315196500515,0.07260933572500088,0.07802619771022146,
32,1,mean,blend0.2,0.07580890719989253,0.07261048252588223,0.07851032277799733,
8,1,mean,blend0.2,0.07590638311169001,0.07279894752182955,0.07826847091814593,
16,1,mean,blend0.2,0.07590976411356641,0.07272896294986676,0.07839632704034394,
8,0,mean,blend0.2,0.07602506849502262,0.0723923036500836,0.07865402991587715,
4,0,mean,blend0.2,0.0762046534566597,0.07261688752868938,0.07870924203612745,
16,0,mean,blend0.2,0.07641228755226451,0.0728683861355313,0.07896908040070388,
4,1,median,blend0.2,0.07674785957981757,0.07401137699569471,0.07875114616922547,
32,0,mean,blend0.2,0.07675482366315178,0.07320903011882753,0.0792849615580094,
1,1,mean,blend0.2,0.07678732227856032,0.07405390463182482,0.07922071087753729,
1,1,median,blend0.2,0.07678732227856032,0.07405390463182482,0.07922071087753729,
2,1,mean,blend0.2,0.07686785171652634,0.07344708169522735,0.07934814243276125,
32,1,median,blend0.2,0.0769634343851863,0.07364678931203458,0.07968465324973092,
8,1,median,blend0.2,0.07700259787687166,0.0740968036182614,0.07915615221141296,
8,0,median,blend0.2,0.07705999624855066,0.073337298573435,0.0795402656797656,
1,0,median,blend0.2,0.07712415400882482,0.0742128560058477,0.07969044038856989,
1,0,mean,blend0.2,0.07712415400882482,0.0742128560058477,0.07969044038856989,
16,1,median,blend0.2,0.07714437777135028,0.07404188605400479,0.07951808479818442,
4,0,median,blend0.2,0.07718515214692297,0.07386680684061736,0.0794889034488642,
2,0,mean,blend0.2,0.0772032045266279,0.07341744138207278,0.07990555318681632,
2,1,median,blend0.2,0.07730747922380808,0.07396016769964121,0.07974690032148753,
16,0,median,blend0.2,0.07765336950345679,0.07413247942331891,0.08021873186976657,
2,0,median,blend0.2,0.0777085899496445,0.07401782695436462,0.08034032826929619,
32,0,median,blend0.2,0.07795643378714044,0.07414914173120037,0.08057647469342268,
32,1,mean,blend0.3,0.08427125461757295,0.0814237370449335,0.0863628044531233,
16,1,mean,blend0.3,0.08459190387180487,0.08179879287362246,0.08641858310861915,
4,1,mean,blend0.3,0.08470899143655286,0.08190978512556278,0.087013944889709,
8,1,mean,blend0.3,0.08478460917896484,0.08211921224757072,0.08660395175592872,
8,0,mean,blend0.3,0.08493576907656873,0.08138485073538564,0.08750692298981846,
16,0,mean,blend0.3,0.0854091322752844,0.08204593000811734,0.08757326584537388,
4,0,mean,blend0.3,0.08550835247798563,0.0819989476712369,0.08797377997806624,
32,0,mean,blend0.3,0.08581379310338921,0.08243557763135877,0.0881227042517976,
32,1,median,blend0.3,0.08651528332966073,0.08350064206749072,0.08861632793982238,
4,1,median,blend0.3,0.08667393029578344,0.08448402711514008,0.08904665406390937,
1,1,mean,blend0.3,0.08673398902938809,0.08439686525973737,0.08838518999958296,
1,1,median,blend0.3,0.08673398902938809,0.08439686525973737,0.08838518999958296,
8,1,median,blend0.3,0.0869317416238104,0.0845520636085103,0.088732264787922,
16,1,median,blend0.3,0.08695697940000673,0.08428274958031166,0.08884214392477137,
2,1,mean,blend0.3,0.08701715107268884,0.08382245675459771,0.08882094299149838,
8,0,median,blend0.3,0.0870215321641915,0.08334464190770088,0.0895981394414213,
1,0,mean,blend0.3,0.08733262973041026,0.08475623665514284,0.08921971191293157,
1,0,median,blend0.3,0.08733262973041026,0.08475623665514284,0.08921971191293157,
4,0,median,blend0.3,0.08746407624911082,0.08438543359278168,0.09000953201252777,
2,0,mean,blend0.3,0.08761934296075742,0.08387269176133051,0.08983114116296145,
16,0,median,blend0.3,0.08781930472362234,0.08455244666258147,0.0898206679038474,
2,1,median,blend0.3,0.08791710563227023,0.08482513164994479,0.0896416704275315,
32,0,median,blend0.3,0.08813859038635663,0.08432999477849079,0.09058349725599392,
2,0,median,blend0.3,0.08864123845145933,0.08503949705755125,0.09073044113729947,
32,1,mean,blend0.4,0.09480846399735433,0.09230569475413028,0.0967548882246181,
16,1,mean,blend0.4,0.09540665602513544,0.09300079760796438,0.09748802234404441,
8,1,mean,blend0.4,0.09586707430873997,0.09364207895430507,0.0979350479059616,
4,1,mean,blend0.4,0.09591540861727244,0.09344718051935101,0.09863797140800064,
8,0,mean,blend0.4,0.09603564420584385,0.0925566401728323,0.09905067532400946,
16,0,mean,blend0.4,0.09653920626257219,0.0933623480714981,0.09899340853582193,
32,0,mean,blend0.4,0.09695181126736288,0.09374387159127925,0.09959333419627542,
4,0,mean,blend0.4,0.09710004061173846,0.0936437619927652,0.09995100208070799,
32,1,median,blend0.4,0.09827453852316041,0.09555430847205035,0.10042231335423328,
4,1,median,blend0.4,0.09898195122672976,0.09728038583568226,0.10184223136416479,
16,1,median,blend0.4,0.09902747457771277,0.0967670173234175,0.10118085754150041,
1,1,median,blend0.4,0.09906099772436018,0.09701353759677496,0.1006613858566133,
1,1,mean,blend0.4,0.09906099772436018,0.09701353759677496,0.1006613858566133,
8,1,median,blend0.4,0.09918894981864014,0.09730794948354822,0.10125799372924939,
8,0,median,blend0.4,0.09930968484790961,0.09566712385238922,0.1023450609399727,
2,1,mean,blend0.4,0.09959685243433453,0.0966072951814298,0.10105045378023142,
1,0,mean,blend0.4,0.09993634156914728,0.09760428011337319,0.10158685949672074,
1,0,median,blend0.4,0.09993634156914728,0.09760428011337319,0.10158685949672074,
4,0,median,blend0.4,0.10014847804522735,0.09727195134816032,0.10315011766319702,
16,0,median,blend0.4,0.10025349478328599,0.09725447738350074,0.10252963857592762,
2,0,mean,blend0.4,0.1004820174874133,0.09676848737212204,0.10260965832018258,
32,0,median,blend0.4,0.10052989219233036,0.09671251227384757,0.10343770425508682,
2,1,median,blend0.4,0.10101383370858152,0.09814598394155229,0.10256196852644223,
2,0,median,blend0.4,0.10208023916671585,0.09855288510779285,0.10431963601719464,
32,1,mean,mix,0.17690621623910602,0.17368323251437867,0.17975682531101297,
32,1,mean,hard,0.17858445879227144,0.1753660215409308,0.1813041768765892,
16,1,mean,mix,0.1794591202109662,0.17453091110794605,0.18317564349395996,
16,1,mean,hard,0.18081756968528193,0.17575216721033932,0.18447876523895376,
8,0,mean,mix,0.18151569275234705,0.17824999184186896,0.18578415373217774,
16,0,mean,mix,0.18187387902536067,0.17776440965243562,0.18551193803778027,
8,1,mean,mix,0.18202580866837786,0.1758573390822377,0.18597631855343016,
32,0,mean,mix,0.1820844455163273,0.17910421759717823,0.18547562326151154,
8,1,mean,hard,0.18333128736901264,0.17718237870065692,0.18697706348078677,
4,1,mean,mix,0.18341863372478512,0.17723220387867736,0.18880508201403212,
16,0,mean,hard,0.18348980030050385,0.17936495705800826,0.18720117700735395,
8,0,mean,hard,0.18361159277183703,0.1804773163255021,0.18844345081268363,
32,0,mean,hard,0.18371799508712908,0.1804631068003707,0.18754984162065663,
4,1,mean,hard,0.18456991725273572,0.17861010198507643,0.18976092480808232,
4,0,mean,mix,0.18585324376134793,0.18220034575920754,0.18997029546251953,
32,1,median,mix,0.18776315582631967,0.1841229732880921,0.19112646017805376,
4,0,mean,hard,0.18869379083238705,0.1853769466441946,0.1927742877607054,
32,1,median,hard,0.18991669983099163,0.18648189392659315,0.19298162414277414,
16,1,median,mix,0.1906274934186524,0.1851947499040045,0.19428538767932893,
8,0,median,mix,0.1919159887880734,0.1873950250284916,0.19618621236419032,
16,1,median,hard,0.19243285605923324,0.18697976579723954,0.19597871085951293,
8,1,median,mix,0.19253721112195255,0.18502820395326325,0.19655418831483804,
32,0,median,mix,0.19302589299535905,0.1895882647904154,0.19725788818671497,
16,0,median,mix,0.193217982295003,0.18853351749659597,0.196366300157637,
4,1,median,mix,0.19331450255314284,0.18512169700651518,0.19920986526551165,
8,1,median,hard,0.19407898037355764,0.1867325927161546,0.19777504523286868,
4,1,median,hard,0.19459318190408717,0.18657576561913347,0.20033473800287424,
8,0,median,hard,0.19466914009955794,0.19082149489948766,0.19932488233996148,
32,0,median,hard,0.19547739603254405,0.19176181000460446,0.20012044410597887,
4,0,median,mix,0.1955549807121938,0.18968275207765886,0.20016774918810967,
16,0,median,hard,0.19573522796261592,0.19091485258233393,0.1988812890772616,
2,1,mean,mix,0.19760593406298405,0.19385648102185557,0.20085515458658398,
2,1,mean,hard,0.1983960231714774,0.19474808017854758,0.20170341864102562,
4,0,median,hard,0.19868934573553296,0.19313388705682136,0.2032704208842169,
2,0,mean,mix,0.19885008071666604,0.19608268488766026,0.20171943368296635,
2,0,mean,hard,0.20104004368879758,0.19807205342365047,0.2037710430865435,
2,1,median,mix,0.2022497942789114,0.1980996511279496,0.2055083955219615,
2,1,median,hard,0.20313689621975398,0.19913157679029583,0.20637268443771517,
2,0,median,mix,0.20400050659512253,0.2010661873400493,0.20678871762380888,
2,0,median,hard,0.2062980077712844,0.20365564953859838,0.20884246248454136,
1,1,mean,mix,0.20885828281105456,0.20384000376965256,0.21375385466267577,
1,1,median,mix,0.20885828281105456,0.20384000376965256,0.21375385466267577,
1,1,median,hard,0.2094610685772604,0.20470618494717455,0.2141159026482351,
1,1,mean,hard,0.2094610685772604,0.20470618494717455,0.2141159026482351,
1,0,median,mix,0.21022513882544402,0.2060816709111141,0.21490284712834484,
1,0,mean,mix,0.21022513882544402,0.2060816709111141,0.21490284712834484,
1,0,mean,hard,0.21111166901637593,0.20734109935066344,0.21541913373980676,
1,0,median,hard,0.21111166901637593,0.20734109935066344,0.21541913373980676,
