width,radius,source_profile,agg,mode,n,rmse_pooled,base_rmse_pooled,delta_pooled,wins,coverage
16,4,False,mean,loo,10576.0000000000,0.0655786981,0.0666343245,-0.0010556264,4.0000000000,0.9895990923
16,4,False,exp,loo,10576.0000000000,0.0655944659,0.0666343245,-0.0010398586,4.0000000000,0.9895990923
16,8,False,exp,loo,10576.0000000000,0.0656018256,0.0666343245,-0.0010324989,4.0000000000,0.9922465961
16,4,False,inv1,loo,10576.0000000000,0.0656122978,0.0666343245,-0.0010220267,4.0000000000,0.9895990923
16,4,False,mean,fixed020,10576.0000000000,0.0656125978,0.0666343245,-0.0010217267,4.0000000000,0.9895990923
16,16,False,exp,loo,10576.0000000000,0.0656130896,0.0666343245,-0.0010212348,4.0000000000,0.9932866868
16,8,False,inv1,loo,10576.0000000000,0.0656158126,0.0666343245,-0.0010185119,4.0000000000,0.9922465961
16,4,False,exp,fixed020,10576.0000000000,0.0656200590,0.0666343245,-0.0010142654,4.0000000000,0.9895990923
16,4,False,inv1,fixed020,10576.0000000000,0.0656251391,0.0666343245,-0.0010091853,4.0000000000,0.9895990923
16,16,False,inv1,loo,10576.0000000000,0.0656257039,0.0666343245,-0.0010086205,4.0000000000,0.9932866868
16,32,False,exp,loo,10576.0000000000,0.0656307586,0.0666343245,-0.0010035658,4.0000000000,0.9948940998
16,32,False,inv1,loo,10576.0000000000,0.0656329738,0.0666343245,-0.0010013507,4.0000000000,0.9948940998
16,8,False,exp,fixed020,10576.0000000000,0.0656369072,0.0666343245,-0.0009974172,4.0000000000,0.9922465961
16,8,False,inv1,fixed020,10576.0000000000,0.0656383528,0.0666343245,-0.0009959717,4.0000000000,0.9922465961
16,16,False,exp,fixed020,10576.0000000000,0.0656575758,0.0666343245,-0.0009767487,4.0000000000,0.9932866868
16,16,False,inv1,fixed020,10576.0000000000,0.0656622500,0.0666343245,-0.0009720745,4.0000000000,0.9932866868
16,8,False,mean,loo,10576.0000000000,0.0656704055,0.0666343245,-0.0009639189,4.0000000000,0.9922465961
16,32,False,exp,fixed020,10576.0000000000,0.0656709479,0.0666343245,-0.0009633766,4.0000000000,0.9948940998
16,32,False,inv1,fixed020,10576.0000000000,0.0656756382,0.0666343245,-0.0009586862,4.0000000000,0.9948940998
16,16,False,inv2,fixed020,10576.0000000000,0.0656793748,0.0666343245,-0.0009549497,4.0000000000,0.9932866868
16,8,False,inv2,fixed020,10576.0000000000,0.0656842181,0.0666343245,-0.0009501063,4.0000000000,0.9922465961
16,16,False,inv2,loo,10576.0000000000,0.0656867283,0.0666343245,-0.0009475962,4.0000000000,0.9932866868
16,4,False,inv2,fixed020,10576.0000000000,0.0656903923,0.0666343245,-0.0009439322,4.0000000000,0.9895990923
16,32,False,inv2,fixed020,10576.0000000000,0.0656913109,0.0666343245,-0.0009430135,4.0000000000,0.9948940998
16,8,False,inv2,loo,10576.0000000000,0.0656943222,0.0666343245,-0.0009400023,4.0000000000,0.9922465961
16,8,False,mean,fixed020,10576.0000000000,0.0656987919,0.0666343245,-0.0009355326,4.0000000000,0.9922465961
16,32,False,inv2,loo,10576.0000000000,0.0657002191,0.0666343245,-0.0009341054,4.0000000000,0.9948940998
16,4,False,inv2,loo,10576.0000000000,0.0657020591,0.0666343245,-0.0009322654,4.0000000000,0.9895990923
24,4,False,mean,fixed020,10576.0000000000,0.0657067875,0.0666343245,-0.0009275370,4.0000000000,0.9895990923
24,8,False,exp,fixed020,10576.0000000000,0.0657078852,0.0666343245,-0.0009264392,4.0000000000,0.9922465961
24,4,False,mean,loo,10576.0000000000,0.0657087341,0.0666343245,-0.0009255904,4.0000000000,0.9895990923
24,8,False,exp,loo,10576.0000000000,0.0657094103,0.0666343245,-0.0009249141,4.0000000000,0.9922465961
24,16,False,exp,fixed020,10576.0000000000,0.0657153831,0.0666343245,-0.0009189414,4.0000000000,0.9932866868
24,16,False,exp,loo,10576.0000000000,0.0657173757,0.0666343245,-0.0009169488,4.0000000000,0.9932866868
16,8,True,exp,loo,10576.0000000000,0.0657186239,0.0666343245,-0.0009157005,4.0000000000,0.9922465961
16,8,True,inv1,loo,10576.0000000000,0.0657190179,0.0666343245,-0.0009153066,4.0000000000,0.9922465961
24,8,False,inv1,fixed020,10576.0000000000,0.0657223353,0.0666343245,-0.0009119892,4.0000000000,0.9922465961
24,8,False,inv1,loo,10576.0000000000,0.0657223772,0.0666343245,-0.0009119473,4.0000000000,0.9922465961
16,4,True,exp,loo,10576.0000000000,0.0657228840,0.0666343245,-0.0009114404,4.0000000000,0.9895990923
24,16,False,inv1,fixed020,10576.0000000000,0.0657276040,0.0666343245,-0.0009067205,4.0000000000,0.9932866868
16,4,True,inv1,loo,10576.0000000000,0.0657277590,0.0666343245,-0.0009065655,4.0000000000,0.9895990923
24,4,False,exp,loo,10576.0000000000,0.0657291500,0.0666343245,-0.0009051744,4.0000000000,0.9895990923
24,16,False,inv1,loo,10576.0000000000,0.0657299179,0.0666343245,-0.0009044066,4.0000000000,0.9932866868
24,4,False,exp,fixed020,10576.0000000000,0.0657303104,0.0666343245,-0.0009040141,4.0000000000,0.9895990923
24,32,False,exp,fixed020,10576.0000000000,0.0657341352,0.0666343245,-0.0009001892,4.0000000000,0.9948940998
16,16,True,exp,loo,10576.0000000000,0.0657346467,0.0666343245,-0.0008996777,4.0000000000,0.9932866868
16,16,True,inv1,loo,10576.0000000000,0.0657347617,0.0666343245,-0.0008995628,4.0000000000,0.9932866868
16,4,True,mean,loo,10576.0000000000,0.0657347692,0.0666343245,-0.0008995553,4.0000000000,0.9895990923
24,32,False,exp,loo,10576.0000000000,0.0657364609,0.0666343245,-0.0008978636,4.0000000000,0.9948940998
24,4,False,inv1,loo,10576.0000000000,0.0657414486,0.0666343245,-0.0008928758,4.0000000000,0.9895990923
16,4,False,median,loo,10576.0000000000,0.0657423082,0.0666343245,-0.0008920163,4.0000000000,0.9895990923
12,8,False,exp,loo,10576.0000000000,0.0657437517,0.0666343245,-0.0008905727,4.0000000000,0.9922465961
12,4,False,mean,loo,10576.0000000000,0.0657445108,0.0666343245,-0.0008898137,4.0000000000,0.9895990923
24,4,False,inv1,fixed020,10576.0000000000,0.0657475943,0.0666343245,-0.0008867301,4.0000000000,0.9895990923
12,8,False,inv1,loo,10576.0000000000,0.0657502634,0.0666343245,-0.0008840610,4.0000000000,0.9922465961
12,16,False,exp,loo,10576.0000000000,0.0657511065,0.0666343245,-0.0008832179,4.0000000000,0.9932866868
24,32,False,inv1,fixed020,10576.0000000000,0.0657554709,0.0666343245,-0.0008788535,4.0000000000,0.9948940998
12,4,False,exp,loo,10576.0000000000,0.0657562923,0.0666343245,-0.0008780322,4.0000000000,0.9895990923
12,16,False,inv1,loo,10576.0000000000,0.0657577634,0.0666343245,-0.0008765611,4.0000000000,0.9932866868
24,32,False,inv1,loo,10576.0000000000,0.0657585812,0.0666343245,-0.0008757433,4.0000000000,0.9948940998
12,32,False,exp,loo,10576.0000000000,0.0657590689,0.0666343245,-0.0008752556,4.0000000000,0.9948940998
24,8,False,mean,fixed020,10576.0000000000,0.0657606410,0.0666343245,-0.0008736834,4.0000000000,0.9922465961
16,4,False,median,fixed020,10576.0000000000,0.0657609121,0.0666343245,-0.0008734124,4.0000000000,0.9895990923
24,8,False,mean,loo,10576.0000000000,0.0657623291,0.0666343245,-0.0008719953,4.0000000000,0.9922465961
12,4,False,inv1,loo,10576.0000000000,0.0657648852,0.0666343245,-0.0008694393,4.0000000000,0.9895990923
12,32,False,inv1,loo,10576.0000000000,0.0657651102,0.0666343245,-0.0008692142,4.0000000000,0.9948940998
12,4,False,mean,fixed020,10576.0000000000,0.0657662058,0.0666343245,-0.0008681186,4.0000000000,0.9895990923
12,8,False,inv1,fixed020,10576.0000000000,0.0657698716,0.0666343245,-0.0008644529,4.0000000000,0.9922465961
12,4,False,inv1,fixed020,10576.0000000000,0.0657707109,0.0666343245,-0.0008636135,4.0000000000,0.9895990923
12,4,False,exp,fixed020,10576.0000000000,0.0657719927,0.0666343245,-0.0008623318,4.0000000000,0.9895990923
8,4,False,mean,loo,10576.0000000000,0.0657723110,0.0666343245,-0.0008620134,4.0000000000,0.9895990923
12,8,False,exp,fixed020,10576.0000000000,0.0657738537,0.0666343245,-0.0008604708,4.0000000000,0.9922465961
20,4,False,mean,fixed020,10576.0000000000,0.0657786106,0.0666343245,-0.0008557139,4.0000000000,0.9895990923
8,4,False,exp,loo,10576.0000000000,0.0657800128,0.0666343245,-0.0008543117,4.0000000000,0.9895990923
8,8,False,exp,loo,10576.0000000000,0.0657806460,0.0666343245,-0.0008536785,4.0000000000,0.9922465961
8,16,False,exp,loo,10576.0000000000,0.0657832698,0.0666343245,-0.0008510547,4.0000000000,0.9932866868
24,16,False,inv2,loo,10576.0000000000,0.0657841444,0.0666343245,-0.0008501801,4.0000000000,0.9932866868
8,16,False,inv1,loo,10576.0000000000,0.0657846265,0.0666343245,-0.0008496980,4.0000000000,0.9932866868
32,4,False,exp,loo,10576.0000000000,0.0657870337,0.0666343245,-0.0008472908,4.0000000000,0.9895990923
8,32,False,inv1,loo,10576.0000000000,0.0657875303,0.0666343245,-0.0008467942,4.0000000000,0.9948940998
12,16,False,inv1,fixed020,10576.0000000000,0.0657877507,0.0666343245,-0.0008465738,4.0000000000,0.9932866868
8,4,False,inv1,loo,10576.0000000000,0.0657877639,0.0666343245,-0.0008465606,4.0000000000,0.9895990923
12,16,False,exp,fixed020,10576.0000000000,0.0657878642,0.0666343245,-0.0008464603,4.0000000000,0.9932866868
8,8,False,inv1,loo,10576.0000000000,0.0657882941,0.0666343245,-0.0008460304,4.0000000000,0.9922465961
32,4,False,inv1,loo,10576.0000000000,0.0657900698,0.0666343245,-0.0008442547,4.0000000000,0.9895990923
16,8,True,inv2,loo,10576.0000000000,0.0657904494,0.0666343245,-0.0008438751,4.0000000000,0.9922465961
24,8,False,inv2,loo,10576.0000000000,0.0657920772,0.0666343245,-0.0008422473,4.0000000000,0.9922465961
8,32,False,exp,loo,10576.0000000000,0.0657941326,0.0666343245,-0.0008401919,4.0000000000,0.9948940998
12,32,False,exp,fixed020,10576.0000000000,0.0657943517,0.0666343245,-0.0008399727,4.0000000000,0.9948940998
16,16,True,inv2,loo,10576.0000000000,0.0657952443,0.0666343245,-0.0008390801,4.0000000000,0.9932866868
16,4,True,median,loo,10576.0000000000,0.0657968026,0.0666343245,-0.0008375218,4.0000000000,0.9895990923
16,32,True,inv1,loo,10576.0000000000,0.0657969718,0.0666343245,-0.0008373527,4.0000000000,0.9948940998
20,4,False,mean,loo,10576.0000000000,0.0657969920,0.0666343245,-0.0008373325,4.0000000000,0.9895990923
12,16,False,inv2,fixed020,10576.0000000000,0.0657975292,0.0666343245,-0.0008367953,4.0000000000,0.9932866868
16,32,True,exp,loo,10576.0000000000,0.0657979928,0.0666343245,-0.0008363316,4.0000000000,0.9948940998
24,32,False,inv2,loo,10576.0000000000,0.0658006206,0.0666343245,-0.0008337039,4.0000000000,0.9948940998
12,32,False,inv1,fixed020,10576.0000000000,0.0658012406,0.0666343245,-0.0008330839,4.0000000000,0.9948940998
16,8,True,mean,loo,10576.0000000000,0.0658015457,0.0666343245,-0.0008327788,4.0000000000,0.9922465961
20,4,False,exp,fixed020,10576.0000000000,0.0658020893,0.0666343245,-0.0008322351,4.0000000000,0.9895990923
16,4,True,inv2,loo,10576.0000000000,0.0658032551,0.0666343245,-0.0008310694,4.0000000000,0.9895990923
32,4,False,mean,loo,10576.0000000000,0.0658033298,0.0666343245,-0.0008309947,4.0000000000,0.9895990923
16,16,False,mean,loo,10576.0000000000,0.0658045302,0.0666343245,-0.0008297943,4.0000000000,0.9932866868
12,32,False,inv2,fixed020,10576.0000000000,0.0658049156,0.0666343245,-0.0008294088,4.0000000000,0.9948940998
12,8,False,inv2,fixed020,10576.0000000000,0.0658053247,0.0666343245,-0.0008289997,4.0000000000,0.9922465961
24,16,False,inv2,fixed020,10576.0000000000,0.0658060930,0.0666343245,-0.0008282315,4.0000000000,0.9932866868
12,16,False,inv2,loo,10576.0000000000,0.0658083512,0.0666343245,-0.0008259732,4.0000000000,0.9932866868
12,8,False,mean,loo,10576.0000000000,0.0658130404,0.0666343245,-0.0008212841,4.0000000000,0.9922465961
32,4,False,exp,fixed020,10576.0000000000,0.0658131139,0.0666343245,-0.0008212105,4.0000000000,0.9895990923
16,8,False,median,loo,10576.0000000000,0.0658148319,0.0666343245,-0.0008194925,4.0000000000,0.9922465961
24,4,False,inv2,loo,10576.0000000000,0.0658158633,0.0666343245,-0.0008184612,4.0000000000,0.9895990923
12,32,False,inv2,loo,10576.0000000000,0.0658164418,0.0666343245,-0.0008178827,4.0000000000,0.9948940998
12,8,False,inv2,loo,10576.0000000000,0.0658190079,0.0666343245,-0.0008153165,4.0000000000,0.9922465961
24,8,False,inv2,fixed020,10576.0000000000,0.0658190527,0.0666343245,-0.0008152717,4.0000000000,0.9922465961
32,8,False,inv1,loo,10576.0000000000,0.0658195953,0.0666343245,-0.0008147291,4.0000000000,0.9922465961
16,2,False,inv1,fixed020,10576.0000000000,0.0658212891,0.0666343245,-0.0008130354,4.0000000000,0.9712556732
20,4,False,exp,loo,10576.0000000000,0.0658229938,0.0666343245,-0.0008113307,4.0000000000,0.9895990923
20,4,False,inv1,fixed020,10576.0000000000,0.0658234315,0.0666343245,-0.0008108930,4.0000000000,0.9895990923
24,32,False,inv2,fixed020,10576.0000000000,0.0658241553,0.0666343245,-0.0008101692,4.0000000000,0.9948940998
12,4,False,inv2,fixed020,10576.0000000000,0.0658250629,0.0666343245,-0.0008092615,4.0000000000,0.9895990923
32,8,False,exp,loo,10576.0000000000,0.0658260066,0.0666343245,-0.0008083179,4.0000000000,0.9922465961
32,4,False,mean,fixed020,10576.0000000000,0.0658274103,0.0666343245,-0.0008069142,4.0000000000,0.9895990923
20,8,False,exp,fixed020,10576.0000000000,0.0658292167,0.0666343245,-0.0008051077,4.0000000000,0.9922465961
32,4,False,inv1,fixed020,10576.0000000000,0.0658294006,0.0666343245,-0.0008049238,4.0000000000,0.9895990923
16,16,False,mean,fixed020,10576.0000000000,0.0658304129,0.0666343245,-0.0008039116,4.0000000000,0.9932866868
16,2,False,inv2,fixed020,10576.0000000000,0.0658335590,0.0666343245,-0.0008007654,4.0000000000,0.9712556732
16,2,False,inv1,loo,10576.0000000000,0.0658336530,0.0666343245,-0.0008006714,4.0000000000,0.9712556732
8,16,False,inv2,loo,10576.0000000000,0.0658351133,0.0666343245,-0.0007992112,4.0000000000,0.9932866868
16,8,False,median,fixed020,10576.0000000000,0.0658353433,0.0666343245,-0.0007989812,4.0000000000,0.9922465961
16,2,False,exp,fixed020,10576.0000000000,0.0658357533,0.0666343245,-0.0007985712,4.0000000000,0.9712556732
8,4,False,inv1,fixed020,10576.0000000000,0.0658366902,0.0666343245,-0.0007976343,4.0000000000,0.9895990923
12,8,False,mean,fixed020,10576.0000000000,0.0658383391,0.0666343245,-0.0007959854,4.0000000000,0.9922465961
8,8,False,inv2,loo,10576.0000000000,0.0658396110,0.0666343245,-0.0007947134,4.0000000000,0.9922465961
8,4,False,mean,fixed020,10576.0000000000,0.0658408966,0.0666343245,-0.0007934279,4.0000000000,0.9895990923
8,4,False,exp,fixed020,10576.0000000000,0.0658409967,0.0666343245,-0.0007933278,4.0000000000,0.9895990923
20,8,False,inv1,fixed020,10576.0000000000,0.0658414580,0.0666343245,-0.0007928665,4.0000000000,0.9922465961
16,2,False,inv2,loo,10576.0000000000,0.0658420054,0.0666343245,-0.0007923191,4.0000000000,0.9712556732
12,4,False,inv2,loo,10576.0000000000,0.0658421075,0.0666343245,-0.0007922169,4.0000000000,0.9895990923
20,16,False,exp,fixed020,10576.0000000000,0.0658427507,0.0666343245,-0.0007915737,4.0000000000,0.9932866868
8,32,False,inv2,loo,10576.0000000000,0.0658438042,0.0666343245,-0.0007905203,4.0000000000,0.9948940998
32,4,False,inv2,loo,10576.0000000000,0.0658450549,0.0666343245,-0.0007892695,4.0000000000,0.9895990923
20,4,False,inv1,loo,10576.0000000000,0.0658454518,0.0666343245,-0.0007888726,4.0000000000,0.9895990923
32,16,False,exp,loo,10576.0000000000,0.0658458365,0.0666343245,-0.0007884879,4.0000000000,0.9932866868
32,8,False,exp,fixed020,10576.0000000000,0.0658460762,0.0666343245,-0.0007882482,4.0000000000,0.9922465961
16,32,True,inv2,loo,10576.0000000000,0.0658465156,0.0666343245,-0.0007878089,4.0000000000,0.9948940998
20,8,False,exp,loo,10576.0000000000,0.0658472709,0.0666343245,-0.0007870536,4.0000000000,0.9922465961
8,8,False,mean,loo,10576.0000000000,0.0658475716,0.0666343245,-0.0007867529,4.0000000000,0.9922465961
32,16,False,inv2,loo,10576.0000000000,0.0658481276,0.0666343245,-0.0007861968,4.0000000000,0.9932866868
32,8,False,inv1,fixed020,10576.0000000000,0.0658484122,0.0666343245,-0.0007859122,4.0000000000,0.9922465961
16,2,False,exp,loo,10576.0000000000,0.0658488713,0.0666343245,-0.0007854531,4.0000000000,0.9712556732
32,16,False,inv1,loo,10576.0000000000,0.0658488909,0.0666343245,-0.0007854336,4.0000000000,0.9932866868
8,4,False,inv2,loo,10576.0000000000,0.0658496808,0.0666343245,-0.0007846437,4.0000000000,0.9895990923
8,8,False,inv1,fixed020,10576.0000000000,0.0658500381,0.0666343245,-0.0007842864,4.0000000000,0.9922465961
32,8,False,inv2,loo,10576.0000000000,0.0658500714,0.0666343245,-0.0007842530,4.0000000000,0.9922465961
32,32,False,inv1,loo,10576.0000000000,0.0658528328,0.0666343245,-0.0007814916,4.0000000000,0.9948940998
16,32,False,mean,loo,10576.0000000000,0.0658529106,0.0666343245,-0.0007814139,4.0000000000,0.9948940998
20,16,False,inv1,fixed020,10576.0000000000,0.0658535894,0.0666343245,-0.0007807351,4.0000000000,0.9932866868
16,2,False,mean,fixed020,10576.0000000000,0.0658536295,0.0666343245,-0.0007806950,4.0000000000,0.9712556732
8,8,False,exp,fixed020,10576.0000000000,0.0658545298,0.0666343245,-0.0007797946,4.0000000000,0.9922465961
24,4,False,inv2,fixed020,10576.0000000000,0.0658546077,0.0666343245,-0.0007797168,4.0000000000,0.9895990923
20,4,False,median,fixed020,10576.0000000000,0.0658546796,0.0666343245,-0.0007796449,4.0000000000,0.9895990923
8,8,False,inv2,fixed020,10576.0000000000,0.0658592350,0.0666343245,-0.0007750894,4.0000000000,0.9922465961
8,16,False,inv2,fixed020,10576.0000000000,0.0658596451,0.0666343245,-0.0007746793,4.0000000000,0.9932866868
32,32,False,inv2,loo,10576.0000000000,0.0658600519,0.0666343245,-0.0007742726,4.0000000000,0.9948940998
20,16,False,exp,loo,10576.0000000000,0.0658612811,0.0666343245,-0.0007730434,4.0000000000,0.9932866868
32,16,False,exp,fixed020,10576.0000000000,0.0658615613,0.0666343245,-0.0007727632,4.0000000000,0.9932866868
20,8,False,inv1,loo,10576.0000000000,0.0658631283,0.0666343245,-0.0007711962,4.0000000000,0.9922465961
20,4,False,median,loo,10576.0000000000,0.0658631568,0.0666343245,-0.0007711676,4.0000000000,0.9895990923
8,4,False,inv2,fixed020,10576.0000000000,0.0658638836,0.0666343245,-0.0007704409,4.0000000000,0.9895990923
32,32,False,exp,loo,10576.0000000000,0.0658650478,0.0666343245,-0.0007692766,4.0000000000,0.9948940998
8,16,False,inv1,fixed020,10576.0000000000,0.0658662867,0.0666343245,-0.0007680378,4.0000000000,0.9932866868
16,2,False,mean,loo,10576.0000000000,0.0658666386,0.0666343245,-0.0007676858,4.0000000000,0.9712556732
8,32,False,inv2,fixed020,10576.0000000000,0.0658667870,0.0666343245,-0.0007675375,4.0000000000,0.9948940998
12,8,True,inv1,loo,10576.0000000000,0.0658677548,0.0666343245,-0.0007665697,4.0000000000,0.9922465961
32,32,False,inv1,fixed020,10576.0000000000,0.0658677856,0.0666343245,-0.0007665389,4.0000000000,0.9948940998
8,16,False,exp,fixed020,10576.0000000000,0.0658690896,0.0666343245,-0.0007652349,4.0000000000,0.9932866868
32,16,False,inv1,fixed020,10576.0000000000,0.0658691400,0.0666343245,-0.0007651844,4.0000000000,0.9932866868
16,16,True,mean,loo,10576.0000000000,0.0658705572,0.0666343245,-0.0007637672,4.0000000000,0.9932866868
24,16,False,mean,fixed020,10576.0000000000,0.0658746791,0.0666343245,-0.0007596453,4.0000000000,0.9932866868
12,4,True,inv1,loo,10576.0000000000,0.0658748419,0.0666343245,-0.0007594826,4.0000000000,0.9895990923
8,32,False,exp,fixed020,10576.0000000000,0.0658765988,0.0666343245,-0.0007577257,4.0000000000,0.9948940998
8,32,False,inv1,fixed020,10576.0000000000,0.0658768035,0.0666343245,-0.0007575210,4.0000000000,0.9948940998
20,16,False,inv1,loo,10576.0000000000,0.0658777096,0.0666343245,-0.0007566148,4.0000000000,0.9932866868
20,32,False,exp,fixed020,10576.0000000000,0.0658785474,0.0666343245,-0.0007557771,4.0000000000,0.9948940998
24,16,False,mean,loo,10576.0000000000,0.0658798549,0.0666343245,-0.0007544696,4.0000000000,0.9932866868
12,8,True,exp,loo,10576.0000000000,0.0658807125,0.0666343245,-0.0007536120,4.0000000000,0.9922465961
16,2,True,median,loo,10576.0000000000,0.0658809904,0.0666343245,-0.0007533340,4.0000000000,0.9712556732
16,32,False,mean,fixed020,10576.0000000000,0.0658822961,0.0666343245,-0.0007520284,4.0000000000,0.9948940998
32,32,False,exp,fixed020,10576.0000000000,0.0658828666,0.0666343245,-0.0007514579,4.0000000000,0.9948940998
16,4,True,inv1,fixed020,10576.0000000000,0.0658833101,0.0666343245,-0.0007510144,4.0000000000,0.9895990923
12,4,True,exp,loo,10576.0000000000,0.0658835137,0.0666343245,-0.0007508108,4.0000000000,0.9895990923
20,32,False,inv1,fixed020,10576.0000000000,0.0658843409,0.0666343245,-0.0007499836,4.0000000000,0.9948940998
16,2,True,inv1,loo,10576.0000000000,0.0658844468,0.0666343245,-0.0007498777,4.0000000000,0.9712556732
12,16,True,inv1,loo,10576.0000000000,0.0658862464,0.0666343245,-0.0007480780,4.0000000000,0.9932866868
16,4,True,exp,fixed020,10576.0000000000,0.0658913595,0.0666343245,-0.0007429650,4.0000000000,0.9895990923
16,2,True,exp,loo,10576.0000000000,0.0658918870,0.0666343245,-0.0007424374,4.0000000000,0.9712556732
12,4,True,mean,loo,10576.0000000000,0.0658948847,0.0666343245,-0.0007394397,4.0000000000,0.9895990923
12,16,True,exp,loo,10576.0000000000,0.0658957279,0.0666343245,-0.0007385966,4.0000000000,0.9932866868
16,2,False,median,fixed020,10576.0000000000,0.0658966647,0.0666343245,-0.0007376598,4.0000000000,0.9712556732
16,8,True,inv1,fixed020,10576.0000000000,0.0658970251,0.0666343245,-0.0007372994,4.0000000000,0.9922465961
32,2,False,inv1,loo,10576.0000000000,0.0658971743,0.0666343245,-0.0007371501,4.0000000000,0.9712556732
20,8,False,mean,fixed020,10576.0000000000,0.0658987466,0.0666343245,-0.0007355778,4.0000000000,0.9922465961
16,8,True,inv2,fixed020,10576.0000000000,0.0658998695,0.0666343245,-0.0007344550,4.0000000000,0.9922465961
20,32,False,exp,loo,10576.0000000000,0.0659002401,0.0666343245,-0.0007340843,4.0000000000,0.9948940998
16,4,True,mean,fixed020,10576.0000000000,0.0659003149,0.0666343245,-0.0007340095,4.0000000000,0.9895990923
16,4,True,inv2,fixed020,10576.0000000000,0.0659006396,0.0666343245,-0.0007336848,4.0000000000,0.9895990923
32,2,False,exp,loo,10576.0000000000,0.0659008180,0.0666343245,-0.0007335065,4.0000000000,0.9712556732
16,8,True,median,loo,10576.0000000000,0.0659035317,0.0666343245,-0.0007307928,4.0000000000,0.9922465961
24,4,False,median,loo,10576.0000000000,0.0659048312,0.0666343245,-0.0007294932,4.0000000000,0.9895990923
16,2,True,inv2,loo,10576.0000000000,0.0659060987,0.0666343245,-0.0007282258,4.0000000000,0.9712556732
20,8,False,mean,loo,10576.0000000000,0.0659062886,0.0666343245,-0.0007280358,4.0000000000,0.9922465961
16,2,True,mean,loo,10576.0000000000,0.0659064740,0.0666343245,-0.0007278504,4.0000000000,0.9712556732
16,8,True,exp,fixed020,10576.0000000000,0.0659070781,0.0666343245,-0.0007272464,4.0000000000,0.9922465961
16,16,True,inv2,fixed020,10576.0000000000,0.0659087384,0.0666343245,-0.0007255861,4.0000000000,0.9932866868
12,8,True,inv2,loo,10576.0000000000,0.0659087498,0.0666343245,-0.0007255746,4.0000000000,0.9922465961
12,16,True,inv2,loo,10576.0000000000,0.0659098992,0.0666343245,-0.0007244253,4.0000000000,0.9932866868
20,32,False,inv1,loo,10576.0000000000,0.0659104958,0.0666343245,-0.0007238287,4.0000000000,0.9948940998
8,8,False,mean,fixed020,10576.0000000000,0.0659107810,0.0666343245,-0.0007235434,4.0000000000,0.9922465961
8,16,False,mean,loo,10576.0000000000,0.0659112402,0.0666343245,-0.0007230843,4.0000000000,0.9932866868
16,2,False,median,loo,10576.0000000000,0.0659115945,0.0666343245,-0.0007227300,4.0000000000,0.9712556732
32,2,False,mean,loo,10576.0000000000,0.0659117674,0.0666343245,-0.0007225570,4.0000000000,0.9712556732
24,4,False,median,fixed020,10576.0000000000,0.0659160591,0.0666343245,-0.0007182654,4.0000000000,0.9895990923
20,16,False,inv2,fixed020,10576.0000000000,0.0659168648,0.0666343245,-0.0007174597,4.0000000000,0.9932866868
32,2,False,inv2,loo,10576.0000000000,0.0659193179,0.0666343245,-0.0007150066,4.0000000000,0.9712556732
32,8,False,mean,loo,10576.0000000000,0.0659206171,0.0666343245,-0.0007137073,4.0000000000,0.9922465961
32,4,False,median,loo,10576.0000000000,0.0659215145,0.0666343245,-0.0007128100,4.0000000000,0.9895990923
20,16,False,inv2,loo,10576.0000000000,0.0659241420,0.0666343245,-0.0007101825,4.0000000000,0.9932866868
20,8,False,inv2,fixed020,10576.0000000000,0.0659270586,0.0666343245,-0.0007072658,4.0000000000,0.9922465961
20,4,False,inv2,loo,10576.0000000000,0.0659287514,0.0666343245,-0.0007055730,4.0000000000,0.9895990923
12,4,True,inv2,loo,10576.0000000000,0.0659287841,0.0666343245,-0.0007055404,4.0000000000,0.9895990923
20,8,False,inv2,loo,10576.0000000000,0.0659299854,0.0666343245,-0.0007043390,4.0000000000,0.9922465961
16,16,True,inv1,fixed020,10576.0000000000,0.0659307228,0.0666343245,-0.0007036016,4.0000000000,0.9932866868
32,16,False,inv2,fixed020,10576.0000000000,0.0659316669,0.0666343245,-0.0007026576,4.0000000000,0.9932866868
20,4,False,inv2,fixed020,10576.0000000000,0.0659316836,0.0666343245,-0.0007026408,4.0000000000,0.9895990923
16,16,False,median,loo,10576.0000000000,0.0659326210,0.0666343245,-0.0007017035,4.0000000000,0.9932866868
16,16,True,exp,fixed020,10576.0000000000,0.0659328232,0.0666343245,-0.0007015013,4.0000000000,0.9932866868
12,16,False,mean,loo,10576.0000000000,0.0659348857,0.0666343245,-0.0006994388,4.0000000000,0.9932866868
16,32,True,inv2,fixed020,10576.0000000000,0.0659404428,0.0666343245,-0.0006938816,4.0000000000,0.9948940998
32,8,False,inv2,fixed020,10576.0000000000,0.0659417725,0.0666343245,-0.0006925519,4.0000000000,0.9922465961
12,32,True,inv1,loo,10576.0000000000,0.0659432545,0.0666343245,-0.0006910700,4.0000000000,0.9948940998
32,2,False,median,loo,10576.0000000000,0.0659442628,0.0666343245,-0.0006900617,4.0000000000,0.9712556732
12,32,True,exp,loo,10576.0000000000,0.0659449617,0.0666343245,-0.0006893628,4.0000000000,0.9948940998
32,32,False,inv2,fixed020,10576.0000000000,0.0659454471,0.0666343245,-0.0006888774,4.0000000000,0.9948940998
12,16,False,mean,fixed020,10576.0000000000,0.0659465528,0.0666343245,-0.0006877717,4.0000000000,0.9932866868
16,2,True,inv1,fixed020,10576.0000000000,0.0659469109,0.0666343245,-0.0006874135,4.0000000000,0.9712556732
16,2,True,median,fixed020,10576.0000000000,0.0659487200,0.0666343245,-0.0006856045,4.0000000000,0.9712556732
32,4,False,inv2,fixed020,10576.0000000000,0.0659488759,0.0666343245,-0.0006854485,4.0000000000,0.9895990923
20,32,False,inv2,fixed020,10576.0000000000,0.0659508080,0.0666343245,-0.0006835165,4.0000000000,0.9948940998
12,32,True,inv2,loo,10576.0000000000,0.0659523794,0.0666343245,-0.0006819450,4.0000000000,0.9948940998
32,8,False,mean,fixed020,10576.0000000000,0.0659528261,0.0666343245,-0.0006814983,4.0000000000,0.9922465961
16,2,True,exp,fixed020,10576.0000000000,0.0659539292,0.0666343245,-0.0006803952,4.0000000000,0.9712556732
12,4,False,median,loo,10576.0000000000,0.0659539523,0.0666343245,-0.0006803722,4.0000000000,0.9895990923
16,2,True,inv2,fixed020,10576.0000000000,0.0659541015,0.0666343245,-0.0006802230,4.0000000000,0.9712556732
12,4,False,median,fixed020,10576.0000000000,0.0659543603,0.0666343245,-0.0006799642,4.0000000000,0.9895990923
16,8,True,mean,fixed020,10576.0000000000,0.0659551761,0.0666343245,-0.0006791483,4.0000000000,0.9922465961
20,32,False,inv2,loo,10576.0000000000,0.0659570356,0.0666343245,-0.0006772888,4.0000000000,0.9948940998
32,4,True,inv1,loo,10576.0000000000,0.0659604448,0.0666343245,-0.0006738797,4.0000000000,0.9895990923
32,4,False,median,fixed020,10576.0000000000,0.0659624803,0.0666343245,-0.0006718442,4.0000000000,0.9895990923
16,16,False,median,fixed020,10576.0000000000,0.0659627954,0.0666343245,-0.0006715290,4.0000000000,0.9932866868
16,2,True,mean,fixed020,10576.0000000000,0.0659631763,0.0666343245,-0.0006711481,4.0000000000,0.9712556732
32,4,True,inv1,fixed020,10576.0000000000,0.0659645789,0.0666343245,-0.0006697456,4.0000000000,0.9895990923
24,8,True,exp,loo,10576.0000000000,0.0659646754,0.0666343245,-0.0006696490,4.0000000000,0.9922465961
16,32,True,exp,fixed020,10576.0000000000,0.0659647582,0.0666343245,-0.0006695663,4.0000000000,0.9948940998
24,8,True,inv1,loo,10576.0000000000,0.0659665670,0.0666343245,-0.0006677575,4.0000000000,0.9922465961
12,8,True,mean,loo,10576.0000000000,0.0659667512,0.0666343245,-0.0006675733,4.0000000000,0.9922465961
32,4,True,exp,loo,10576.0000000000,0.0659668533,0.0666343245,-0.0006674712,4.0000000000,0.9895990923
24,8,False,median,loo,10576.0000000000,0.0659674964,0.0666343245,-0.0006668281,4.0000000000,0.9922465961
32,4,True,exp,fixed020,10576.0000000000,0.0659679313,0.0666343245,-0.0006663932,4.0000000000,0.9895990923
8,32,False,mean,loo,10576.0000000000,0.0659684300,0.0666343245,-0.0006658944,4.0000000000,0.9948940998
8,2,False,inv2,fixed020,10576.0000000000,0.0659687256,0.0666343245,-0.0006655989,4.0000000000,0.9712556732
24,8,True,inv1,fixed020,10576.0000000000,0.0659707148,0.0666343245,-0.0006636097,4.0000000000,0.9922465961
16,32,True,inv1,fixed020,10576.0000000000,0.0659711882,0.0666343245,-0.0006631363,4.0000000000,0.9948940998
24,8,True,exp,fixed020,10576.0000000000,0.0659719395,0.0666343245,-0.0006623849,4.0000000000,0.9922465961
24,8,False,median,fixed020,10576.0000000000,0.0659727833,0.0666343245,-0.0006615412,4.0000000000,0.9922465961
32,8,True,inv1,loo,10576.0000000000,0.0659752452,0.0666343245,-0.0006590793,4.0000000000,0.9922465961
32,8,True,inv1,fixed020,10576.0000000000,0.0659770507,0.0666343245,-0.0006572737,4.0000000000,0.9922465961
24,16,True,exp,loo,10576.0000000000,0.0659777564,0.0666343245,-0.0006565681,4.0000000000,0.9932866868
24,16,True,inv1,loo,10576.0000000000,0.0659778472,0.0666343245,-0.0006564772,4.0000000000,0.9932866868
16,4,True,median,fixed020,10576.0000000000,0.0659781270,0.0666343245,-0.0006561975,4.0000000000,0.9895990923
8,2,False,inv2,loo,10576.0000000000,0.0659784720,0.0666343245,-0.0006558524,4.0000000000,0.9712556732
8,2,False,inv1,fixed020,10576.0000000000,0.0659798242,0.0666343245,-0.0006545003,4.0000000000,0.9712556732
8,16,False,mean,fixed020,10576.0000000000,0.0659805988,0.0666343245,-0.0006537256,4.0000000000,0.9932866868
8,4,False,median,loo,10576.0000000000,0.0659839349,0.0666343245,-0.0006503896,4.0000000000,0.9895990923
24,32,False,mean,fixed020,10576.0000000000,0.0659845908,0.0666343245,-0.0006497336,4.0000000000,0.9948940998
16,16,True,median,loo,10576.0000000000,0.0659848112,0.0666343245,-0.0006495133,4.0000000000,0.9932866868
24,4,True,mean,fixed020,10576.0000000000,0.0659851078,0.0666343245,-0.0006492167,4.0000000000,0.9895990923
24,4,True,exp,fixed020,10576.0000000000,0.0659859417,0.0666343245,-0.0006483827,4.0000000000,0.9895990923
24,4,True,inv1,fixed020,10576.0000000000,0.0659868054,0.0666343245,-0.0006475190,4.0000000000,0.9895990923
24,4,True,mean,loo,10576.0000000000,0.0659869167,0.0666343245,-0.0006474077,4.0000000000,0.9895990923
24,4,True,exp,loo,10576.0000000000,0.0659870584,0.0666343245,-0.0006472661,4.0000000000,0.9895990923
24,16,True,inv1,fixed020,10576.0000000000,0.0659871720,0.0666343245,-0.0006471524,4.0000000000,0.9932866868
24,16,True,exp,fixed020,10576.0000000000,0.0659874393,0.0666343245,-0.0006468852,4.0000000000,0.9932866868
8,2,False,inv1,loo,10576.0000000000,0.0659879529,0.0666343245,-0.0006463715,4.0000000000,0.9712556732
24,4,True,inv1,loo,10576.0000000000,0.0659891882,0.0666343245,-0.0006451363,4.0000000000,0.9895990923
24,32,False,mean,loo,10576.0000000000,0.0659913697,0.0666343245,-0.0006429547,4.0000000000,0.9948940998
32,8,True,exp,loo,10576.0000000000,0.0659917306,0.0666343245,-0.0006425939,4.0000000000,0.9922465961
32,8,True,exp,fixed020,10576.0000000000,0.0659919738,0.0666343245,-0.0006423507,4.0000000000,0.9922465961
32,8,True,inv2,loo,10576.0000000000,0.0659922334,0.0666343245,-0.0006420910,4.0000000000,0.9922465961
12,32,False,mean,loo,10576.0000000000,0.0659926632,0.0666343245,-0.0006416613,4.0000000000,0.9948940998
8,8,True,exp,loo,10576.0000000000,0.0659939877,0.0666343245,-0.0006403368,4.0000000000,0.9922465961
32,4,True,mean,loo,10576.0000000000,0.0659941113,0.0666343245,-0.0006402132,4.0000000000,0.9895990923
24,2,False,inv2,loo,10576.0000000000,0.0659943253,0.0666343245,-0.0006399991,4.0000000000,0.9712556732
20,4,True,exp,loo,10576.0000000000,0.0659955752,0.0666343245,-0.0006387492,4.0000000000,0.9895990923
32,4,True,mean,fixed020,10576.0000000000,0.0659957570,0.0666343245,-0.0006385675,4.0000000000,0.9895990923
20,8,True,exp,loo,10576.0000000000,0.0659966312,0.0666343245,-0.0006376932,4.0000000000,0.9922465961
32,4,True,inv2,loo,10576.0000000000,0.0659972764,0.0666343245,-0.0006370481,4.0000000000,0.9895990923
32,16,True,inv2,loo,10576.0000000000,0.0659976985,0.0666343245,-0.0006366259,4.0000000000,0.9932866868
20,8,True,inv1,loo,10576.0000000000,0.0659995945,0.0666343245,-0.0006347299,4.0000000000,0.9922465961
16,32,False,median,loo,10576.0000000000,0.0660005285,0.0666343245,-0.0006337960,4.0000000000,0.9948940998
8,16,True,exp,loo,10576.0000000000,0.0660008707,0.0666343245,-0.0006334538,4.0000000000,0.9932866868
12,32,False,mean,fixed020,10576.0000000000,0.0660012412,0.0666343245,-0.0006330832,4.0000000000,0.9948940998
20,16,True,exp,loo,10576.0000000000,0.0660021966,0.0666343245,-0.0006321279,4.0000000000,0.9932866868
20,16,False,mean,fixed020,10576.0000000000,0.0660022067,0.0666343245,-0.0006321178,4.0000000000,0.9932866868
8,2,False,exp,fixed020,10576.0000000000,0.0660022188,0.0666343245,-0.0006321057,4.0000000000,0.9712556732
12,8,False,median,loo,10576.0000000000,0.0660023842,0.0666343245,-0.0006319402,4.0000000000,0.9922465961
24,2,False,inv1,loo,10576.0000000000,0.0660025474,0.0666343245,-0.0006317771,4.0000000000,0.9712556732
8,8,True,inv1,loo,10576.0000000000,0.0660028136,0.0666343245,-0.0006315109,4.0000000000,0.9922465961
20,4,True,inv1,loo,10576.0000000000,0.0660029689,0.0666343245,-0.0006313555,4.0000000000,0.9895990923
8,16,True,inv1,loo,10576.0000000000,0.0660034685,0.0666343245,-0.0006308559,4.0000000000,0.9932866868
20,16,True,inv1,loo,10576.0000000000,0.0660045151,0.0666343245,-0.0006298094,4.0000000000,0.9932866868
24,16,False,median,fixed020,10576.0000000000,0.0660047223,0.0666343245,-0.0006296021,4.0000000000,0.9932866868
12,2,False,inv2,fixed020,10576.0000000000,0.0660049309,0.0666343245,-0.0006293936,4.0000000000,0.9712556732
16,32,True,mean,loo,10576.0000000000,0.0660051003,0.0666343245,-0.0006292242,4.0000000000,0.9948940998
12,2,False,inv1,fixed020,10576.0000000000,0.0660066473,0.0666343245,-0.0006276772,4.0000000000,0.9712556732
32,16,True,inv1,loo,10576.0000000000,0.0660083521,0.0666343245,-0.0006259723,4.0000000000,0.9932866868
8,4,True,exp,loo,10576.0000000000,0.0660083721,0.0666343245,-0.0006259524,4.0000000000,0.9895990923
8,32,True,inv1,loo,10576.0000000000,0.0660084176,0.0666343245,-0.0006259068,4.0000000000,0.9948940998
24,16,False,median,loo,10576.0000000000,0.0660084229,0.0666343245,-0.0006259015,4.0000000000,0.9932866868
12,8,False,median,fixed020,10576.0000000000,0.0660088250,0.0666343245,-0.0006254995,4.0000000000,0.9922465961
32,16,True,inv1,fixed020,10576.0000000000,0.0660088440,0.0666343245,-0.0006254805,4.0000000000,0.9932866868
8,4,True,mean,loo,10576.0000000000,0.0660090215,0.0666343245,-0.0006253030,4.0000000000,0.9895990923
20,4,True,mean,loo,10576.0000000000,0.0660107741,0.0666343245,-0.0006235504,4.0000000000,0.9895990923
20,16,False,mean,loo,10576.0000000000,0.0660107992,0.0666343245,-0.0006235253,4.0000000000,0.9932866868
8,32,True,exp,loo,10576.0000000000,0.0660115591,0.0666343245,-0.0006227653,4.0000000000,0.9948940998
8,2,False,exp,loo,10576.0000000000,0.0660118020,0.0666343245,-0.0006225224,4.0000000000,0.9712556732
24,8,True,inv2,fixed020,10576.0000000000,0.0660119588,0.0666343245,-0.0006223657,4.0000000000,0.9922465961
32,16,True,exp,fixed020,10576.0000000000,0.0660126591,0.0666343245,-0.0006216654,4.0000000000,0.9932866868
8,4,False,median,fixed020,10576.0000000000,0.0660127346,0.0666343245,-0.0006215898,4.0000000000,0.9895990923
32,16,True,exp,loo,10576.0000000000,0.0660129985,0.0666343245,-0.0006213259,4.0000000000,0.9932866868
8,4,True,inv1,loo,10576.0000000000,0.0660143984,0.0666343245,-0.0006199261,4.0000000000,0.9895990923
32,2,True,exp,loo,10576.0000000000,0.0660146425,0.0666343245,-0.0006196820,4.0000000000,0.9712556732
32,8,True,inv2,fixed020,10576.0000000000,0.0660150968,0.0666343245,-0.0006192277,4.0000000000,0.9922465961
24,16,True,inv2,fixed020,10576.0000000000,0.0660158434,0.0666343245,-0.0006184810,4.0000000000,0.9932866868
32,2,True,inv1,loo,10576.0000000000,0.0660159106,0.0666343245,-0.0006184139,4.0000000000,0.9712556732
24,8,True,inv2,loo,10576.0000000000,0.0660162368,0.0666343245,-0.0006180877,4.0000000000,0.9922465961
12,16,True,mean,loo,10576.0000000000,0.0660164986,0.0666343245,-0.0006178259,4.0000000000,0.9932866868
12,2,False,inv2,loo,10576.0000000000,0.0660171834,0.0666343245,-0.0006171411,4.0000000000,0.9712556732
20,4,True,inv1,fixed020,10576.0000000000,0.0660179624,0.0666343245,-0.0006163621,4.0000000000,0.9895990923
24,8,True,mean,loo,10576.0000000000,0.0660183481,0.0666343245,-0.0006159764,4.0000000000,0.9922465961
20,4,True,exp,fixed020,10576.0000000000,0.0660185316,0.0666343245,-0.0006157929,4.0000000000,0.9895990923
24,8,True,mean,fixed020,10576.0000000000,0.0660186178,0.0666343245,-0.0006157067,4.0000000000,0.9922465961
32,16,True,inv2,fixed020,10576.0000000000,0.0660187903,0.0666343245,-0.0006155342,4.0000000000,0.9932866868
12,2,False,inv1,loo,10576.0000000000,0.0660194060,0.0666343245,-0.0006149185,4.0000000000,0.9712556732
24,16,True,inv2,loo,10576.0000000000,0.0660198733,0.0666343245,-0.0006144512,4.0000000000,0.9932866868
8,16,True,mean,loo,10576.0000000000,0.0660203682,0.0666343245,-0.0006139562,4.0000000000,0.9932866868
8,2,False,mean,fixed020,10576.0000000000,0.0660210634,0.0666343245,-0.0006132611,4.0000000000,0.9712556732
32,2,True,mean,loo,10576.0000000000,0.0660214614,0.0666343245,-0.0006128631,4.0000000000,0.9712556732
20,8,True,inv1,fixed020,10576.0000000000,0.0660233643,0.0666343245,-0.0006109601,4.0000000000,0.9922465961
24,2,False,exp,loo,10576.0000000000,0.0660242084,0.0666343245,-0.0006101161,4.0000000000,0.9712556732
24,32,True,exp,loo,10576.0000000000,0.0660246778,0.0666343245,-0.0006096467,4.0000000000,0.9948940998
8,4,True,median,loo,10576.0000000000,0.0660251658,0.0666343245,-0.0006091586,4.0000000000,0.9895990923
24,32,True,exp,fixed020,10576.0000000000,0.0660254461,0.0666343245,-0.0006088783,4.0000000000,0.9948940998
32,4,True,inv2,fixed020,10576.0000000000,0.0660262697,0.0666343245,-0.0006080548,4.0000000000,0.9895990923
32,32,True,inv2,loo,10576.0000000000,0.0660273501,0.0666343245,-0.0006069744,4.0000000000,0.9948940998
12,2,False,exp,fixed020,10576.0000000000,0.0660276600,0.0666343245,-0.0006066645,4.0000000000,0.9712556732
20,8,True,exp,fixed020,10576.0000000000,0.0660279314,0.0666343245,-0.0006063931,4.0000000000,0.9922465961
8,8,False,median,loo,10576.0000000000,0.0660290681,0.0666343245,-0.0006052564,4.0000000000,0.9922465961
24,32,True,inv1,loo,10576.0000000000,0.0660294417,0.0666343245,-0.0006048828,4.0000000000,0.9948940998
8,8,True,mean,loo,10576.0000000000,0.0660296327,0.0666343245,-0.0006046918,4.0000000000,0.9922465961
20,8,False,median,loo,10576.0000000000,0.0660311142,0.0666343245,-0.0006032103,4.0000000000,0.9922465961
24,32,True,inv1,fixed020,10576.0000000000,0.0660315114,0.0666343245,-0.0006028131,4.0000000000,0.9948940998
20,8,False,median,fixed020,10576.0000000000,0.0660315643,0.0666343245,-0.0006027602,4.0000000000,0.9922465961
20,4,True,mean,fixed020,10576.0000000000,0.0660319328,0.0666343245,-0.0006023916,4.0000000000,0.9895990923
8,2,False,mean,loo,10576.0000000000,0.0660323081,0.0666343245,-0.0006020164,4.0000000000,0.9712556732
16,32,False,median,fixed020,10576.0000000000,0.0660324401,0.0666343245,-0.0006018844,4.0000000000,0.9948940998
8,32,False,mean,fixed020,10576.0000000000,0.0660338789,0.0666343245,-0.0006004456,4.0000000000,0.9948940998
16,16,True,mean,fixed020,10576.0000000000,0.0660341567,0.0666343245,-0.0006001678,4.0000000000,0.9932866868
32,2,False,exp,fixed020,10576.0000000000,0.0660341848,0.0666343245,-0.0006001397,4.0000000000,0.9712556732
24,4,True,inv2,fixed020,10576.0000000000,0.0660355002,0.0666343245,-0.0005988243,4.0000000000,0.9895990923
20,16,True,inv1,fixed020,10576.0000000000,0.0660362293,0.0666343245,-0.0005980952,4.0000000000,0.9932866868
32,32,True,inv1,loo,10576.0000000000,0.0660368904,0.0666343245,-0.0005974341,4.0000000000,0.9948940998
32,32,True,inv1,fixed020,10576.0000000000,0.0660375078,0.0666343245,-0.0005968166,4.0000000000,0.9948940998
12,2,False,exp,loo,10576.0000000000,0.0660379487,0.0666343245,-0.0005963758,4.0000000000,0.9712556732
20,16,True,exp,fixed020,10576.0000000000,0.0660386931,0.0666343245,-0.0005956314,4.0000000000,0.9932866868
24,4,True,inv2,loo,10576.0000000000,0.0660387788,0.0666343245,-0.0005955457,4.0000000000,0.9895990923
12,4,True,inv1,fixed020,10576.0000000000,0.0660390463,0.0666343245,-0.0005952782,4.0000000000,0.9895990923
32,2,True,inv2,loo,10576.0000000000,0.0660396227,0.0666343245,-0.0005947018,4.0000000000,0.9712556732
12,8,True,inv2,fixed020,10576.0000000000,0.0660401011,0.0666343245,-0.0005942233,4.0000000000,0.9922465961
32,2,False,inv1,fixed020,10576.0000000000,0.0660427314,0.0666343245,-0.0005915931,4.0000000000,0.9712556732
24,2,False,mean,loo,10576.0000000000,0.0660430713,0.0666343245,-0.0005912532,4.0000000000,0.9712556732
12,4,True,inv2,fixed020,10576.0000000000,0.0660436946,0.0666343245,-0.0005906299,4.0000000000,0.9895990923
32,8,False,median,loo,10576.0000000000,0.0660449316,0.0666343245,-0.0005893929,4.0000000000,0.9922465961
12,16,True,inv2,fixed020,10576.0000000000,0.0660459241,0.0666343245,-0.0005884003,4.0000000000,0.9932866868
32,2,False,mean,fixed020,10576.0000000000,0.0660463136,0.0666343245,-0.0005880108,4.0000000000,0.9712556732
20,2,True,median,loo,10576.0000000000,0.0660470697,0.0666343245,-0.0005872547,4.0000000000,0.9712556732
12,4,True,median,loo,10576.0000000000,0.0660471829,0.0666343245,-0.0005871416,4.0000000000,0.9895990923
12,2,False,mean,fixed020,10576.0000000000,0.0660478767,0.0666343245,-0.0005864478,4.0000000000,0.9712556732
20,2,True,median,fixed020,10576.0000000000,0.0660485029,0.0666343245,-0.0005858215,4.0000000000,0.9712556732
8,8,True,inv2,loo,10576.0000000000,0.0660491361,0.0666343245,-0.0005851883,4.0000000000,0.9922465961
20,2,False,inv1,loo,10576.0000000000,0.0660504610,0.0666343245,-0.0005838635,4.0000000000,0.9712556732
60,4,False,mean,loo,10576.0000000000,0.0660505077,0.0666343245,-0.0005838168,4.0000000000,0.9895990923
32,32,True,exp,loo,10576.0000000000,0.0660513615,0.0666343245,-0.0005829629,4.0000000000,0.9948940998
12,4,True,exp,fixed020,10576.0000000000,0.0660514007,0.0666343245,-0.0005829238,4.0000000000,0.9895990923
32,2,True,exp,fixed020,10576.0000000000,0.0660514966,0.0666343245,-0.0005828278,4.0000000000,0.9712556732
12,8,True,inv1,fixed020,10576.0000000000,0.0660525674,0.0666343245,-0.0005817571,4.0000000000,0.9922465961
32,32,True,exp,fixed020,10576.0000000000,0.0660526315,0.0666343245,-0.0005816930,4.0000000000,0.9948940998
8,16,True,inv2,loo,10576.0000000000,0.0660528670,0.0666343245,-0.0005814574,4.0000000000,0.9932866868
32,32,True,inv2,fixed020,10576.0000000000,0.0660530840,0.0666343245,-0.0005812404,4.0000000000,0.9948940998
24,32,True,inv2,fixed020,10576.0000000000,0.0660531480,0.0666343245,-0.0005811765,4.0000000000,0.9948940998
20,2,False,inv2,loo,10576.0000000000,0.0660534478,0.0666343245,-0.0005808767,4.0000000000,0.9712556732
20,8,True,inv2,fixed020,10576.0000000000,0.0660544360,0.0666343245,-0.0005798884,4.0000000000,0.9922465961
60,4,False,exp,loo,10576.0000000000,0.0660553124,0.0666343245,-0.0005790121,4.0000000000,0.9895990923
20,16,True,inv2,fixed020,10576.0000000000,0.0660553751,0.0666343245,-0.0005789494,4.0000000000,0.9932866868
12,2,False,mean,loo,10576.0000000000,0.0660554689,0.0666343245,-0.0005788556,4.0000000000,0.9712556732
20,16,True,inv2,loo,10576.0000000000,0.0660555532,0.0666343245,-0.0005787713,4.0000000000,0.9932866868
20,8,True,inv2,loo,10576.0000000000,0.0660556442,0.0666343245,-0.0005786803,4.0000000000,0.9922465961
8,32,True,mean,loo,10576.0000000000,0.0660562786,0.0666343245,-0.0005780459,4.0000000000,0.9948940998
8,2,False,median,fixed020,10576.0000000000,0.0660567872,0.0666343245,-0.0005775372,4.0000000000,0.9712556732
24,32,True,inv2,loo,10576.0000000000,0.0660577480,0.0666343245,-0.0005765765,4.0000000000,0.9948940998
20,4,True,inv2,fixed020,10576.0000000000,0.0660578225,0.0666343245,-0.0005765019,4.0000000000,0.9895990923
12,4,True,mean,fixed020,10576.0000000000,0.0660578511,0.0666343245,-0.0005764734,4.0000000000,0.9895990923
45,4,False,inv1,loo,10576.0000000000,0.0660578651,0.0666343245,-0.0005764593,4.0000000000,0.9895990923
16,8,True,median,fixed020,10576.0000000000,0.0660580724,0.0666343245,-0.0005762521,4.0000000000,0.9922465961
32,2,True,mean,fixed020,10576.0000000000,0.0660582239,0.0666343245,-0.0005761005,4.0000000000,0.9712556732
45,4,False,mean,loo,10576.0000000000,0.0660585839,0.0666343245,-0.0005757405,4.0000000000,0.9895990923
32,2,True,inv1,fixed020,10576.0000000000,0.0660596229,0.0666343245,-0.0005747015,4.0000000000,0.9712556732
45,4,False,exp,loo,10576.0000000000,0.0660596297,0.0666343245,-0.0005746948,4.0000000000,0.9895990923
60,4,False,inv1,loo,10576.0000000000,0.0660597065,0.0666343245,-0.0005746180,4.0000000000,0.9895990923
20,4,True,inv2,loo,10576.0000000000,0.0660607996,0.0666343245,-0.0005735249,4.0000000000,0.9895990923
32,16,False,mean,loo,10576.0000000000,0.0660620073,0.0666343245,-0.0005723172,4.0000000000,0.9932866868
20,8,True,mean,loo,10576.0000000000,0.0660622638,0.0666343245,-0.0005720606,4.0000000000,0.9922465961
8,8,False,median,fixed020,10576.0000000000,0.0660629241,0.0666343245,-0.0005714004,4.0000000000,0.9922465961
8,32,True,inv2,loo,10576.0000000000,0.0660645389,0.0666343245,-0.0005697856,4.0000000000,0.9948940998
20,2,False,exp,loo,10576.0000000000,0.0660647892,0.0666343245,-0.0005695353,4.0000000000,0.9712556732
8,4,True,inv2,loo,10576.0000000000,0.0660654376,0.0666343245,-0.0005688869,4.0000000000,0.9895990923
12,8,True,exp,fixed020,10576.0000000000,0.0660658406,0.0666343245,-0.0005684839,4.0000000000,0.9922465961
8,2,False,median,loo,10576.0000000000,0.0660675290,0.0666343245,-0.0005667954,4.0000000000,0.9712556732
24,2,False,median,loo,10576.0000000000,0.0660686489,0.0666343245,-0.0005656756,4.0000000000,0.9712556732
12,32,True,inv2,fixed020,10576.0000000000,0.0660695487,0.0666343245,-0.0005647758,4.0000000000,0.9948940998
20,2,True,exp,fixed020,10576.0000000000,0.0660736618,0.0666343245,-0.0005606626,4.0000000000,0.9712556732
20,2,True,exp,loo,10576.0000000000,0.0660740631,0.0666343245,-0.0005602614,4.0000000000,0.9712556732
24,16,True,mean,loo,10576.0000000000,0.0660742616,0.0666343245,-0.0005600629,4.0000000000,0.9932866868
24,16,True,mean,fixed020,10576.0000000000,0.0660746979,0.0666343245,-0.0005596265,4.0000000000,0.9932866868
20,4,True,median,loo,10576.0000000000,0.0660749383,0.0666343245,-0.0005593861,4.0000000000,0.9895990923
12,2,True,inv2,loo,10576.0000000000,0.0660768287,0.0666343245,-0.0005574958,4.0000000000,0.9712556732
20,2,True,inv1,fixed020,10576.0000000000,0.0660776115,0.0666343245,-0.0005567130,4.0000000000,0.9712556732
12,16,True,inv1,fixed020,10576.0000000000,0.0660779885,0.0666343245,-0.0005563360,4.0000000000,0.9932866868
20,2,True,inv1,loo,10576.0000000000,0.0660784851,0.0666343245,-0.0005558394,4.0000000000,0.9712556732
20,2,True,mean,fixed020,10576.0000000000,0.0660789275,0.0666343245,-0.0005553969,4.0000000000,0.9712556732
20,2,True,mean,loo,10576.0000000000,0.0660798197,0.0666343245,-0.0005545047,4.0000000000,0.9712556732
20,2,False,mean,loo,10576.0000000000,0.0660799860,0.0666343245,-0.0005543385,4.0000000000,0.9712556732
32,2,True,median,loo,10576.0000000000,0.0660806899,0.0666343245,-0.0005536346,4.0000000000,0.9712556732
20,8,True,mean,fixed020,10576.0000000000,0.0660820422,0.0666343245,-0.0005522823,4.0000000000,0.9922465961
12,16,True,exp,fixed020,10576.0000000000,0.0660837487,0.0666343245,-0.0005505758,4.0000000000,0.9932866868
12,16,False,median,loo,10576.0000000000,0.0660839994,0.0666343245,-0.0005503251,4.0000000000,0.9932866868
45,8,False,inv1,loo,10576.0000000000,0.0660862334,0.0666343245,-0.0005480911,4.0000000000,0.9922465961
20,32,True,exp,loo,10576.0000000000,0.0660869838,0.0666343245,-0.0005473406,4.0000000000,0.9948940998
32,2,False,median,fixed020,10576.0000000000,0.0660870431,0.0666343245,-0.0005472814,4.0000000000,0.9712556732
20,2,False,median,loo,10576.0000000000,0.0660877428,0.0666343245,-0.0005465816,4.0000000000,0.9712556732
24,32,False,median,fixed020,10576.0000000000,0.0660877971,0.0666343245,-0.0005465273,4.0000000000,0.9948940998
12,16,False,median,fixed020,10576.0000000000,0.0660884383,0.0666343245,-0.0005458862,4.0000000000,0.9932866868
32,8,False,median,fixed020,10576.0000000000,0.0660885275,0.0666343245,-0.0005457970,4.0000000000,0.9922465961
60,8,False,inv1,loo,10576.0000000000,0.0660888721,0.0666343245,-0.0005454523,4.0000000000,0.9922465961
12,2,True,inv1,loo,10576.0000000000,0.0660890710,0.0666343245,-0.0005452535,4.0000000000,0.9712556732
24,4,True,median,fixed020,10576.0000000000,0.0660891297,0.0666343245,-0.0005451948,4.0000000000,0.9895990923
60,8,False,exp,loo,10576.0000000000,0.0660892634,0.0666343245,-0.0005450611,4.0000000000,0.9922465961
20,32,False,mean,fixed020,10576.0000000000,0.0660895619,0.0666343245,-0.0005447625,4.0000000000,0.9948940998
32,8,True,mean,loo,10576.0000000000,0.0660906124,0.0666343245,-0.0005437121,4.0000000000,0.9922465961
8,16,False,median,loo,10576.0000000000,0.0660907363,0.0666343245,-0.0005435881,4.0000000000,0.9932866868
24,4,True,median,loo,10576.0000000000,0.0660926789,0.0666343245,-0.0005416456,4.0000000000,0.9895990923
45,8,False,exp,loo,10576.0000000000,0.0660941877,0.0666343245,-0.0005401367,4.0000000000,0.9922465961
45,4,False,inv2,loo,10576.0000000000,0.0660945774,0.0666343245,-0.0005397470,4.0000000000,0.9895990923
20,32,True,inv1,loo,10576.0000000000,0.0660947622,0.0666343245,-0.0005395622,4.0000000000,0.9948940998
24,32,False,median,loo,10576.0000000000,0.0660948815,0.0666343245,-0.0005394430,4.0000000000,0.9948940998
20,16,False,median,fixed020,10576.0000000000,0.0660952963,0.0666343245,-0.0005390282,4.0000000000,0.9932866868
20,32,True,exp,fixed020,10576.0000000000,0.0660959854,0.0666343245,-0.0005383391,4.0000000000,0.9948940998
32,8,True,mean,fixed020,10576.0000000000,0.0660963249,0.0666343245,-0.0005379996,4.0000000000,0.9922465961
20,32,False,mean,loo,10576.0000000000,0.0660964669,0.0666343245,-0.0005378576,4.0000000000,0.9948940998
45,8,False,inv2,loo,10576.0000000000,0.0660967342,0.0666343245,-0.0005375902,4.0000000000,0.9922465961
20,4,True,median,fixed020,10576.0000000000,0.0660973873,0.0666343245,-0.0005369372,4.0000000000,0.9895990923
20,16,False,median,loo,10576.0000000000,0.0661001643,0.0666343245,-0.0005341602,4.0000000000,0.9932866868
45,16,False,inv2,loo,10576.0000000000,0.0661008021,0.0666343245,-0.0005335223,4.0000000000,0.9932866868
32,32,False,mean,loo,10576.0000000000,0.0661009713,0.0666343245,-0.0005333532,4.0000000000,0.9948940998
20,32,True,inv1,fixed020,10576.0000000000,0.0661027632,0.0666343245,-0.0005315612,4.0000000000,0.9948940998
24,2,False,inv1,fixed020,10576.0000000000,0.0661054965,0.0666343245,-0.0005288279,4.0000000000,0.9712556732
12,32,True,exp,fixed020,10576.0000000000,0.0661058011,0.0666343245,-0.0005285234,4.0000000000,0.9948940998
60,4,False,inv2,loo,10576.0000000000,0.0661064694,0.0666343245,-0.0005278551,4.0000000000,0.9895990923
20,2,True,inv2,fixed020,10576.0000000000,0.0661069058,0.0666343245,-0.0005274186,4.0000000000,0.9712556732
32,2,True,inv2,fixed020,10576.0000000000,0.0661075850,0.0666343245,-0.0005267395,4.0000000000,0.9712556732
20,2,True,inv2,loo,10576.0000000000,0.0661078035,0.0666343245,-0.0005265210,4.0000000000,0.9712556732
32,16,False,mean,fixed020,10576.0000000000,0.0661089229,0.0666343245,-0.0005254015,4.0000000000,0.9932866868
20,2,False,inv1,fixed020,10576.0000000000,0.0661091876,0.0666343245,-0.0005251369,4.0000000000,0.9712556732
12,32,True,inv1,fixed020,10576.0000000000,0.0661096823,0.0666343245,-0.0005246421,4.0000000000,0.9948940998
20,16,True,mean,loo,10576.0000000000,0.0661107485,0.0666343245,-0.0005235759,4.0000000000,0.9932866868
32,2,False,inv2,fixed020,10576.0000000000,0.0661111634,0.0666343245,-0.0005231611,4.0000000000,0.9712556732
12,8,True,mean,fixed020,10576.0000000000,0.0661116447,0.0666343245,-0.0005226798,4.0000000000,0.9922465961
45,4,True,exp,loo,10576.0000000000,0.0661118498,0.0666343245,-0.0005224747,4.0000000000,0.9895990923
60,8,False,inv2,loo,10576.0000000000,0.0661118541,0.0666343245,-0.0005224704,4.0000000000,0.9922465961
20,32,True,inv2,fixed020,10576.0000000000,0.0661125022,0.0666343245,-0.0005218223,4.0000000000,0.9948940998
45,4,True,mean,loo,10576.0000000000,0.0661130653,0.0666343245,-0.0005212591,4.0000000000,0.9895990923
45,4,True,inv1,loo,10576.0000000000,0.0661154142,0.0666343245,-0.0005189103,4.0000000000,0.9895990923
60,16,False,inv2,loo,10576.0000000000,0.0661159768,0.0666343245,-0.0005183477,4.0000000000,0.9932866868
12,2,True,exp,loo,10576.0000000000,0.0661167379,0.0666343245,-0.0005175865,4.0000000000,0.9712556732
24,2,False,inv2,fixed020,10576.0000000000,0.0661171738,0.0666343245,-0.0005171507,4.0000000000,0.9712556732
12,2,False,median,loo,10576.0000000000,0.0661185609,0.0666343245,-0.0005157635,4.0000000000,0.9712556732
60,16,False,exp,loo,10576.0000000000,0.0661193455,0.0666343245,-0.0005149789,4.0000000000,0.9932866868
12,2,False,median,fixed020,10576.0000000000,0.0661203531,0.0666343245,-0.0005139713,4.0000000000,0.9712556732
16,32,True,mean,fixed020,10576.0000000000,0.0661223361,0.0666343245,-0.0005119884,4.0000000000,0.9948940998
45,16,False,exp,loo,10576.0000000000,0.0661225395,0.0666343245,-0.0005117850,4.0000000000,0.9932866868
16,32,True,median,loo,10576.0000000000,0.0661244681,0.0666343245,-0.0005098563,4.0000000000,0.9948940998
12,2,True,inv2,fixed020,10576.0000000000,0.0661245356,0.0666343245,-0.0005097889,4.0000000000,0.9712556732
20,2,False,exp,fixed020,10576.0000000000,0.0661246315,0.0666343245,-0.0005096930,4.0000000000,0.9712556732
20,32,True,inv2,loo,10576.0000000000,0.0661246817,0.0666343245,-0.0005096428,4.0000000000,0.9948940998
45,32,False,inv2,loo,10576.0000000000,0.0661257620,0.0666343245,-0.0005085625,4.0000000000,0.9948940998
12,32,True,mean,loo,10576.0000000000,0.0661260697,0.0666343245,-0.0005082548,4.0000000000,0.9948940998
24,2,False,exp,fixed020,10576.0000000000,0.0661274452,0.0666343245,-0.0005068793,4.0000000000,0.9712556732
20,2,False,inv2,fixed020,10576.0000000000,0.0661290411,0.0666343245,-0.0005052834,3.0000000000,0.9712556732
45,16,False,inv1,loo,10576.0000000000,0.0661296428,0.0666343245,-0.0005046816,4.0000000000,0.9932866868
45,4,False,median,loo,10576.0000000000,0.0661308165,0.0666343245,-0.0005035080,4.0000000000,0.9895990923
20,16,True,mean,fixed020,10576.0000000000,0.0661315943,0.0666343245,-0.0005027301,4.0000000000,0.9932866868
32,2,True,median,fixed020,10576.0000000000,0.0661327263,0.0666343245,-0.0005015981,4.0000000000,0.9712556732
32,4,True,median,loo,10576.0000000000,0.0661330078,0.0666343245,-0.0005013167,4.0000000000,0.9895990923
60,4,False,median,loo,10576.0000000000,0.0661352767,0.0666343245,-0.0004990478,4.0000000000,0.9895990923
60,16,False,inv1,loo,10576.0000000000,0.0661354809,0.0666343245,-0.0004988435,4.0000000000,0.9932866868
8,16,False,median,fixed020,10576.0000000000,0.0661380598,0.0666343245,-0.0004962647,4.0000000000,0.9932866868
12,8,True,median,loo,10576.0000000000,0.0661387401,0.0666343245,-0.0004955844,4.0000000000,0.9922465961
32,32,False,mean,fixed020,10576.0000000000,0.0661396415,0.0666343245,-0.0004946829,4.0000000000,0.9948940998
12,2,True,mean,loo,10576.0000000000,0.0661400603,0.0666343245,-0.0004942642,4.0000000000,0.9712556732
12,2,True,inv1,fixed020,10576.0000000000,0.0661400608,0.0666343245,-0.0004942637,4.0000000000,0.9712556732
8,8,True,median,loo,10576.0000000000,0.0661423712,0.0666343245,-0.0004919532,4.0000000000,0.9922465961
32,4,True,median,fixed020,10576.0000000000,0.0661425358,0.0666343245,-0.0004917887,4.0000000000,0.9895990923
45,8,True,inv1,loo,10576.0000000000,0.0661444033,0.0666343245,-0.0004899212,4.0000000000,0.9922465961
20,2,False,mean,fixed020,10576.0000000000,0.0661458956,0.0666343245,-0.0004884289,4.0000000000,0.9712556732
45,8,True,exp,loo,10576.0000000000,0.0661468247,0.0666343245,-0.0004874998,4.0000000000,0.9922465961
20,8,True,median,loo,10576.0000000000,0.0661503260,0.0666343245,-0.0004839985,4.0000000000,0.9922465961
45,32,False,exp,loo,10576.0000000000,0.0661506962,0.0666343245,-0.0004836283,4.0000000000,0.9948940998
24,2,False,mean,fixed020,10576.0000000000,0.0661527264,0.0666343245,-0.0004815981,4.0000000000,0.9712556732
45,4,True,inv2,loo,10576.0000000000,0.0661544914,0.0666343245,-0.0004798331,4.0000000000,0.9895990923
24,8,True,median,fixed020,10576.0000000000,0.0661552864,0.0666343245,-0.0004790381,4.0000000000,0.9922465961
12,32,False,median,loo,10576.0000000000,0.0661555107,0.0666343245,-0.0004788137,4.0000000000,0.9948940998
12,32,False,median,fixed020,10576.0000000000,0.0661559472,0.0666343245,-0.0004783772,4.0000000000,0.9948940998
12,16,True,median,loo,10576.0000000000,0.0661561021,0.0666343245,-0.0004782224,4.0000000000,0.9932866868
45,8,False,mean,loo,10576.0000000000,0.0661567450,0.0666343245,-0.0004775795,4.0000000000,0.9922465961
60,32,False,inv2,loo,10576.0000000000,0.0661569474,0.0666343245,-0.0004773771,4.0000000000,0.9948940998
12,16,True,mean,fixed020,10576.0000000000,0.0661569704,0.0666343245,-0.0004773540,4.0000000000,0.9932866868
32,16,False,median,loo,10576.0000000000,0.0661575924,0.0666343245,-0.0004767320,4.0000000000,0.9932866868
60,8,False,mean,loo,10576.0000000000,0.0661576032,0.0666343245,-0.0004767212,4.0000000000,0.9922465961
45,8,True,inv2,loo,10576.0000000000,0.0661579324,0.0666343245,-0.0004763920,4.0000000000,0.9922465961
16,16,True,median,fixed020,10576.0000000000,0.0661582952,0.0666343245,-0.0004760292,4.0000000000,0.9932866868
8,2,True,inv2,loo,10576.0000000000,0.0661591722,0.0666343245,-0.0004751523,4.0000000000,0.9712556732
12,2,True,exp,fixed020,10576.0000000000,0.0661600904,0.0666343245,-0.0004742341,4.0000000000,0.9712556732
20,32,False,median,fixed020,10576.0000000000,0.0661601639,0.0666343245,-0.0004741606,4.0000000000,0.9948940998
24,8,True,median,loo,10576.0000000000,0.0661613856,0.0666343245,-0.0004729388,4.0000000000,0.9922465961
8,2,True,median,loo,10576.0000000000,0.0661625866,0.0666343245,-0.0004717379,4.0000000000,0.9712556732
8,2,True,inv1,loo,10576.0000000000,0.0661645089,0.0666343245,-0.0004698156,4.0000000000,0.9712556732
20,2,False,median,fixed020,10576.0000000000,0.0661645886,0.0666343245,-0.0004697358,4.0000000000,0.9712556732
20,32,False,median,loo,10576.0000000000,0.0661648216,0.0666343245,-0.0004695029,4.0000000000,0.9948940998
24,2,True,inv2,loo,10576.0000000000,0.0661651580,0.0666343245,-0.0004691664,4.0000000000,0.9712556732
24,2,True,inv1,loo,10576.0000000000,0.0661660845,0.0666343245,-0.0004682399,4.0000000000,0.9712556732
60,32,False,exp,loo,10576.0000000000,0.0661665727,0.0666343245,-0.0004677517,4.0000000000,0.9948940998
45,32,False,inv1,loo,10576.0000000000,0.0661675188,0.0666343245,-0.0004668056,4.0000000000,0.9948940998
12,4,True,median,fixed020,10576.0000000000,0.0661677151,0.0666343245,-0.0004666094,4.0000000000,0.9895990923
45,16,True,inv2,loo,10576.0000000000,0.0661683236,0.0666343245,-0.0004660008,4.0000000000,0.9932866868
20,8,True,median,fixed020,10576.0000000000,0.0661684719,0.0666343245,-0.0004658525,4.0000000000,0.9922465961
12,2,True,median,loo,10576.0000000000,0.0661693572,0.0666343245,-0.0004649673,4.0000000000,0.9712556732
8,32,False,median,loo,10576.0000000000,0.0661723197,0.0666343245,-0.0004620047,4.0000000000,0.9948940998
24,2,True,inv1,fixed020,10576.0000000000,0.0661739888,0.0666343245,-0.0004603357,4.0000000000,0.9712556732
12,2,True,mean,fixed020,10576.0000000000,0.0661754301,0.0666343245,-0.0004588944,4.0000000000,0.9712556732
24,2,True,exp,loo,10576.0000000000,0.0661783879,0.0666343245,-0.0004559366,4.0000000000,0.9712556732
45,16,True,exp,loo,10576.0000000000,0.0661805832,0.0666343245,-0.0004537413,4.0000000000,0.9932866868
24,32,True,mean,fixed020,10576.0000000000,0.0661809358,0.0666343245,-0.0004533887,4.0000000000,0.9948940998
24,2,True,inv2,fixed020,10576.0000000000,0.0661817710,0.0666343245,-0.0004525535,4.0000000000,0.9712556732
60,32,False,inv1,loo,10576.0000000000,0.0661828397,0.0666343245,-0.0004514848,4.0000000000,0.9948940998
45,4,True,median,loo,10576.0000000000,0.0661831973,0.0666343245,-0.0004511271,4.0000000000,0.9895990923
20,16,True,median,loo,10576.0000000000,0.0661836890,0.0666343245,-0.0004506355,4.0000000000,0.9932866868
8,16,True,median,loo,10576.0000000000,0.0661851230,0.0666343245,-0.0004492015,4.0000000000,0.9932866868
24,2,False,median,fixed020,10576.0000000000,0.0661851991,0.0666343245,-0.0004491254,4.0000000000,0.9712556732
8,2,True,exp,loo,10576.0000000000,0.0661855217,0.0666343245,-0.0004488028,4.0000000000,0.9712556732
24,2,True,exp,fixed020,10576.0000000000,0.0661857012,0.0666343245,-0.0004486232,4.0000000000,0.9712556732
24,2,True,mean,loo,10576.0000000000,0.0661905084,0.0666343245,-0.0004438161,4.0000000000,0.9712556732
12,2,True,median,fixed020,10576.0000000000,0.0661932025,0.0666343245,-0.0004411220,4.0000000000,0.9712556732
45,16,True,inv1,loo,10576.0000000000,0.0661938974,0.0666343245,-0.0004404271,4.0000000000,0.9932866868
32,16,True,mean,loo,10576.0000000000,0.0661949429,0.0666343245,-0.0004393815,4.0000000000,0.9932866868
8,4,True,inv1,fixed020,10576.0000000000,0.0661953213,0.0666343245,-0.0004390032,4.0000000000,0.9895990923
8,8,True,inv2,fixed020,10576.0000000000,0.0661970734,0.0666343245,-0.0004372511,4.0000000000,0.9922465961
24,32,True,mean,loo,10576.0000000000,0.0661985378,0.0666343245,-0.0004357867,4.0000000000,0.9948940998
8,4,True,exp,fixed020,10576.0000000000,0.0661998643,0.0666343245,-0.0004344601,4.0000000000,0.9895990923
24,2,True,mean,fixed020,10576.0000000000,0.0662000212,0.0666343245,-0.0004343033,4.0000000000,0.9712556732
8,4,True,inv2,fixed020,10576.0000000000,0.0662001873,0.0666343245,-0.0004341372,4.0000000000,0.9895990923
60,4,True,inv1,loo,10576.0000000000,0.0662003968,0.0666343245,-0.0004339277,4.0000000000,0.9895990923
8,8,True,inv1,fixed020,10576.0000000000,0.0662014096,0.0666343245,-0.0004329148,4.0000000000,0.9922465961
8,4,True,mean,fixed020,10576.0000000000,0.0662017858,0.0666343245,-0.0004325386,4.0000000000,0.9895990923
24,2,True,median,loo,10576.0000000000,0.0662018705,0.0666343245,-0.0004324540,4.0000000000,0.9712556732
32,32,False,median,loo,10576.0000000000,0.0662021146,0.0666343245,-0.0004322099,4.0000000000,0.9948940998
60,4,True,exp,loo,10576.0000000000,0.0662029081,0.0666343245,-0.0004314163,4.0000000000,0.9895990923
24,16,True,median,fixed020,10576.0000000000,0.0662031286,0.0666343245,-0.0004311959,4.0000000000,0.9932866868
8,16,True,inv2,fixed020,10576.0000000000,0.0662037901,0.0666343245,-0.0004305343,4.0000000000,0.9932866868
8,8,True,exp,fixed020,10576.0000000000,0.0662044810,0.0666343245,-0.0004298435,4.0000000000,0.9922465961
8,2,True,mean,loo,10576.0000000000,0.0662047100,0.0666343245,-0.0004296145,4.0000000000,0.9712556732
32,16,False,median,fixed020,10576.0000000000,0.0662054432,0.0666343245,-0.0004288812,4.0000000000,0.9932866868
32,16,True,mean,fixed020,10576.0000000000,0.0662054975,0.0666343245,-0.0004288269,4.0000000000,0.9932866868
24,16,True,median,loo,10576.0000000000,0.0662060215,0.0666343245,-0.0004283030,4.0000000000,0.9932866868
24,2,True,median,fixed020,10576.0000000000,0.0662075984,0.0666343245,-0.0004267261,4.0000000000,0.9712556732
60,2,False,inv2,loo,10576.0000000000,0.0662077288,0.0666343245,-0.0004265957,4.0000000000,0.9712556732
60,2,False,inv1,loo,10576.0000000000,0.0662081651,0.0666343245,-0.0004261594,4.0000000000,0.9712556732
45,2,False,inv2,loo,10576.0000000000,0.0662083872,0.0666343245,-0.0004259373,4.0000000000,0.9712556732
8,32,True,inv2,fixed020,10576.0000000000,0.0662095064,0.0666343245,-0.0004248181,4.0000000000,0.9948940998
60,4,True,mean,loo,10576.0000000000,0.0662102950,0.0666343245,-0.0004240294,4.0000000000,0.9895990923
45,32,True,inv2,loo,10576.0000000000,0.0662112012,0.0666343245,-0.0004231233,4.0000000000,0.9948940998
45,2,False,inv1,loo,10576.0000000000,0.0662119636,0.0666343245,-0.0004223609,4.0000000000,0.9712556732
60,8,True,inv1,loo,10576.0000000000,0.0662126692,0.0666343245,-0.0004216552,4.0000000000,0.9922465961
20,16,True,median,fixed020,10576.0000000000,0.0662126758,0.0666343245,-0.0004216486,4.0000000000,0.9932866868
45,8,True,mean,loo,10576.0000000000,0.0662131480,0.0666343245,-0.0004211765,4.0000000000,0.9922465961
8,32,False,median,fixed020,10576.0000000000,0.0662132300,0.0666343245,-0.0004210945,4.0000000000,0.9948940998
12,32,True,mean,fixed020,10576.0000000000,0.0662176604,0.0666343245,-0.0004166641,4.0000000000,0.9948940998
60,8,True,exp,loo,10576.0000000000,0.0662179258,0.0666343245,-0.0004163986,4.0000000000,0.9922465961
8,16,True,inv1,fixed020,10576.0000000000,0.0662199732,0.0666343245,-0.0004143513,4.0000000000,0.9932866868
8,16,True,exp,fixed020,10576.0000000000,0.0662201231,0.0666343245,-0.0004142014,4.0000000000,0.9932866868
60,2,False,exp,loo,10576.0000000000,0.0662213912,0.0666343245,-0.0004129333,4.0000000000,0.9712556732
8,8,True,mean,fixed020,10576.0000000000,0.0662233400,0.0666343245,-0.0004109844,4.0000000000,0.9922465961
8,32,True,exp,fixed020,10576.0000000000,0.0662247865,0.0666343245,-0.0004095379,4.0000000000,0.9948940998
45,2,False,exp,loo,10576.0000000000,0.0662256524,0.0666343245,-0.0004086721,4.0000000000,0.9712556732
60,8,True,inv2,loo,10576.0000000000,0.0662263956,0.0666343245,-0.0004079288,4.0000000000,0.9922465961
8,32,True,inv1,fixed020,10576.0000000000,0.0662275545,0.0666343245,-0.0004067699,4.0000000000,0.9948940998
60,4,True,inv2,loo,10576.0000000000,0.0662278731,0.0666343245,-0.0004064514,4.0000000000,0.9895990923
45,32,True,exp,loo,10576.0000000000,0.0662295042,0.0666343245,-0.0004048203,4.0000000000,0.9948940998
60,16,True,inv2,loo,10576.0000000000,0.0662308034,0.0666343245,-0.0004035211,4.0000000000,0.9932866868
60,2,False,mean,loo,10576.0000000000,0.0662345151,0.0666343245,-0.0003998094,4.0000000000,0.9712556732
12,8,True,median,fixed020,10576.0000000000,0.0662379770,0.0666343245,-0.0003963474,4.0000000000,0.9922465961
45,2,False,mean,loo,10576.0000000000,0.0662381105,0.0666343245,-0.0003962140,4.0000000000,0.9712556732
60,16,True,exp,loo,10576.0000000000,0.0662384124,0.0666343245,-0.0003959121,4.0000000000,0.9932866868
32,32,False,median,fixed020,10576.0000000000,0.0662390917,0.0666343245,-0.0003952328,4.0000000000,0.9948940998
8,2,True,inv2,fixed020,10576.0000000000,0.0662416347,0.0666343245,-0.0003926897,4.0000000000,0.9712556732
60,16,True,inv1,loo,10576.0000000000,0.0662455320,0.0666343245,-0.0003887925,4.0000000000,0.9932866868
32,8,True,median,loo,10576.0000000000,0.0662456143,0.0666343245,-0.0003887101,4.0000000000,0.9922465961
20,32,True,mean,fixed020,10576.0000000000,0.0662456246,0.0666343245,-0.0003886999,4.0000000000,0.9948940998
8,4,True,median,fixed020,10576.0000000000,0.0662460797,0.0666343245,-0.0003882447,4.0000000000,0.9895990923
12,32,True,median,loo,10576.0000000000,0.0662485938,0.0666343245,-0.0003857307,4.0000000000,0.9948940998
8,16,True,mean,fixed020,10576.0000000000,0.0662489343,0.0666343245,-0.0003853902,4.0000000000,0.9932866868
60,4,True,median,loo,10576.0000000000,0.0662510062,0.0666343245,-0.0003833183,4.0000000000,0.9895990923
20,32,True,mean,loo,10576.0000000000,0.0662510892,0.0666343245,-0.0003832352,4.0000000000,0.9948940998
16,32,True,median,fixed020,10576.0000000000,0.0662512197,0.0666343245,-0.0003831047,4.0000000000,0.9948940998
8,2,True,inv1,fixed020,10576.0000000000,0.0662516619,0.0666343245,-0.0003826626,4.0000000000,0.9712556732
32,32,True,mean,loo,10576.0000000000,0.0662522478,0.0666343245,-0.0003820766,4.0000000000,0.9948940998
45,8,False,median,loo,10576.0000000000,0.0662524180,0.0666343245,-0.0003819064,4.0000000000,0.9922465961
60,8,False,median,loo,10576.0000000000,0.0662553840,0.0666343245,-0.0003789405,4.0000000000,0.9922465961
45,2,True,inv1,loo,10576.0000000000,0.0662566152,0.0666343245,-0.0003777093,4.0000000000,0.9712556732
45,32,True,inv1,loo,10576.0000000000,0.0662566933,0.0666343245,-0.0003776312,4.0000000000,0.9948940998
45,2,True,inv2,loo,10576.0000000000,0.0662567724,0.0666343245,-0.0003775521,4.0000000000,0.9712556732
60,2,False,median,loo,10576.0000000000,0.0662568001,0.0666343245,-0.0003775243,4.0000000000,0.9712556732
8,2,True,median,fixed020,10576.0000000000,0.0662581935,0.0666343245,-0.0003761310,4.0000000000,0.9712556732
32,8,True,median,fixed020,10576.0000000000,0.0662583135,0.0666343245,-0.0003760109,4.0000000000,0.9922465961
24,32,True,median,fixed020,10576.0000000000,0.0662596899,0.0666343245,-0.0003746346,4.0000000000,0.9948940998
32,32,True,mean,fixed020,10576.0000000000,0.0662643420,0.0666343245,-0.0003699825,4.0000000000,0.9948940998
8,2,True,exp,fixed020,10576.0000000000,0.0662651021,0.0666343245,-0.0003692224,4.0000000000,0.9712556732
45,2,True,exp,loo,10576.0000000000,0.0662651825,0.0666343245,-0.0003691420,4.0000000000,0.9712556732
8,32,True,median,loo,10576.0000000000,0.0662675482,0.0666343245,-0.0003667763,4.0000000000,0.9948940998
24,32,True,median,loo,10576.0000000000,0.0662729005,0.0666343245,-0.0003614240,4.0000000000,0.9948940998
12,16,True,median,fixed020,10576.0000000000,0.0662734667,0.0666343245,-0.0003608578,4.0000000000,0.9932866868
45,2,True,mean,loo,10576.0000000000,0.0662738652,0.0666343245,-0.0003604593,4.0000000000,0.9712556732
60,32,True,inv2,loo,10576.0000000000,0.0662743217,0.0666343245,-0.0003600027,4.0000000000,0.9948940998
8,2,True,mean,fixed020,10576.0000000000,0.0662755503,0.0666343245,-0.0003587741,4.0000000000,0.9712556732
60,8,True,mean,loo,10576.0000000000,0.0662755848,0.0666343245,-0.0003587397,4.0000000000,0.9922465961
8,32,True,mean,fixed020,10576.0000000000,0.0662767465,0.0666343245,-0.0003575779,4.0000000000,0.9948940998
45,2,False,median,loo,10576.0000000000,0.0662768226,0.0666343245,-0.0003575019,4.0000000000,0.9712556732
45,8,True,median,loo,10576.0000000000,0.0662790559,0.0666343245,-0.0003552686,4.0000000000,0.9922465961
45,4,True,mean,fixed020,10576.0000000000,0.0662830870,0.0666343245,-0.0003512374,4.0000000000,0.9895990923
60,32,True,exp,loo,10576.0000000000,0.0662871972,0.0666343245,-0.0003471272,4.0000000000,0.9948940998
45,4,True,exp,fixed020,10576.0000000000,0.0662928004,0.0666343245,-0.0003415240,4.0000000000,0.9895990923
45,16,False,mean,loo,10576.0000000000,0.0662938835,0.0666343245,-0.0003404410,4.0000000000,0.9932866868
60,2,True,inv1,loo,10576.0000000000,0.0662942876,0.0666343245,-0.0003400368,4.0000000000,0.9712556732
60,2,True,inv2,loo,10576.0000000000,0.0662955294,0.0666343245,-0.0003387951,4.0000000000,0.9712556732
60,32,True,inv1,loo,10576.0000000000,0.0662990839,0.0666343245,-0.0003352406,4.0000000000,0.9948940998
32,16,True,median,loo,10576.0000000000,0.0663011961,0.0666343245,-0.0003331283,4.0000000000,0.9932866868
60,16,False,mean,loo,10576.0000000000,0.0663024798,0.0666343245,-0.0003318447,4.0000000000,0.9932866868
60,2,True,exp,loo,10576.0000000000,0.0663037850,0.0666343245,-0.0003305394,4.0000000000,0.9712556732
20,32,True,median,loo,10576.0000000000,0.0663066215,0.0666343245,-0.0003277029,4.0000000000,0.9948940998
20,32,True,median,fixed020,10576.0000000000,0.0663108794,0.0666343245,-0.0003234451,4.0000000000,0.9948940998
8,8,True,median,fixed020,10576.0000000000,0.0663119500,0.0666343245,-0.0003223745,4.0000000000,0.9922465961
32,16,True,median,fixed020,10576.0000000000,0.0663122545,0.0666343245,-0.0003220699,4.0000000000,0.9932866868
60,2,True,mean,loo,10576.0000000000,0.0663138195,0.0666343245,-0.0003205049,4.0000000000,0.9712556732
45,8,True,exp,fixed020,10576.0000000000,0.0663188108,0.0666343245,-0.0003155136,4.0000000000,0.9922465961
45,2,True,median,loo,10576.0000000000,0.0663212891,0.0666343245,-0.0003130353,4.0000000000,0.9712556732
60,16,False,median,loo,10576.0000000000,0.0663230134,0.0666343245,-0.0003113111,4.0000000000,0.9932866868
60,2,True,median,loo,10576.0000000000,0.0663248226,0.0666343245,-0.0003095018,4.0000000000,0.9712556732
45,4,True,inv1,fixed020,10576.0000000000,0.0663255075,0.0666343245,-0.0003088170,4.0000000000,0.9895990923
12,32,True,median,fixed020,10576.0000000000,0.0663256215,0.0666343245,-0.0003087030,4.0000000000,0.9948940998
45,16,True,mean,loo,10576.0000000000,0.0663358574,0.0666343245,-0.0002984671,4.0000000000,0.9932866868
45,8,True,inv1,fixed020,10576.0000000000,0.0663383049,0.0666343245,-0.0002960196,4.0000000000,0.9922465961
45,16,False,median,loo,10576.0000000000,0.0663389865,0.0666343245,-0.0002953379,4.0000000000,0.9932866868
60,8,True,median,loo,10576.0000000000,0.0663437446,0.0666343245,-0.0002905799,4.0000000000,0.9922465961
45,16,True,exp,fixed020,10576.0000000000,0.0663531765,0.0666343245,-0.0002811480,3.0000000000,0.9932866868
45,32,False,mean,loo,10576.0000000000,0.0663532384,0.0666343245,-0.0002810861,3.0000000000,0.9948940998
60,32,False,mean,loo,10576.0000000000,0.0663565736,0.0666343245,-0.0002777508,3.0000000000,0.9948940998
8,16,True,median,fixed020,10576.0000000000,0.0663658123,0.0666343245,-0.0002685121,4.0000000000,0.9932866868
60,16,True,mean,loo,10576.0000000000,0.0663668826,0.0666343245,-0.0002674418,4.0000000000,0.9932866868
45,16,True,median,loo,10576.0000000000,0.0663674171,0.0666343245,-0.0002669074,4.0000000000,0.9932866868
32,32,True,median,loo,10576.0000000000,0.0663689764,0.0666343245,-0.0002653481,4.0000000000,0.9948940998
60,32,False,median,loo,10576.0000000000,0.0663704270,0.0666343245,-0.0002638975,4.0000000000,0.9948940998
45,4,True,median,fixed020,10576.0000000000,0.0663763221,0.0666343245,-0.0002580024,4.0000000000,0.9895990923
45,4,False,mean,fixed020,10576.0000000000,0.0663784918,0.0666343245,-0.0002558326,3.0000000000,0.9895990923
45,32,False,median,loo,10576.0000000000,0.0663788260,0.0666343245,-0.0002554984,3.0000000000,0.9948940998
32,32,True,median,fixed020,10576.0000000000,0.0663812189,0.0666343245,-0.0002531055,4.0000000000,0.9948940998
45,16,True,inv1,fixed020,10576.0000000000,0.0663859582,0.0666343245,-0.0002483663,3.0000000000,0.9932866868
60,16,True,median,loo,10576.0000000000,0.0663941034,0.0666343245,-0.0002402210,4.0000000000,0.9932866868
45,4,False,exp,fixed020,10576.0000000000,0.0664012805,0.0666343245,-0.0002330439,3.0000000000,0.9895990923
8,32,True,median,fixed020,10576.0000000000,0.0664131754,0.0666343245,-0.0002211490,4.0000000000,0.9948940998
45,8,False,exp,fixed020,10576.0000000000,0.0664134217,0.0666343245,-0.0002209028,3.0000000000,0.9922465961
45,8,True,mean,fixed020,10576.0000000000,0.0664153806,0.0666343245,-0.0002189439,3.0000000000,0.9922465961
45,32,True,exp,fixed020,10576.0000000000,0.0664246687,0.0666343245,-0.0002096558,3.0000000000,0.9948940998
60,32,True,median,loo,10576.0000000000,0.0664251473,0.0666343245,-0.0002091772,4.0000000000,0.9948940998
45,32,True,mean,loo,10576.0000000000,0.0664260768,0.0666343245,-0.0002082476,3.0000000000,0.9948940998
60,32,True,mean,loo,10576.0000000000,0.0664307454,0.0666343245,-0.0002035790,3.0000000000,0.9948940998
45,16,False,exp,fixed020,10576.0000000000,0.0664349287,0.0666343245,-0.0001993958,3.0000000000,0.9932866868
45,8,False,inv1,fixed020,10576.0000000000,0.0664398738,0.0666343245,-0.0001944507,3.0000000000,0.9922465961
45,4,False,inv1,fixed020,10576.0000000000,0.0664437200,0.0666343245,-0.0001906044,2.0000000000,0.9895990923
45,32,True,median,loo,10576.0000000000,0.0664439039,0.0666343245,-0.0001904205,3.0000000000,0.9948940998
60,4,False,mean,fixed020,10576.0000000000,0.0664640416,0.0666343245,-0.0001702829,3.0000000000,0.9895990923
45,32,True,inv1,fixed020,10576.0000000000,0.0664668876,0.0666343245,-0.0001674369,3.0000000000,0.9948940998
45,16,False,inv1,fixed020,10576.0000000000,0.0664690431,0.0666343245,-0.0001652814,3.0000000000,0.9932866868
45,8,True,inv2,fixed020,10576.0000000000,0.0664694078,0.0666343245,-0.0001649167,2.0000000000,0.9922465961
45,16,True,inv2,fixed020,10576.0000000000,0.0664756711,0.0666343245,-0.0001586533,2.0000000000,0.9932866868
45,32,False,exp,fixed020,10576.0000000000,0.0664797393,0.0666343245,-0.0001545852,3.0000000000,0.9948940998
45,4,True,inv2,fixed020,10576.0000000000,0.0664863890,0.0666343245,-0.0001479355,2.0000000000,0.9895990923
60,4,False,exp,fixed020,10576.0000000000,0.0664976790,0.0666343245,-0.0001366454,2.0000000000,0.9895990923
45,8,False,mean,fixed020,10576.0000000000,0.0665011505,0.0666343245,-0.0001331740,3.0000000000,0.9922465961
60,8,False,exp,fixed020,10576.0000000000,0.0665049827,0.0666343245,-0.0001293418,2.0000000000,0.9922465961
45,32,False,inv1,fixed020,10576.0000000000,0.0665067905,0.0666343245,-0.0001275339,3.0000000000,0.9948940998
45,8,True,median,fixed020,10576.0000000000,0.0665149439,0.0666343245,-0.0001193806,3.0000000000,0.9922465961
45,4,False,median,fixed020,10576.0000000000,0.0665216257,0.0666343245,-0.0001126987,2.0000000000,0.9895990923
60,16,False,exp,fixed020,10576.0000000000,0.0665279064,0.0666343245,-0.0001064181,2.0000000000,0.9932866868
60,8,True,exp,fixed020,10576.0000000000,0.0665419672,0.0666343245,-0.0000923572,3.0000000000,0.9922465961
45,32,True,inv2,fixed020,10576.0000000000,0.0665450921,0.0666343245,-0.0000892324,2.0000000000,0.9948940998
60,4,True,mean,fixed020,10576.0000000000,0.0665503353,0.0666343245,-0.0000839891,3.0000000000,0.9895990923
60,16,True,exp,fixed020,10576.0000000000,0.0665531859,0.0666343245,-0.0000811386,3.0000000000,0.9932866868
60,8,False,inv1,fixed020,10576.0000000000,0.0665564445,0.0666343245,-0.0000778799,2.0000000000,0.9922465961
60,4,True,exp,fixed020,10576.0000000000,0.0665592566,0.0666343245,-0.0000750679,3.0000000000,0.9895990923
60,4,False,inv1,fixed020,10576.0000000000,0.0665651867,0.0666343245,-0.0000691378,2.0000000000,0.9895990923
45,16,True,mean,fixed020,10576.0000000000,0.0665722325,0.0666343245,-0.0000620920,2.0000000000,0.9932866868
60,8,True,inv1,fixed020,10576.0000000000,0.0665776990,0.0666343245,-0.0000566255,3.0000000000,0.9922465961
60,16,False,inv1,fixed020,10576.0000000000,0.0665854194,0.0666343245,-0.0000489051,2.0000000000,0.9932866868
45,16,True,median,fixed020,10576.0000000000,0.0665856688,0.0666343245,-0.0000486556,2.0000000000,0.9932866868
60,16,True,inv1,fixed020,10576.0000000000,0.0665915438,0.0666343245,-0.0000427806,2.0000000000,0.9932866868
60,32,False,exp,fixed020,10576.0000000000,0.0666002273,0.0666343245,-0.0000340971,2.0000000000,0.9948940998
60,8,False,mean,fixed020,10576.0000000000,0.0666022809,0.0666343245,-0.0000320435,2.0000000000,0.9922465961
60,4,True,inv1,fixed020,10576.0000000000,0.0666052309,0.0666343245,-0.0000290936,2.0000000000,0.9895990923
60,4,True,median,fixed020,10576.0000000000,0.0666159097,0.0666343245,-0.0000184148,2.0000000000,0.9895990923
45,16,False,inv2,fixed020,10576.0000000000,0.0666197032,0.0666343245,-0.0000146213,2.0000000000,0.9932866868
60,32,False,inv1,fixed020,10576.0000000000,0.0666209931,0.0666343245,-0.0000133314,2.0000000000,0.9948940998
60,8,True,mean,fixed020,10576.0000000000,0.0666236777,0.0666343245,-0.0000106467,3.0000000000,0.9922465961
60,32,True,exp,fixed020,10576.0000000000,0.0666269418,0.0666343245,-0.0000073826,3.0000000000,0.9948940998
45,8,False,inv2,fixed020,10576.0000000000,0.0666289064,0.0666343245,-0.0000054181,1.0000000000,0.9922465961
60,32,True,inv1,fixed020,10576.0000000000,0.0666423749,0.0666343245,0.0000080505,2.0000000000,0.9948940998
45,32,True,median,fixed020,10576.0000000000,0.0666563864,0.0666343245,0.0000220620,2.0000000000,0.9948940998
60,4,False,median,fixed020,10576.0000000000,0.0666580871,0.0666343245,0.0000237626,2.0000000000,0.9895990923
45,4,False,inv2,fixed020,10576.0000000000,0.0666591447,0.0666343245,0.0000248203,1.0000000000,0.9895990923
45,32,False,inv2,fixed020,10576.0000000000,0.0666618505,0.0666343245,0.0000275261,1.0000000000,0.9948940998
45,8,False,median,fixed020,10576.0000000000,0.0666830457,0.0666343245,0.0000487213,1.0000000000,0.9922465961
45,16,False,mean,fixed020,10576.0000000000,0.0666850139,0.0666343245,0.0000506894,2.0000000000,0.9932866868
45,32,True,mean,fixed020,10576.0000000000,0.0667037016,0.0666343245,0.0000693771,2.0000000000,0.9948940998
60,32,True,median,fixed020,10576.0000000000,0.0667072470,0.0666343245,0.0000729225,2.0000000000,0.9948940998
45,2,True,inv1,fixed020,10576.0000000000,0.0667390181,0.0666343245,0.0001046936,1.0000000000,0.9712556732
45,2,True,exp,fixed020,10576.0000000000,0.0667402225,0.0666343245,0.0001058980,1.0000000000,0.9712556732
60,16,True,mean,fixed020,10576.0000000000,0.0667444454,0.0666343245,0.0001101210,1.0000000000,0.9932866868
60,8,True,median,fixed020,10576.0000000000,0.0667445561,0.0666343245,0.0001102316,1.0000000000,0.9922465961
45,32,False,median,fixed020,10576.0000000000,0.0667482287,0.0666343245,0.0001139043,2.0000000000,0.9948940998
45,32,False,mean,fixed020,10576.0000000000,0.0667489270,0.0666343245,0.0001146025,2.0000000000,0.9948940998
60,16,True,median,fixed020,10576.0000000000,0.0667551040,0.0666343245,0.0001207795,1.0000000000,0.9932866868
45,2,True,mean,fixed020,10576.0000000000,0.0667575823,0.0666343245,0.0001232579,1.0000000000,0.9712556732
45,16,False,median,fixed020,10576.0000000000,0.0667581844,0.0666343245,0.0001238599,1.0000000000,0.9932866868
60,16,True,inv2,fixed020,10576.0000000000,0.0667840108,0.0666343245,0.0001496863,2.0000000000,0.9932866868
45,2,True,inv2,fixed020,10576.0000000000,0.0667904552,0.0666343245,0.0001561308,1.0000000000,0.9712556732
60,32,True,mean,fixed020,10576.0000000000,0.0667906385,0.0666343245,0.0001563141,1.0000000000,0.9948940998
60,8,True,inv2,fixed020,10576.0000000000,0.0667912948,0.0666343245,0.0001569703,2.0000000000,0.9922465961
60,16,False,inv2,fixed020,10576.0000000000,0.0668110458,0.0666343245,0.0001767214,2.0000000000,0.9932866868
60,16,False,mean,fixed020,10576.0000000000,0.0668228015,0.0666343245,0.0001884771,2.0000000000,0.9932866868
60,8,False,inv2,fixed020,10576.0000000000,0.0668238755,0.0666343245,0.0001895510,2.0000000000,0.9922465961
60,4,True,inv2,fixed020,10576.0000000000,0.0668256980,0.0666343245,0.0001913735,2.0000000000,0.9895990923
60,8,False,median,fixed020,10576.0000000000,0.0668283429,0.0666343245,0.0001940185,1.0000000000,0.9922465961
60,32,False,median,fixed020,10576.0000000000,0.0668288924,0.0666343245,0.0001945679,2.0000000000,0.9948940998
60,32,False,mean,fixed020,10576.0000000000,0.0668369431,0.0666343245,0.0002026186,2.0000000000,0.9948940998
60,4,False,inv2,fixed020,10576.0000000000,0.0668523497,0.0666343245,0.0002180253,2.0000000000,0.9895990923
60,32,True,inv2,fixed020,10576.0000000000,0.0668544362,0.0666343245,0.0002201118,2.0000000000,0.9948940998
60,16,False,median,fixed020,10576.0000000000,0.0668604585,0.0666343245,0.0002261341,2.0000000000,0.9932866868
45,2,True,median,fixed020,10576.0000000000,0.0668673151,0.0666343245,0.0002329907,1.0000000000,0.9712556732
60,32,False,inv2,fixed020,10576.0000000000,0.0668767094,0.0666343245,0.0002423849,2.0000000000,0.9948940998
45,2,False,inv1,fixed020,10576.0000000000,0.0669790287,0.0666343245,0.0003447042,1.0000000000,0.9712556732
45,2,False,exp,fixed020,10576.0000000000,0.0669815402,0.0666343245,0.0003472158,1.0000000000,0.9712556732
45,2,False,mean,fixed020,10576.0000000000,0.0670063691,0.0666343245,0.0003720446,1.0000000000,0.9712556732
60,2,True,exp,fixed020,10576.0000000000,0.0670259348,0.0666343245,0.0003916103,0.0000000000,0.9712556732
60,2,True,inv1,fixed020,10576.0000000000,0.0670360710,0.0666343245,0.0004017466,1.0000000000,0.9712556732
60,2,True,mean,fixed020,10576.0000000000,0.0670460737,0.0666343245,0.0004117493,0.0000000000,0.9712556732
45,2,False,inv2,fixed020,10576.0000000000,0.0670516697,0.0666343245,0.0004173452,1.0000000000,0.9712556732
60,2,True,median,fixed020,10576.0000000000,0.0670815821,0.0666343245,0.0004472576,0.0000000000,0.9712556732
45,2,False,median,fixed020,10576.0000000000,0.0671231326,0.0666343245,0.0004888081,1.0000000000,0.9712556732
60,2,True,inv2,fixed020,10576.0000000000,0.0671327346,0.0666343245,0.0004984101,0.0000000000,0.9712556732
60,2,False,exp,fixed020,10576.0000000000,0.0671424196,0.0666343245,0.0005080951,0.0000000000,0.9712556732
60,2,False,inv1,fixed020,10576.0000000000,0.0671508598,0.0666343245,0.0005165354,0.0000000000,0.9712556732
60,2,False,mean,fixed020,10576.0000000000,0.0671688978,0.0666343245,0.0005345733,0.0000000000,0.9712556732
60,2,False,median,fixed020,10576.0000000000,0.0672512014,0.0666343245,0.0006168769,0.0000000000,0.9712556732
60,2,False,inv2,fixed020,10576.0000000000,0.0672633773,0.0666343245,0.0006290528,0.0000000000,0.9712556732
