anon_polygon_id,date,year,doy,primary_ndvi_pred
AOI-0001,2010-08-29,,,
AOI-0001,2010-10-25,,,
AOI-0001,2011-06-13,,,
AOI-0001,2011-09-18,,,
AOI-0001,2011-09-26,,,
AOI-0001,2011-09-30,,,
AOI-0001,2012-05-24,,,
AOI-0001,2012-07-09,,,
AOI-0001,2012-07-11,,,
AOI-0001,2012-08-10,,,
AOI-0001,2012-08-12,,,
AOI-0001,2012-10-15,,,
AOI-0001,2013-05-01,,,
AOI-0001,2013-07-12,,,
AOI-0001,2013-09-30,,,
AOI-0001,2014-04-18,,,
AOI-0001,2014-05-25,,,
AOI-0001,2014-06-26,,,
AOI-0001,2014-07-15,,,
AOI-0001,2014-07-28,,,
AOI-0001,2014-08-09,,,
AOI-0001,2014-08-13,,,
AOI-0001,2014-10-03,,,
AOI-0001,2014-10-16,,,
AOI-0001,2015-04-13,,,
AOI-0001,2015-08-11,,,
AOI-0001,2015-08-12,,,
AOI-0001,2015-08-27,,,
AOI-0001,2015-09-20,,,
AOI-0001,2015-09-28,,,
AOI-0001,2016-06-27,,,
AOI-0001,2016-07-04,,,
AOI-0001,2016-07-20,,,
AOI-0001,2016-07-27,,,
AOI-0001,2016-08-29,,,
AOI-0001,2016-08-30,,,
AOI-0001,2016-09-15,,,
AOI-0001,2016-09-29,,,
AOI-0001,2017-05-12,,,
AOI-0001,2017-06-29,,,
AOI-0001,2017-07-12,,,
AOI-0001,2017-08-09,,,
AOI-0001,2017-08-29,,,
AOI-0001,2017-09-08,,,
AOI-0001,2017-09-14,,,
AOI-0001,2018-04-05,,,
AOI-0001,2018-04-23,,,
AOI-0001,2018-05-01,,,
AOI-0001,2018-06-08,,,
AOI-0001,2018-07-12,,,
AOI-0001,2018-09-28,,,
AOI-0001,2018-10-13,,,
AOI-0001,2019-05-11,,,
AOI-0001,2019-05-31,,,
AOI-0001,2019-06-04,,,
AOI-0001,2019-06-05,,,
AOI-0001,2019-06-25,,,
AOI-0001,2019-07-12,,,
AOI-0001,2019-07-22,,,
AOI-0001,2019-07-29,,,
AOI-0001,2019-08-30,,,
AOI-0001,2019-09-07,,,
AOI-0001,2019-09-08,,,
AOI-0001,2019-09-18,,,
AOI-0001,2020-04-03,,,
AOI-0001,2020-04-26,,,
AOI-0001,2020-05-30,,,
AOI-0001,2020-06-09,,,
AOI-0001,2020-07-14,,,
AOI-0001,2020-07-23,,,
AOI-0001,2020-07-27,,,
AOI-0001,2020-08-08,,,
AOI-0001,2020-09-01,,,
AOI-0001,2020-09-02,,,
AOI-0001,2020-09-12,,,
AOI-0001,2020-09-22,,,
AOI-0001,2020-09-29,,,
AOI-0001,2020-10-11,,,
AOI-0001,2020-10-12,,,
AOI-0001,2020-10-19,,,
AOI-0001,2021-05-15,,,
AOI-0001,2021-05-20,,,
AOI-0001,2021-06-10,,,
AOI-0001,2021-07-02,,,
AOI-0001,2021-07-24,,,
AOI-0001,2021-09-17,,,
AOI-0001,2022-04-25,,,
AOI-0001,2022-06-03,,,
AOI-0001,2022-09-02,,,
AOI-0001,2022-09-30,,,
AOI-0001,2022-10-01,,,
AOI-0001,2022-10-17,,,
AOI-0001,2023-05-25,,,
AOI-0001,2023-06-23,,,
AOI-0001,2023-07-15,,,
AOI-0001,2023-07-29,,,
AOI-0001,2023-08-03,,,
AOI-0001,2023-08-08,,,
AOI-0001,2023-08-13,,,
AOI-0001,2023-08-17,,,
AOI-0001,2023-08-28,,,
AOI-0001,2023-08-29,,,
AOI-0001,2023-09-12,,,
AOI-0001,2024-04-06,,,
AOI-0001,2024-05-24,,,
AOI-0001,2024-06-01,,,
AOI-0001,2024-06-03,,,
AOI-0001,2024-06-09,,,
AOI-0001,2024-06-13,,,
AOI-0001,2024-06-17,,,
AOI-0001,2024-06-23,,,
AOI-0001,2024-06-25,,,
AOI-0001,2024-07-03,,,
AOI-0001,2024-09-11,,,
AOI-0001,2024-09-13,,,
AOI-0001,2024-09-16,,,
AOI-0001,2024-09-29,,,
AOI-0001,2025-04-23,,,
AOI-0001,2025-05-03,,,
AOI-0001,2025-06-03,,,
AOI-0001,2025-06-27,,,
AOI-0001,2025-07-05,,,
AOI-0001,2025-07-12,,,
AOI-0001,2025-07-13,,,
AOI-0001,2025-07-23,,,
AOI-0001,2025-07-28,,,
AOI-0001,2025-07-29,,,
AOI-0001,2025-08-02,,,
AOI-0001,2025-10-28,,,
AOI-0002,2025-05-03,,,
AOI-0002,2025-06-03,,,
AOI-0002,2025-06-26,,,
AOI-0002,2025-07-29,,,
AOI-0002,2025-08-02,,,
AOI-0002,2025-08-13,,,
AOI-0002,2025-08-19,,,
AOI-0003,2025-04-01,,,
AOI-0003,2025-04-18,,,
AOI-0003,2025-04-19,,,
AOI-0003,2025-05-06,,,
AOI-0003,2025-06-04,,,
AOI-0003,2025-06-13,,,
AOI-0003,2025-07-07,,,
AOI-0003,2025-07-13,,,
AOI-0003,2025-07-15,,,
AOI-0003,2025-08-04,,,
AOI-0003,2025-08-07,,,
AOI-0003,2025-08-14,,,
AOI-0003,2025-08-22,,,
AOI-0003,2025-08-23,,,
AOI-0004,2025-04-23,,,
AOI-0004,2025-05-04,,,
AOI-0004,2025-05-24,,,
AOI-0004,2025-05-25,,,
AOI-0004,2025-06-30,,,
AOI-0004,2025-07-12,,,
AOI-0004,2025-07-23,,,
AOI-0004,2025-08-02,,,
AOI-0004,2025-09-14,,,
AOI-0004,2025-09-23,,,
AOI-0005,2025-05-01,,,
AOI-0005,2025-05-03,,,
AOI-0005,2025-05-14,,,
AOI-0005,2025-06-11,,,
AOI-0005,2025-07-21,,,
AOI-0005,2025-08-17,,,
AOI-0005,2025-09-01,,,
AOI-0006,2025-04-01,,,
AOI-0006,2025-05-09,,,
AOI-0006,2025-05-25,,,
AOI-0006,2025-07-28,,,
AOI-0006,2025-08-09,,,
AOI-0006,2025-08-22,,,
AOI-0006,2025-08-30,,,
AOI-0006,2025-09-07,,,
AOI-0006,2025-10-28,,,
AOI-0007,2025-04-01,,,
AOI-0007,2025-04-18,,,
AOI-0007,2025-04-29,,,
AOI-0007,2025-05-01,,,
AOI-0007,2025-06-26,,,
AOI-0007,2025-07-28,,,
AOI-0007,2025-08-13,,,
AOI-0007,2025-08-14,,,
AOI-0007,2025-08-16,,,
AOI-0007,2025-09-11,,,
AOI-0007,2025-09-26,,,
AOI-0008,2025-04-17,,,
AOI-0008,2025-04-24,,,
AOI-0008,2025-05-19,,,
AOI-0008,2025-07-08,,,
AOI-0008,2025-07-15,,,
AOI-0008,2025-07-17,,,
AOI-0008,2025-08-13,,,
AOI-0008,2025-09-01,,,
AOI-0008,2025-09-30,,,
AOI-0008,2025-10-16,,,
AOI-0009,2025-04-01,,,
AOI-0009,2025-04-23,,,
AOI-0009,2025-05-04,,,
AOI-0009,2025-06-30,,,
AOI-0009,2025-07-05,,,
AOI-0009,2025-07-10,,,
AOI-0009,2025-07-25,,,
AOI-0009,2025-08-12,,,
AOI-0009,2025-08-17,,,
AOI-0009,2025-08-22,,,
AOI-0009,2025-08-24,,,
AOI-0009,2025-09-14,,,
AOI-0009,2025-09-16,,,
AOI-0009,2025-09-25,,,
AOI-0009,2025-10-03,,,
AOI-0010,2010-06-19,,,
AOI-0010,2010-08-06,,,
AOI-0010,2010-08-22,,,
AOI-0010,2011-06-14,,,
AOI-0010,2011-07-12,,,
AOI-0010,2011-08-09,,,
AOI-0010,2011-08-13,,,
AOI-0010,2011-09-10,,,
AOI-0010,2012-04-13,,,
AOI-0010,2012-08-03,,,
AOI-0010,2013-04-16,,,
AOI-0010,2013-05-25,,,
AOI-0010,2013-06-26,,,
AOI-0010,2013-07-12,,,
AOI-0010,2014-05-29,,,
AOI-0010,2014-06-06,,,
AOI-0010,2014-06-10,,,
AOI-0010,2014-08-29,,,
AOI-0010,2014-09-30,,,
AOI-0010,2015-04-07,,,
AOI-0010,2015-04-14,,,
AOI-0010,2015-05-25,,,
AOI-0010,2015-10-07,,,
AOI-0010,2016-07-27,,,
AOI-0010,2016-08-12,,,
AOI-0010,2016-09-13,,,
AOI-0010,2017-04-03,,,
AOI-0010,2017-04-07,,,
AOI-0010,2017-08-01,,,
AOI-0010,2017-08-04,,,
AOI-0010,2017-08-13,,,
AOI-0010,2017-08-29,,,
AOI-0010,2018-05-16,,,
AOI-0010,2018-07-28,,,
AOI-0010,2018-08-28,,,
AOI-0010,2018-09-14,,,
AOI-0010,2019-04-06,,,
AOI-0010,2019-04-28,,,
AOI-0010,2019-05-19,,,
AOI-0010,2019-06-20,,,
AOI-0010,2019-06-26,,,
AOI-0010,2019-06-27,,,
AOI-0010,2019-07-20,,,
AOI-0010,2019-08-13,,,
AOI-0010,2019-08-19,,,
AOI-0010,2019-08-21,,,
AOI-0010,2019-09-23,,,
AOI-0010,2020-06-06,,,
AOI-0010,2020-06-09,,,
AOI-0010,2020-07-16,,,
AOI-0010,2020-07-19,,,
AOI-0010,2020-07-26,,,
AOI-0010,2020-07-31,,,
AOI-0010,2020-09-09,,,
AOI-0010,2020-09-13,,,
AOI-0010,2020-09-19,,,
AOI-0010,2020-09-27,,,
AOI-0010,2021-05-05,,,
AOI-0010,2021-05-09,,,
AOI-0010,2021-07-28,,,
AOI-0010,2021-08-05,,,
AOI-0010,2021-09-04,,,
AOI-0010,2021-09-17,,,
AOI-0010,2021-10-27,,,
AOI-0010,2022-06-06,,,
AOI-0010,2022-06-10,,,
AOI-0010,2022-06-11,,,
AOI-0010,2022-07-17,,,
AOI-0010,2022-07-28,,,
AOI-0010,2022-09-08,,,
AOI-0010,2023-04-02,,,
AOI-0010,2023-04-27,,,
AOI-0010,2023-06-08,,,
AOI-0010,2023-06-16,,,
AOI-0010,2023-08-23,,,
AOI-0010,2023-08-30,,,
AOI-0010,2023-09-19,,,
AOI-0010,2024-04-04,,,
AOI-0010,2024-04-26,,,
AOI-0010,2024-05-08,,,
AOI-0010,2024-05-21,,,
AOI-0010,2024-06-18,,,
AOI-0010,2024-06-20,,,
AOI-0010,2024-07-08,,,
AOI-0010,2024-07-15,,,
AOI-0010,2024-08-12,,,
AOI-0010,2024-09-06,,,
AOI-0010,2024-09-28,,,
AOI-0010,2024-10-01,,,
AOI-0010,2024-10-15,,,
AOI-0010,2024-10-23,,,
AOI-0010,2025-04-16,,,
AOI-0010,2025-04-18,,,
AOI-0010,2025-05-09,,,
AOI-0010,2025-06-05,,,
AOI-0010,2025-06-07,,,
AOI-0010,2025-06-28,,,
AOI-0010,2025-07-05,,,
AOI-0010,2025-07-06,,,
AOI-0010,2025-07-07,,,
AOI-0010,2025-07-25,,,
AOI-0010,2025-07-30,,,
AOI-0010,2025-08-16,,,
AOI-0010,2025-08-27,,,
AOI-0010,2025-09-16,,,
AOI-0010,2025-09-30,,,
AOI-0010,2025-10-05,,,
AOI-0011,2025-04-07,,,
AOI-0011,2025-04-17,,,
AOI-0011,2025-04-23,,,
AOI-0011,2025-04-28,,,
AOI-0011,2025-05-24,,,
AOI-0011,2025-06-03,,,
AOI-0011,2025-07-12,,,
AOI-0011,2025-08-06,,,
AOI-0011,2025-08-14,,,
AOI-0011,2025-08-19,,,
AOI-0011,2025-08-27,,,
AOI-0011,2025-09-30,,,
AOI-0011,2025-10-03,,,
AOI-0011,2025-10-05,,,
AOI-0012,2025-04-01,,,
AOI-0012,2025-04-28,,,
AOI-0012,2025-05-16,,,
AOI-0012,2025-06-03,,,
AOI-0012,2025-06-05,,,
AOI-0012,2025-06-15,,,
AOI-0012,2025-06-26,,,
AOI-0012,2025-07-10,,,
AOI-0012,2025-07-18,,,
AOI-0012,2025-07-30,,,
AOI-0013,2010-04-16,,,
AOI-0013,2010-06-10,,,
AOI-0013,2010-06-19,,,
AOI-0013,2010-10-24,,,
AOI-0013,2011-04-18,,,
AOI-0013,2011-04-26,,,
AOI-0013,2012-05-08,,,
AOI-0013,2012-06-23,,,
AOI-0013,2012-08-12,,,
AOI-0013,2013-04-16,,,
AOI-0013,2013-04-24,,,
AOI-0013,2013-05-02,,,
AOI-0013,2013-05-09,,,
AOI-0013,2013-06-11,,,
AOI-0013,2013-07-12,,,
AOI-0013,2013-07-28,,,
AOI-0013,2014-05-29,,,
AOI-0013,2014-06-10,,,
AOI-0013,2014-07-28,,,
AOI-0013,2014-08-01,,,
AOI-0013,2014-08-08,,,
AOI-0013,2014-08-13,,,
AOI-0013,2015-05-09,,,
AOI-0013,2015-05-23,,,
AOI-0013,2015-07-12,,,
AOI-0013,2015-08-20,,,
AOI-0013,2015-10-07,,,
AOI-0013,2015-10-16,,,
AOI-0013,2016-05-09,,,
AOI-0013,2016-05-10,,,
AOI-0013,2016-08-12,,,
AOI-0013,2016-08-21,,,
AOI-0013,2016-09-13,,,
AOI-0013,2016-10-09,,,
AOI-0013,2017-04-11,,,
AOI-0013,2017-04-28,,,
AOI-0013,2017-05-01,,,
AOI-0013,2017-05-21,,,
AOI-0013,2017-05-29,,,
AOI-0013,2017-06-30,,,
AOI-0013,2017-07-27,,,
AOI-0013,2017-08-08,,,
AOI-0013,2017-08-24,,,
AOI-0013,2017-09-13,,,
AOI-0013,2017-09-17,,,
AOI-0013,2017-09-30,,,
AOI-0013,2018-05-25,,,
AOI-0013,2018-06-08,,,
AOI-0013,2018-06-15,,,
AOI-0013,2018-07-12,,,
AOI-0013,2018-08-13,,,
AOI-0013,2018-08-27,,,
AOI-0013,2018-09-28,,,
AOI-0013,2018-10-06,,,
AOI-0013,2019-04-01,,,
AOI-0013,2019-05-06,,,
AOI-0013,2019-06-02,,,
AOI-0013,2019-06-05,,,
AOI-0013,2019-06-12,,,
AOI-0013,2019-06-25,,,
AOI-0013,2019-07-17,,,
AOI-0013,2019-07-28,,,
AOI-0013,2019-08-24,,,
AOI-0013,2019-08-31,,,
AOI-0013,2019-09-08,,,
AOI-0013,2019-09-13,,,
AOI-0013,2019-10-02,,,
AOI-0013,2019-10-10,,,
AOI-0013,2019-10-17,,,
AOI-0013,2020-04-22,,,
AOI-0013,2020-05-12,,,
AOI-0013,2020-06-24,,,
AOI-0013,2020-06-26,,,
AOI-0013,2020-08-12,,,
AOI-0013,2020-08-15,,,
AOI-0013,2020-08-16,,,
AOI-0013,2020-08-20,,,
AOI-0013,2020-10-27,,,
AOI-0013,2021-04-23,,,
AOI-0013,2021-06-10,,,
AOI-0013,2021-06-11,,,
AOI-0013,2021-06-21,,,
AOI-0013,2021-07-12,,,
AOI-0013,2021-07-14,,,
AOI-0013,2021-08-20,,,
AOI-0013,2021-10-14,,,
AOI-0013,2021-10-16,,,
AOI-0013,2022-04-02,,,
AOI-0013,2022-04-17,,,
AOI-0013,2022-04-24,,,
AOI-0013,2022-04-25,,,
AOI-0013,2022-06-10,,,
AOI-0013,2022-06-16,,,
AOI-0013,2022-06-26,,,
AOI-0013,2022-07-05,,,
AOI-0013,2022-07-17,,,
AOI-0013,2022-07-22,,,
AOI-0013,2022-08-14,,,
AOI-0013,2022-09-14,,,
AOI-0013,2022-10-07,,,
AOI-0013,2022-10-14,,,
AOI-0013,2023-04-10,,,
AOI-0013,2023-06-21,,,
AOI-0013,2023-06-29,,,
AOI-0013,2023-07-06,,,
AOI-0013,2023-07-12,,,
AOI-0013,2023-07-24,,,
AOI-0013,2023-08-05,,,
AOI-0013,2023-08-20,,,
AOI-0013,2023-08-23,,,
AOI-0013,2023-08-26,,,
AOI-0013,2023-09-11,,,
AOI-0013,2023-09-14,,,
AOI-0013,2023-09-24,,,
AOI-0013,2023-10-05,,,
AOI-0013,2023-10-14,,,
AOI-0013,2023-10-17,,,
AOI-0013,2023-10-19,,,
AOI-0013,2024-04-26,,,
AOI-0013,2024-05-04,,,
AOI-0013,2024-05-23,,,
AOI-0013,2024-05-24,,,
AOI-0013,2024-06-30,,,
AOI-0013,2024-07-02,,,
AOI-0013,2024-07-11,,,
AOI-0013,2024-07-26,,,
AOI-0013,2024-07-27,,,
AOI-0013,2024-08-09,,,
AOI-0013,2024-08-11,,,
AOI-0013,2024-09-03,,,
AOI-0013,2024-09-06,,,
AOI-0013,2024-09-26,,,
AOI-0013,2024-10-08,,,
AOI-0013,2025-04-01,,,
AOI-0013,2025-04-28,,,
AOI-0013,2025-05-16,,,
AOI-0013,2025-05-19,,,
AOI-0013,2025-05-24,,,
AOI-0013,2025-07-07,,,
AOI-0013,2025-07-08,,,
AOI-0013,2025-07-14,,,
AOI-0013,2025-07-21,,,
AOI-0013,2025-07-27,,,
AOI-0013,2025-08-15,,,
AOI-0013,2025-09-03,,,
AOI-0013,2025-09-07,,,
AOI-0014,2010-04-07,,,
AOI-0014,2010-04-24,,,
AOI-0014,2010-06-10,,,
AOI-0014,2010-09-23,,,
AOI-0014,2011-04-19,,,
AOI-0014,2011-04-26,,,
AOI-0014,2011-05-09,,,
AOI-0014,2011-05-28,,,
AOI-0014,2011-06-14,,,
AOI-0014,2011-08-01,,,
AOI-0014,2011-09-14,,,
AOI-0014,2011-09-17,,,
AOI-0014,2011-10-27,,,
AOI-0014,2012-05-06,,,
AOI-0014,2012-06-25,,,
AOI-0014,2012-08-28,,,
AOI-0014,2012-09-04,,,
AOI-0014,2012-09-11,,,
AOI-0014,2012-09-27,,,
AOI-0014,2013-05-09,,,
AOI-0014,2013-06-11,,,
AOI-0014,2013-06-19,,,
AOI-0014,2013-07-28,,,
AOI-0014,2013-09-14,,,
AOI-0014,2013-09-23,,,
AOI-0014,2014-06-26,,,
AOI-0014,2014-06-29,,,
AOI-0014,2014-08-17,,,
AOI-0014,2014-09-30,,,
AOI-0014,2014-10-27,,,
AOI-0014,2015-04-14,,,
AOI-0014,2015-06-16,,,
AOI-0014,2015-06-26,,,
AOI-0014,2015-07-12,,,
AOI-0014,2015-07-27,,,
AOI-0014,2015-08-28,,,
AOI-0014,2016-04-22,,,
AOI-0014,2016-05-09,,,
AOI-0014,2016-06-03,,,
AOI-0014,2016-06-19,,,
AOI-0014,2016-08-13,,,
AOI-0014,2016-08-30,,,
AOI-0014,2017-04-26,,,
AOI-0014,2017-04-28,,,
AOI-0014,2017-05-21,,,
AOI-0014,2017-05-29,,,
AOI-0014,2017-07-23,,,
AOI-0014,2017-07-31,,,
AOI-0014,2017-08-06,,,
AOI-0014,2017-08-21,,,
AOI-0014,2017-09-10,,,
AOI-0014,2017-09-30,,,
AOI-0014,2017-10-08,,,
AOI-0014,2018-04-07,,,
AOI-0014,2018-05-03,,,
AOI-0014,2018-06-24,,,
AOI-0014,2018-07-18,,,
AOI-0014,2018-08-27,,,
AOI-0014,2018-10-06,,,
AOI-0014,2019-04-01,,,
AOI-0014,2019-04-21,,,
AOI-0014,2019-05-01,,,
AOI-0014,2019-05-09,,,
AOI-0014,2019-05-27,,,
AOI-0014,2019-05-28,,,
AOI-0014,2019-06-04,,,
AOI-0014,2019-06-11,,,
AOI-0014,2019-06-15,,,
AOI-0014,2019-06-22,,,
AOI-0014,2019-07-06,,,
AOI-0014,2019-08-14,,,
AOI-0014,2019-08-26,,,
AOI-0014,2020-04-06,,,
AOI-0014,2020-04-07,,,
AOI-0014,2020-04-17,,,
AOI-0014,2020-04-22,,,
AOI-0014,2020-04-25,,,
AOI-0014,2020-05-15,,,
AOI-0014,2020-05-17,,,
AOI-0014,2020-06-04,,,
AOI-0014,2020-06-25,,,
AOI-0014,2020-07-11,,,
AOI-0014,2020-07-27,,,
AOI-0014,2020-08-16,,,
AOI-0014,2020-09-09,,,
AOI-0014,2020-09-24,,,
AOI-0014,2021-04-07,,,
AOI-0014,2021-04-29,,,
AOI-0014,2021-05-25,,,
AOI-0014,2021-08-13,,,
AOI-0014,2021-08-18,,,
AOI-0014,2021-09-14,,,
AOI-0014,2021-10-12,,,
AOI-0014,2021-10-14,,,
AOI-0014,2022-05-15,,,
AOI-0014,2022-05-26,,,
AOI-0014,2022-05-27,,,
AOI-0014,2022-06-24,,,
AOI-0014,2022-07-14,,,
AOI-0014,2022-07-24,,,
AOI-0014,2022-08-22,,,
AOI-0014,2022-08-29,,,
AOI-0014,2022-09-02,,,
AOI-0014,2022-09-08,,,
AOI-0014,2022-09-14,,,
AOI-0014,2023-06-07,,,
AOI-0014,2023-08-10,,,
AOI-0014,2024-04-04,,,
AOI-0014,2024-05-08,,,
AOI-0014,2024-05-09,,,
AOI-0014,2024-05-21,,,
AOI-0014,2024-05-23,,,
AOI-0014,2024-06-08,,,
AOI-0014,2024-07-25,,,
AOI-0014,2024-08-11,,,
AOI-0014,2024-09-01,,,
AOI-0014,2024-09-08,,,
AOI-0014,2024-09-11,,,
AOI-0014,2024-09-18,,,
AOI-0014,2024-09-29,,,
AOI-0014,2024-10-07,,,
AOI-0014,2024-10-30,,,
AOI-0014,2025-04-23,,,
AOI-0014,2025-05-01,,,
AOI-0014,2025-05-27,,,
AOI-0014,2025-06-13,,,
AOI-0014,2025-08-12,,,
AOI-0014,2025-08-15,,,
AOI-0014,2025-08-24,,,
AOI-0014,2025-09-11,,,
AOI-0014,2025-09-14,,,
AOI-0014,2025-09-23,,,
AOI-0014,2025-09-24,,,
AOI-0015,2025-05-04,,,
AOI-0015,2025-05-27,,,
AOI-0015,2025-06-07,,,
AOI-0015,2025-07-03,,,
AOI-0015,2025-07-05,,,
AOI-0015,2025-07-08,,,
AOI-0015,2025-07-13,,,
AOI-0015,2025-07-15,,,
AOI-0015,2025-07-18,,,
AOI-0015,2025-07-21,,,
AOI-0015,2025-07-23,,,
AOI-0015,2025-09-07,,,
AOI-0015,2025-10-13,,,
AOI-0015,2025-10-16,,,
AOI-0015,2025-10-18,,,
AOI-0016,2025-04-19,,,
AOI-0016,2025-05-25,,,
AOI-0016,2025-06-11,,,
AOI-0016,2025-06-26,,,
AOI-0016,2025-07-10,,,
AOI-0016,2025-07-17,,,
AOI-0016,2025-07-18,,,
AOI-0016,2025-08-19,,,
AOI-0016,2025-08-29,,,
AOI-0016,2025-10-17,,,
AOI-0017,2010-06-10,,,
AOI-0017,2010-07-29,,,
AOI-0017,2010-09-23,,,
AOI-0017,2011-04-18,,,
AOI-0017,2011-09-17,,,
AOI-0017,2011-09-26,,,
AOI-0017,2011-09-30,,,
AOI-0017,2011-10-11,,,
AOI-0017,2011-10-27,,,
AOI-0017,2012-07-18,,,
AOI-0017,2012-07-27,,,
AOI-0017,2012-08-28,,,
AOI-0017,2012-09-29,,,
AOI-0017,2013-05-25,,,
AOI-0017,2013-07-12,,,
AOI-0017,2013-08-14,,,
AOI-0017,2013-09-14,,,
AOI-0017,2013-09-30,,,
AOI-0017,2013-10-09,,,
AOI-0017,2013-10-25,,,
AOI-0017,2014-04-23,,,
AOI-0017,2014-06-06,,,
AOI-0017,2014-07-24,,,
AOI-0017,2014-10-04,,,
AOI-0017,2015-04-23,,,
AOI-0017,2015-04-30,,,
AOI-0017,2015-07-11,,,
AOI-0017,2015-07-27,,,
AOI-0017,2015-08-03,,,
AOI-0017,2015-08-29,,,
AOI-0017,2015-10-16,,,
AOI-0017,2016-04-06,,,
AOI-0017,2016-04-07,,,
AOI-0017,2016-06-18,,,
AOI-0017,2016-07-05,,,
AOI-0017,2016-07-27,,,
AOI-0017,2016-08-21,,,
AOI-0017,2016-09-15,,,
AOI-0017,2016-10-15,,,
AOI-0017,2016-10-17,,,
AOI-0017,2017-06-06,,,
AOI-0017,2017-07-31,,,
AOI-0017,2017-08-01,,,
AOI-0017,2017-09-02,,,
AOI-0017,2018-04-05,,,
AOI-0017,2018-05-09,,,
AOI-0017,2018-05-23,,,
AOI-0017,2018-06-20,,,
AOI-0017,2018-07-11,,,
AOI-0017,2018-07-12,,,
AOI-0017,2019-04-25,,,
AOI-0017,2019-04-28,,,
AOI-0017,2019-05-13,,,
AOI-0017,2019-05-18,,,
AOI-0017,2019-05-28,,,
AOI-0017,2019-06-04,,,
AOI-0017,2019-06-12,,,
AOI-0017,2019-06-17,,,
AOI-0017,2019-07-17,,,
AOI-0017,2019-08-06,,,
AOI-0017,2019-08-11,,,
AOI-0017,2019-08-24,,,
AOI-0017,2019-08-29,,,
AOI-0017,2019-08-31,,,
AOI-0017,2019-09-13,,,
AOI-0017,2020-04-25,,,
AOI-0017,2020-04-30,,,
AOI-0017,2020-05-08,,,
AOI-0017,2020-06-06,,,
AOI-0017,2020-06-26,,,
AOI-0017,2020-07-26,,,
AOI-0017,2020-08-18,,,
AOI-0017,2020-09-02,,,
AOI-0017,2020-09-04,,,
AOI-0017,2020-09-09,,,
AOI-0017,2020-09-10,,,
AOI-0017,2020-09-19,,,
AOI-0017,2020-10-12,,,
AOI-0017,2021-04-07,,,
AOI-0017,2021-05-20,,,
AOI-0017,2021-07-02,,,
AOI-0017,2021-08-29,,,
AOI-0017,2021-09-04,,,
AOI-0017,2021-09-27,,,
AOI-0017,2021-10-06,,,
AOI-0017,2021-10-27,,,
AOI-0017,2022-04-17,,,
AOI-0017,2022-04-23,,,
AOI-0017,2022-05-26,,,
AOI-0017,2022-05-27,,,
AOI-0017,2022-06-03,,,
AOI-0017,2022-06-11,,,
AOI-0017,2022-06-30,,,
AOI-0017,2022-07-12,,,
AOI-0017,2022-07-19,,,
AOI-0017,2022-07-24,,,
AOI-0017,2022-08-07,,,
AOI-0017,2022-08-14,,,
AOI-0017,2022-08-15,,,
AOI-0017,2022-08-23,,,
AOI-0017,2022-08-30,,,
AOI-0017,2022-09-17,,,
AOI-0017,2022-10-19,,,
AOI-0017,2023-04-02,,,
AOI-0017,2023-05-06,,,
AOI-0017,2023-06-11,,,
AOI-0017,2023-06-19,,,
AOI-0017,2023-06-22,,,
AOI-0017,2023-07-24,,,
AOI-0017,2023-09-19,,,
AOI-0017,2023-10-12,,,
AOI-0017,2023-10-16,,,
AOI-0017,2023-10-21,,,
AOI-0017,2024-04-04,,,
AOI-0017,2024-06-05,,,
AOI-0017,2024-06-13,,,
AOI-0017,2024-06-28,,,
AOI-0017,2024-07-19,,,
AOI-0017,2024-08-22,,,
AOI-0017,2024-09-01,,,
AOI-0017,2024-09-21,,,
AOI-0017,2024-09-29,,,
AOI-0017,2024-10-08,,,
AOI-0017,2024-10-22,,,
AOI-0017,2025-05-04,,,
AOI-0017,2025-05-27,,,
AOI-0017,2025-06-07,,,
AOI-0017,2025-06-28,,,
AOI-0017,2025-07-07,,,
AOI-0017,2025-08-23,,,
AOI-0017,2025-09-01,,,
AOI-0017,2025-10-02,,,
AOI-0018,2025-04-19,,,
AOI-0018,2025-05-27,,,
AOI-0018,2025-06-13,,,
AOI-0018,2025-06-15,,,
AOI-0018,2025-07-05,,,
AOI-0018,2025-07-07,,,
AOI-0018,2025-07-14,,,
AOI-0018,2025-07-21,,,
AOI-0018,2025-08-19,,,
AOI-0018,2025-08-27,,,
AOI-0018,2025-09-08,,,
AOI-0018,2025-09-24,,,
AOI-0018,2025-10-17,,,
AOI-0019,2025-04-14,,,
AOI-0019,2025-04-17,,,
AOI-0019,2025-04-28,,,
AOI-0019,2025-05-14,,,
AOI-0019,2025-05-25,,,
AOI-0019,2025-06-15,,,
AOI-0019,2025-06-27,,,
AOI-0019,2025-06-30,,,
AOI-0019,2025-07-10,,,
AOI-0019,2025-07-14,,,
AOI-0019,2025-08-14,,,
AOI-0019,2025-08-31,,,
AOI-0019,2025-09-15,,,
AOI-0019,2025-09-23,,,
AOI-0019,2025-09-24,,,
AOI-0019,2025-10-18,,,
AOI-0020,2025-04-18,,,
AOI-0020,2025-04-23,,,
AOI-0020,2025-05-03,,,
AOI-0020,2025-06-03,,,
AOI-0020,2025-06-11,,,
AOI-0020,2025-07-12,,,
AOI-0020,2025-07-21,,,
AOI-0020,2025-07-29,,,
AOI-0020,2025-07-30,,,
AOI-0020,2025-08-19,,,
AOI-0020,2025-10-13,,,
AOI-0021,2025-04-28,,,
AOI-0021,2025-05-27,,,
AOI-0021,2025-06-03,,,
AOI-0021,2025-07-06,,,
AOI-0021,2025-07-18,,,
AOI-0021,2025-07-29,,,
AOI-0021,2025-08-07,,,
AOI-0021,2025-08-22,,,
AOI-0021,2025-08-30,,,
AOI-0021,2025-09-15,,,
AOI-0021,2025-09-24,,,
AOI-0021,2025-10-03,,,
AOI-0022,2025-04-01,,,
AOI-0022,2025-05-03,,,
AOI-0022,2025-05-06,,,
AOI-0022,2025-05-25,,,
AOI-0022,2025-05-28,,,
AOI-0022,2025-07-08,,,
AOI-0022,2025-07-17,,,
AOI-0022,2025-07-21,,,
AOI-0022,2025-08-27,,,
AOI-0022,2025-08-31,,,
AOI-0022,2025-09-23,,,
AOI-0022,2025-09-24,,,
AOI-0022,2025-09-30,,,
AOI-0023,2025-04-16,,,
AOI-0023,2025-04-17,,,
AOI-0023,2025-04-24,,,
AOI-0023,2025-05-01,,,
AOI-0023,2025-05-04,,,
AOI-0023,2025-06-27,,,
AOI-0023,2025-07-05,,,
AOI-0023,2025-07-14,,,
AOI-0023,2025-07-15,,,
AOI-0023,2025-08-14,,,
AOI-0023,2025-08-22,,,
AOI-0023,2025-08-30,,,
AOI-0023,2025-09-21,,,
AOI-0023,2025-09-23,,,
AOI-0023,2025-10-17,,,
AOI-0024,2025-04-07,,,
AOI-0024,2025-04-23,,,
AOI-0024,2025-05-25,,,
AOI-0024,2025-05-28,,,
AOI-0024,2025-06-05,,,
AOI-0024,2025-07-03,,,
AOI-0024,2025-07-21,,,
AOI-0024,2025-07-25,,,
AOI-0024,2025-08-06,,,
AOI-0024,2025-08-09,,,
AOI-0024,2025-09-14,,,
AOI-0024,2025-09-21,,,
AOI-0024,2025-09-30,,,
AOI-0024,2025-10-02,,,
AOI-0024,2025-10-18,,,
AOI-0025,2025-04-14,,,
AOI-0025,2025-04-23,,,
AOI-0025,2025-04-24,,,
AOI-0025,2025-04-29,,,
AOI-0025,2025-05-09,,,
AOI-0025,2025-06-03,,,
AOI-0025,2025-06-13,,,
AOI-0025,2025-06-27,,,
AOI-0025,2025-07-21,,,
AOI-0025,2025-08-07,,,
AOI-0025,2025-08-30,,,
AOI-0025,2025-09-07,,,
AOI-0025,2025-09-14,,,
AOI-0025,2025-10-17,,,
AOI-0026,2025-04-07,,,
AOI-0026,2025-04-24,,,
AOI-0026,2025-05-09,,,
AOI-0026,2025-06-13,,,
AOI-0026,2025-07-08,,,
AOI-0026,2025-07-10,,,
AOI-0026,2025-07-12,,,
AOI-0026,2025-07-13,,,
AOI-0026,2025-07-18,,,
AOI-0026,2025-07-30,,,
AOI-0026,2025-08-19,,,
AOI-0026,2025-09-08,,,
AOI-0026,2025-09-23,,,
AOI-0026,2025-09-30,,,
AOI-0027,2025-04-16,,,
AOI-0027,2025-04-24,,,
AOI-0027,2025-06-13,,,
AOI-0027,2025-06-27,,,
AOI-0027,2025-07-05,,,
AOI-0027,2025-07-12,,,
AOI-0027,2025-07-13,,,
AOI-0027,2025-07-23,,,
AOI-0027,2025-07-29,,,
AOI-0027,2025-08-19,,,
AOI-0027,2025-08-30,,,
AOI-0027,2025-09-16,,,
AOI-0027,2025-10-16,,,
AOI-0028,2010-04-07,,,
AOI-0028,2010-04-15,,,
AOI-0028,2010-10-24,,,
AOI-0028,2011-05-25,,,
AOI-0028,2011-07-28,,,
AOI-0028,2011-08-08,,,
AOI-0028,2011-10-11,,,
AOI-0028,2012-04-22,,,
AOI-0028,2012-09-27,,,
AOI-0028,2012-10-15,,,
AOI-0028,2013-04-07,,,
AOI-0028,2013-06-10,,,
AOI-0028,2013-06-26,,,
AOI-0028,2013-08-29,,,
AOI-0028,2014-04-07,,,
AOI-0028,2014-05-04,,,
AOI-0028,2014-07-28,,,
AOI-0028,2014-10-11,,,
AOI-0028,2015-04-13,,,
AOI-0028,2015-08-27,,,
AOI-0028,2015-09-28,,,
AOI-0028,2016-04-07,,,
AOI-0028,2016-04-23,,,
AOI-0028,2016-06-09,,,
AOI-0028,2016-06-10,,,
AOI-0028,2016-06-25,,,
AOI-0028,2016-07-27,,,
AOI-0028,2016-09-06,,,
AOI-0028,2017-04-26,,,
AOI-0028,2017-07-23,,,
AOI-0028,2017-08-09,,,
AOI-0028,2017-08-13,,,
AOI-0028,2017-08-29,,,
AOI-0028,2017-09-17,,,
AOI-0028,2018-05-11,,,
AOI-0028,2018-08-19,,,
AOI-0028,2018-08-29,,,
AOI-0028,2018-09-12,,,
AOI-0028,2018-10-08,,,
AOI-0028,2019-04-06,,,
AOI-0028,2019-05-02,,,
AOI-0028,2019-05-25,,,
AOI-0028,2019-06-27,,,
AOI-0028,2019-08-09,,,
AOI-0028,2019-08-24,,,
AOI-0028,2019-10-17,,,
AOI-0028,2020-04-25,,,
AOI-0028,2020-05-04,,,
AOI-0028,2020-05-08,,,
AOI-0028,2020-05-30,,,
AOI-0028,2020-07-14,,,
AOI-0028,2020-08-03,,,
AOI-0028,2020-08-08,,,
AOI-0028,2020-09-02,,,
AOI-0028,2020-09-13,,,
AOI-0028,2021-06-14,,,
AOI-0028,2021-06-16,,,
AOI-0028,2021-06-24,,,
AOI-0028,2021-06-26,,,
AOI-0028,2021-07-24,,,
AOI-0028,2021-10-27,,,
AOI-0028,2022-04-07,,,
AOI-0028,2022-04-23,,,
AOI-0028,2022-06-09,,,
AOI-0028,2022-06-29,,,
AOI-0028,2022-07-28,,,
AOI-0028,2022-08-03,,,
AOI-0028,2022-08-08,,,
AOI-0028,2022-08-30,,,
AOI-0028,2022-10-01,,,
AOI-0028,2023-04-07,,,
AOI-0028,2023-04-11,,,
AOI-0028,2023-05-05,,,
AOI-0028,2023-05-09,,,
AOI-0028,2023-06-09,,,
AOI-0028,2023-08-06,,,
AOI-0028,2023-08-23,,,
AOI-0028,2023-08-29,,,
AOI-0028,2023-09-22,,,
AOI-0028,2023-09-24,,,
AOI-0028,2023-09-30,,,
AOI-0028,2024-05-07,,,
AOI-0028,2024-05-23,,,
AOI-0028,2024-05-24,,,
AOI-0028,2024-07-27,,,
AOI-0028,2024-08-03,,,
AOI-0028,2024-08-12,,,
AOI-0028,2024-09-11,,,
AOI-0028,2024-09-16,,,
AOI-0028,2025-04-07,,,
AOI-0028,2025-05-24,,,
AOI-0028,2025-05-31,,,
AOI-0028,2025-06-11,,,
AOI-0028,2025-06-26,,,
AOI-0028,2025-06-27,,,
AOI-0028,2025-07-10,,,
AOI-0028,2025-07-13,,,
AOI-0028,2025-07-23,,,
AOI-0028,2025-08-13,,,
AOI-0028,2025-09-08,,,
AOI-0028,2025-09-11,,,
AOI-0028,2025-10-16,,,
AOI-0028,2025-10-28,,,
AOI-0029,2025-04-04,,,
AOI-0029,2025-04-24,,,
AOI-0029,2025-06-08,,,
AOI-0029,2025-06-10,,,
AOI-0029,2025-06-11,,,
AOI-0029,2025-06-13,,,
AOI-0029,2025-07-29,,,
AOI-0029,2025-08-02,,,
AOI-0029,2025-08-19,,,
AOI-0029,2025-09-11,,,
AOI-0029,2025-09-16,,,
AOI-0030,2025-04-21,,,
AOI-0030,2025-04-24,,,
AOI-0030,2025-06-10,,,
AOI-0030,2025-08-07,,,
AOI-0031,2010-06-04,,,
AOI-0031,2010-09-14,,,
AOI-0031,2011-04-23,,,
AOI-0031,2011-06-10,,,
AOI-0031,2011-07-09,,,
AOI-0031,2011-08-11,,,
AOI-0031,2011-08-18,,,
AOI-0031,2011-08-19,,,
AOI-0031,2011-09-19,,,
AOI-0031,2012-04-06,,,
AOI-0031,2012-04-15,,,
AOI-0031,2013-04-07,,,
AOI-0031,2013-05-09,,,
AOI-0031,2013-05-12,,,
AOI-0031,2013-05-25,,,
AOI-0031,2013-06-12,,,
AOI-0031,2013-06-28,,,
AOI-0031,2013-07-23,,,
AOI-0031,2013-08-13,,,
AOI-0031,2013-10-16,,,
AOI-0031,2014-05-23,,,
AOI-0031,2014-06-23,,,
AOI-0031,2014-07-17,,,
AOI-0031,2014-07-28,,,
AOI-0031,2014-08-02,,,
AOI-0031,2014-08-13,,,
AOI-0031,2014-10-14,,,
AOI-0031,2015-09-22,,,
AOI-0031,2015-10-16,,,
AOI-0031,2016-04-01,,,
AOI-0031,2016-04-17,,,
AOI-0031,2016-04-22,,,
AOI-0031,2016-05-03,,,
AOI-0031,2016-05-24,,,
AOI-0031,2016-06-09,,,
AOI-0031,2016-06-12,,,
AOI-0031,2016-06-20,,,
AOI-0031,2016-06-25,,,
AOI-0031,2016-07-30,,,
AOI-0031,2017-05-06,,,
AOI-0031,2017-06-07,,,
AOI-0031,2017-08-03,,,
AOI-0031,2017-08-13,,,
AOI-0031,2017-09-04,,,
AOI-0031,2017-09-22,,,
AOI-0031,2018-04-23,,,
AOI-0031,2018-05-02,,,
AOI-0031,2018-05-18,,,
AOI-0031,2018-06-03,,,
AOI-0031,2018-06-10,,,
AOI-0031,2018-06-11,,,
AOI-0031,2018-07-13,,,
AOI-0031,2018-09-06,,,
AOI-0031,2018-09-14,,,
AOI-0031,2018-10-07,,,
AOI-0031,2018-10-12,,,
AOI-0031,2019-04-10,,,
AOI-0031,2019-06-14,,,
AOI-0031,2019-06-22,,,
AOI-0031,2019-07-09,,,
AOI-0031,2019-07-23,,,
AOI-0031,2019-08-08,,,
AOI-0031,2019-08-31,,,
AOI-0031,2019-09-17,,,
AOI-0031,2019-10-03,,,
AOI-0031,2019-10-10,,,
AOI-0031,2019-10-12,,,
AOI-0031,2019-10-22,,,
AOI-0031,2020-04-13,,,
AOI-0031,2020-06-01,,,
AOI-0031,2020-06-06,,,
AOI-0031,2020-07-11,,,
AOI-0031,2020-07-18,,,
AOI-0031,2020-07-28,,,
AOI-0031,2020-08-07,,,
AOI-0031,2020-08-17,,,
AOI-0031,2020-08-22,,,
AOI-0031,2020-09-27,,,
AOI-0031,2020-10-13,,,
AOI-0031,2020-10-19,,,
AOI-0031,2020-10-21,,,
AOI-0031,2021-04-07,,,
AOI-0031,2021-05-17,,,
AOI-0031,2021-06-11,,,
AOI-0031,2021-07-01,,,
AOI-0031,2021-07-16,,,
AOI-0031,2021-07-21,,,
AOI-0031,2021-08-06,,,
AOI-0031,2021-08-25,,,
AOI-0031,2021-08-30,,,
AOI-0031,2022-05-14,,,
AOI-0031,2022-06-10,,,
AOI-0031,2022-06-11,,,
AOI-0031,2022-06-20,,,
AOI-0031,2022-06-21,,,
AOI-0031,2022-07-08,,,
AOI-0031,2022-07-12,,,
AOI-0031,2022-09-08,,,
AOI-0031,2022-09-09,,,
AOI-0031,2022-09-10,,,
AOI-0031,2022-09-11,,,
AOI-0031,2022-09-26,,,
AOI-0031,2022-09-29,,,
AOI-0031,2023-04-04,,,
AOI-0031,2023-04-27,,,
AOI-0031,2023-05-17,,,
AOI-0031,2023-06-17,,,
AOI-0031,2023-06-23,,,
AOI-0031,2023-06-26,,,
AOI-0031,2023-07-11,,,
AOI-0031,2023-08-15,,,
AOI-0031,2023-09-19,,,
AOI-0031,2023-09-20,,,
AOI-0031,2023-09-30,,,
AOI-0031,2023-10-15,,,
AOI-0031,2023-10-24,,,
AOI-0031,2024-05-03,,,
AOI-0031,2024-06-02,,,
AOI-0031,2024-07-02,,,
AOI-0031,2024-07-10,,,
AOI-0031,2024-07-13,,,
AOI-0031,2024-08-09,,,
AOI-0031,2024-08-16,,,
AOI-0031,2024-08-26,,,
AOI-0031,2025-04-19,,,
AOI-0031,2025-04-23,,,
AOI-0031,2025-06-21,,,
AOI-0031,2025-07-12,,,
AOI-0031,2025-07-15,,,
AOI-0031,2025-08-06,,,
AOI-0031,2025-08-09,,,
AOI-0031,2025-09-08,,,
AOI-0031,2025-09-15,,,
AOI-0031,2025-09-17,,,
AOI-0031,2025-10-02,,,
AOI-0031,2025-10-22,,,
AOI-0032,2010-06-04,,,
AOI-0032,2010-06-10,,,
AOI-0032,2010-06-20,,,
AOI-0032,2010-07-12,,,
AOI-0032,2010-08-16,,,
AOI-0032,2010-09-14,,,
AOI-0032,2010-09-30,,,
AOI-0032,2011-07-12,,,
AOI-0032,2011-08-29,,,
AOI-0032,2011-09-11,,,
AOI-0032,2011-09-28,,,
AOI-0032,2012-04-06,,,
AOI-0032,2012-05-01,,,
AOI-0032,2012-06-25,,,
AOI-0032,2012-10-08,,,
AOI-0032,2013-05-19,,,
AOI-0032,2013-05-20,,,
AOI-0032,2013-06-10,,,
AOI-0032,2013-06-12,,,
AOI-0032,2013-06-13,,,
AOI-0032,2013-07-22,,,
AOI-0032,2013-07-30,,,
AOI-0032,2013-08-13,,,
AOI-0032,2013-08-29,,,
AOI-0032,2013-09-14,,,
AOI-0032,2014-06-16,,,
AOI-0032,2014-06-26,,,
AOI-0032,2014-07-12,,,
AOI-0032,2014-09-03,,,
AOI-0032,2015-04-23,,,
AOI-0032,2015-06-18,,,
AOI-0032,2015-07-13,,,
AOI-0032,2015-09-15,,,
AOI-0032,2015-09-23,,,
AOI-0032,2015-09-30,,,
AOI-0032,2016-04-06,,,
AOI-0032,2016-04-10,,,
AOI-0032,2016-05-03,,,
AOI-0032,2016-06-09,,,
AOI-0032,2016-06-28,,,
AOI-0032,2016-07-15,,,
AOI-0032,2016-07-30,,,
AOI-0032,2016-08-16,,,
AOI-0032,2016-09-09,,,
AOI-0032,2016-10-18,,,
AOI-0032,2017-04-04,,,
AOI-0032,2017-04-28,,,
AOI-0032,2017-05-09,,,
AOI-0032,2017-07-02,,,
AOI-0032,2017-08-02,,,
AOI-0032,2017-08-11,,,
AOI-0032,2017-08-19,,,
AOI-0032,2017-08-27,,,
AOI-0032,2017-09-03,,,
AOI-0032,2017-09-12,,,
AOI-0032,2018-04-15,,,
AOI-0032,2018-06-10,,,
AOI-0032,2018-06-19,,,
AOI-0032,2018-09-14,,,
AOI-0032,2018-09-23,,,
AOI-0032,2018-09-30,,,
AOI-0032,2018-10-07,,,
AOI-0032,2018-10-12,,,
AOI-0032,2019-04-26,,,
AOI-0032,2019-04-28,,,
AOI-0032,2019-05-18,,,
AOI-0032,2019-05-20,,,
AOI-0032,2019-05-30,,,
AOI-0032,2019-06-14,,,
AOI-0032,2019-06-19,,,
AOI-0032,2019-07-23,,,
AOI-0032,2019-09-25,,,
AOI-0032,2019-10-05,,,
AOI-0032,2019-10-11,,,
AOI-0032,2019-10-25,,,
AOI-0032,2019-10-28,,,
AOI-0032,2020-05-27,,,
AOI-0032,2020-05-30,,,
AOI-0032,2020-06-24,,,
AOI-0032,2020-06-26,,,
AOI-0032,2020-08-05,,,
AOI-0032,2020-08-07,,,
AOI-0032,2020-09-13,,,
AOI-0032,2020-09-28,,,
AOI-0032,2020-09-29,,,
AOI-0032,2020-10-05,,,
AOI-0032,2020-10-06,,,
AOI-0032,2020-10-24,,,
AOI-0032,2021-04-04,,,
AOI-0032,2021-04-23,,,
AOI-0032,2021-05-01,,,
AOI-0032,2021-05-25,,,
AOI-0032,2021-06-18,,,
AOI-0032,2021-07-01,,,
AOI-0032,2021-07-18,,,
AOI-0032,2021-09-06,,,
AOI-0032,2021-09-15,,,
AOI-0032,2021-10-08,,,
AOI-0032,2022-04-26,,,
AOI-0032,2022-05-09,,,
AOI-0032,2022-05-13,,,
AOI-0032,2022-05-29,,,
AOI-0032,2022-06-06,,,
AOI-0032,2022-06-13,,,
AOI-0032,2022-06-30,,,
AOI-0032,2022-08-01,,,
AOI-0032,2022-08-02,,,
AOI-0032,2022-08-15,,,
AOI-0032,2022-08-24,,,
AOI-0032,2022-08-29,,,
AOI-0032,2022-09-11,,,
AOI-0032,2023-04-07,,,
AOI-0032,2023-04-12,,,
AOI-0032,2023-05-12,,,
AOI-0032,2023-05-15,,,
AOI-0032,2023-05-24,,,
AOI-0032,2023-06-06,,,
AOI-0032,2023-06-18,,,
AOI-0032,2023-07-26,,,
AOI-0032,2023-07-28,,,
AOI-0032,2023-08-08,,,
AOI-0032,2023-09-01,,,
AOI-0032,2023-09-11,,,
AOI-0032,2023-09-24,,,
AOI-0032,2024-04-07,,,
AOI-0032,2024-05-06,,,
AOI-0032,2024-06-03,,,
AOI-0032,2024-07-12,,,
AOI-0032,2024-07-25,,,
AOI-0032,2024-07-30,,,
AOI-0032,2024-08-22,,,
AOI-0032,2024-08-30,,,
AOI-0032,2024-09-13,,,
AOI-0032,2024-09-18,,,
AOI-0032,2024-10-05,,,
AOI-0032,2024-10-15,,,
AOI-0032,2024-10-23,,,
AOI-0032,2025-05-06,,,
AOI-0032,2025-05-28,,,
AOI-0032,2025-06-30,,,
AOI-0032,2025-07-07,,,
AOI-0032,2025-07-10,,,
AOI-0032,2025-08-13,,,
AOI-0032,2025-08-16,,,
AOI-0032,2025-08-24,,,
AOI-0032,2025-08-31,,,
AOI-0032,2025-09-03,,,
AOI-0032,2025-10-08,,,
AOI-0033,2025-04-28,,,
AOI-0033,2025-05-20,,,
AOI-0033,2025-06-10,,,
AOI-0033,2025-06-22,,,
AOI-0033,2025-07-05,,,
AOI-0033,2025-07-10,,,
AOI-0033,2025-09-15,,,
AOI-0034,2025-04-25,,,
AOI-0034,2025-05-06,,,
AOI-0034,2025-05-09,,,
AOI-0034,2025-06-10,,,
AOI-0034,2025-06-15,,,
AOI-0034,2025-06-21,,,
AOI-0034,2025-07-07,,,
AOI-0034,2025-07-10,,,
AOI-0034,2025-07-16,,,
AOI-0034,2025-08-31,,,
AOI-0034,2025-09-13,,,
AOI-0034,2025-09-23,,,
AOI-0034,2025-10-02,,,
AOI-0034,2025-10-16,,,
AOI-0035,2025-05-16,,,
AOI-0035,2025-05-20,,,
AOI-0035,2025-06-05,,,
AOI-0035,2025-06-07,,,
AOI-0035,2025-06-10,,,
AOI-0035,2025-07-30,,,
AOI-0035,2025-08-31,,,
AOI-0035,2025-09-26,,,
AOI-0035,2025-09-28,,,
AOI-0035,2025-10-02,,,
AOI-0035,2025-10-30,,,
AOI-0036,2025-05-16,,,
AOI-0036,2025-07-16,,,
AOI-0036,2025-08-01,,,
AOI-0036,2025-08-09,,,
AOI-0036,2025-08-23,,,
AOI-0036,2025-10-02,,,
AOI-0037,2025-04-07,,,
AOI-0037,2025-04-16,,,
AOI-0037,2025-05-23,,,
AOI-0037,2025-06-30,,,
AOI-0037,2025-07-14,,,
AOI-0037,2025-07-23,,,
AOI-0037,2025-08-09,,,
AOI-0037,2025-08-16,,,
AOI-0037,2025-09-12,,,
AOI-0037,2025-09-13,,,
AOI-0037,2025-09-23,,,
AOI-0037,2025-09-26,,,
AOI-0037,2025-09-30,,,
AOI-0037,2025-10-05,,,
AOI-0038,2025-04-07,,,
AOI-0038,2025-04-25,,,
AOI-0038,2025-06-14,,,
AOI-0038,2025-07-10,,,
AOI-0038,2025-07-15,,,
AOI-0038,2025-08-14,,,
AOI-0038,2025-09-02,,,
AOI-0038,2025-10-05,,,
AOI-0038,2025-10-08,,,
AOI-0038,2025-10-16,,,
AOI-0039,2025-05-04,,,
AOI-0039,2025-05-08,,,
AOI-0039,2025-05-28,,,
AOI-0039,2025-07-10,,,
AOI-0039,2025-08-06,,,
AOI-0039,2025-08-24,,,
AOI-0039,2025-09-08,,,
AOI-0039,2025-09-12,,,
AOI-0039,2025-09-14,,,
AOI-0039,2025-09-26,,,
AOI-0039,2025-10-23,,,
AOI-0040,2025-04-02,,,
AOI-0040,2025-04-03,,,
AOI-0040,2025-05-06,,,
AOI-0040,2025-06-07,,,
AOI-0040,2025-07-08,,,
AOI-0040,2025-09-12,,,
AOI-0040,2025-09-13,,,
AOI-0040,2025-09-28,,,
AOI-0040,2025-09-30,,,
AOI-0040,2025-10-02,,,
AOI-0041,2025-04-23,,,
AOI-0041,2025-05-20,,,
AOI-0041,2025-06-22,,,
AOI-0041,2025-06-27,,,
AOI-0041,2025-07-23,,,
AOI-0041,2025-08-19,,,
AOI-0041,2025-09-30,,,
AOI-0042,2025-04-18,,,
AOI-0042,2025-05-04,,,
AOI-0042,2025-06-13,,,
AOI-0042,2025-07-14,,,
AOI-0042,2025-07-16,,,
AOI-0042,2025-07-24,,,
AOI-0042,2025-08-17,,,
AOI-0042,2025-08-19,,,
AOI-0042,2025-08-24,,,
AOI-0042,2025-08-29,,,
AOI-0042,2025-09-15,,,
AOI-0042,2025-09-17,,,
AOI-0042,2025-10-02,,,
AOI-0043,2025-04-24,,,
AOI-0043,2025-04-29,,,
AOI-0043,2025-05-31,,,
AOI-0043,2025-06-08,,,
AOI-0043,2025-06-15,,,
AOI-0043,2025-06-17,,,
AOI-0043,2025-06-25,,,
AOI-0043,2025-07-07,,,
AOI-0043,2025-07-13,,,
AOI-0043,2025-08-12,,,
AOI-0043,2025-09-24,,,
AOI-0043,2025-10-13,,,
AOI-0043,2025-10-15,,,
AOI-0044,2010-04-16,,,
AOI-0044,2010-04-25,,,
AOI-0044,2010-05-09,,,
AOI-0044,2010-05-18,,,
AOI-0044,2010-06-12,,,
AOI-0044,2010-06-20,,,
AOI-0044,2010-06-28,,,
AOI-0044,2010-07-29,,,
AOI-0044,2010-08-06,,,
AOI-0044,2010-10-16,,,
AOI-0044,2010-10-25,,,
AOI-0044,2011-07-16,,,
AOI-0044,2011-08-01,,,
AOI-0044,2011-08-02,,,
AOI-0044,2011-10-16,,,
AOI-0044,2012-04-06,,,
AOI-0044,2012-05-08,,,
AOI-0044,2013-05-02,,,
AOI-0044,2013-05-03,,,
AOI-0044,2013-05-11,,,
AOI-0044,2014-04-07,,,
AOI-0044,2014-06-06,,,
AOI-0044,2014-06-14,,,
AOI-0044,2014-06-23,,,
AOI-0044,2014-08-02,,,
AOI-0044,2014-08-09,,,
AOI-0044,2014-08-29,,,
AOI-0044,2014-09-18,,,
AOI-0044,2014-09-19,,,
AOI-0044,2014-10-04,,,
AOI-0044,2014-10-12,,,
AOI-0044,2014-10-28,,,
AOI-0044,2014-10-29,,,
AOI-0044,2015-06-26,,,
AOI-0044,2015-07-27,,,
AOI-0044,2015-07-28,,,
AOI-0044,2015-08-29,,,
AOI-0044,2015-10-08,,,
AOI-0044,2015-10-16,,,
AOI-0044,2016-04-08,,,
AOI-0044,2016-05-08,,,
AOI-0044,2016-05-11,,,
AOI-0044,2016-06-20,,,
AOI-0044,2016-06-25,,,
AOI-0044,2016-07-13,,,
AOI-0044,2016-07-27,,,
AOI-0044,2016-09-07,,,
AOI-0044,2016-09-13,,,
AOI-0044,2016-10-02,,,
AOI-0044,2016-10-26,,,
AOI-0044,2017-04-03,,,
AOI-0044,2017-04-04,,,
AOI-0044,2017-04-12,,,
AOI-0044,2017-06-27,,,
AOI-0044,2017-06-30,,,
AOI-0044,2017-08-10,,,
AOI-0044,2017-09-14,,,
AOI-0044,2018-04-06,,,
AOI-0044,2018-07-12,,,
AOI-0044,2018-07-19,,,
AOI-0044,2018-09-30,,,
AOI-0044,2019-04-25,,,
AOI-0044,2019-04-26,,,
AOI-0044,2019-06-02,,,
AOI-0044,2019-06-12,,,
AOI-0044,2019-06-20,,,
AOI-0044,2019-08-13,,,
AOI-0044,2019-09-10,,,
AOI-0044,2019-09-15,,,
AOI-0044,2019-09-16,,,
AOI-0044,2019-10-10,,,
AOI-0044,2020-04-17,,,
AOI-0044,2020-04-22,,,
AOI-0044,2020-05-17,,,
AOI-0044,2020-06-30,,,
AOI-0044,2020-08-10,,,
AOI-0044,2020-09-09,,,
AOI-0044,2020-09-10,,,
AOI-0044,2020-09-26,,,
AOI-0044,2020-09-29,,,
AOI-0044,2020-10-14,,,
AOI-0044,2020-10-21,,,
AOI-0044,2021-05-12,,,
AOI-0044,2021-05-17,,,
AOI-0044,2021-05-25,,,
AOI-0044,2021-07-16,,,
AOI-0044,2021-07-21,,,
AOI-0044,2021-09-30,,,
AOI-0044,2021-10-07,,,
AOI-0044,2022-05-27,,,
AOI-0044,2022-06-06,,,
AOI-0044,2022-06-12,,,
AOI-0044,2022-07-07,,,
AOI-0044,2022-08-10,,,
AOI-0044,2022-08-13,,,
AOI-0044,2022-08-24,,,
AOI-0044,2022-09-25,,,
AOI-0044,2022-09-30,,,
AOI-0044,2023-04-02,,,
AOI-0044,2023-04-07,,,
AOI-0044,2023-06-06,,,
AOI-0044,2023-06-30,,,
AOI-0044,2023-07-05,,,
AOI-0044,2023-07-09,,,
AOI-0044,2023-07-11,,,
AOI-0044,2023-07-16,,,
AOI-0044,2023-07-25,,,
AOI-0044,2023-08-05,,,
AOI-0044,2023-08-25,,,
AOI-0044,2023-09-30,,,
AOI-0044,2023-10-14,,,
AOI-0044,2024-04-06,,,
AOI-0044,2024-04-14,,,
AOI-0044,2024-06-05,,,
AOI-0044,2024-09-06,,,
AOI-0044,2024-09-21,,,
AOI-0044,2025-04-02,,,
AOI-0044,2025-05-20,,,
AOI-0044,2025-07-06,,,
AOI-0044,2025-07-10,,,
AOI-0044,2025-08-14,,,
AOI-0044,2025-09-23,,,
AOI-0044,2025-10-03,,,
AOI-0044,2025-10-15,,,
AOI-0045,2025-04-26,,,
AOI-0045,2025-06-15,,,
AOI-0045,2025-06-27,,,
AOI-0045,2025-06-29,,,
AOI-0045,2025-07-31,,,
AOI-0045,2025-08-13,,,
AOI-0045,2025-08-15,,,
AOI-0045,2025-08-16,,,
AOI-0045,2025-09-30,,,
AOI-0045,2025-10-15,,,
AOI-0046,2010-06-26,,,
AOI-0046,2010-07-12,,,
AOI-0046,2010-09-14,,,
AOI-0046,2011-05-30,,,
AOI-0046,2011-08-17,,,
AOI-0046,2012-04-22,,,
AOI-0046,2012-04-29,,,
AOI-0046,2012-06-09,,,
AOI-0046,2013-04-25,,,
AOI-0046,2013-05-09,,,
AOI-0046,2013-06-11,,,
AOI-0046,2013-06-27,,,
AOI-0046,2013-07-21,,,
AOI-0046,2013-07-28,,,
AOI-0046,2013-07-30,,,
AOI-0046,2014-05-25,,,
AOI-0046,2014-05-29,,,
AOI-0046,2014-07-01,,,
AOI-0046,2014-07-12,,,
AOI-0046,2014-08-01,,,
AOI-0046,2014-08-25,,,
AOI-0046,2014-09-19,,,
AOI-0046,2015-05-17,,,
AOI-0046,2015-07-12,,,
AOI-0046,2015-09-22,,,
AOI-0046,2015-10-16,,,
AOI-0046,2016-05-02,,,
AOI-0046,2016-05-10,,,
AOI-0046,2016-05-18,,,
AOI-0046,2016-06-03,,,
AOI-0046,2016-06-09,,,
AOI-0046,2016-07-13,,,
AOI-0046,2016-07-30,,,
AOI-0046,2016-10-02,,,
AOI-0046,2016-10-17,,,
AOI-0046,2016-10-25,,,
AOI-0046,2017-04-13,,,
AOI-0046,2017-06-27,,,
AOI-0046,2017-07-02,,,
AOI-0046,2017-07-24,,,
AOI-0046,2017-08-09,,,
AOI-0046,2017-08-21,,,
AOI-0046,2017-09-10,,,
AOI-0046,2017-09-15,,,
AOI-0046,2017-10-12,,,
AOI-0046,2018-05-09,,,
AOI-0046,2018-06-01,,,
AOI-0046,2018-07-20,,,
AOI-0046,2018-08-20,,,
AOI-0046,2018-08-29,,,
AOI-0046,2018-10-15,,,
AOI-0046,2018-10-24,,,
AOI-0046,2019-04-01,,,
AOI-0046,2019-04-18,,,
AOI-0046,2019-05-19,,,
AOI-0046,2019-08-01,,,
AOI-0046,2019-09-01,,,
AOI-0046,2019-10-20,,,
AOI-0046,2020-04-04,,,
AOI-0046,2020-04-07,,,
AOI-0046,2020-05-08,,,
AOI-0046,2020-05-24,,,
AOI-0046,2020-06-09,,,
AOI-0046,2020-09-10,,,
AOI-0046,2020-09-13,,,
AOI-0046,2020-09-26,,,
AOI-0046,2020-10-21,,,
AOI-0046,2021-05-02,,,
AOI-0046,2021-05-25,,,
AOI-0046,2021-07-11,,,
AOI-0046,2021-07-28,,,
AOI-0046,2021-08-13,,,
AOI-0046,2021-08-20,,,
AOI-0046,2021-08-29,,,
AOI-0046,2021-09-06,,,
AOI-0046,2022-06-05,,,
AOI-0046,2022-07-24,,,
AOI-0046,2022-07-29,,,
AOI-0046,2022-07-30,,,
AOI-0046,2022-08-24,,,
AOI-0046,2022-08-30,,,
AOI-0046,2023-04-02,,,
AOI-0046,2023-04-29,,,
AOI-0046,2023-05-06,,,
AOI-0046,2023-06-21,,,
AOI-0046,2023-06-24,,,
AOI-0046,2023-07-22,,,
AOI-0046,2023-07-25,,,
AOI-0046,2023-08-13,,,
AOI-0046,2023-08-18,,,
AOI-0046,2023-08-25,,,
AOI-0046,2023-08-27,,,
AOI-0046,2023-08-28,,,
AOI-0046,2023-10-13,,,
AOI-0046,2023-10-29,,,
AOI-0046,2024-04-06,,,
AOI-0046,2024-05-08,,,
AOI-0046,2024-05-09,,,
AOI-0046,2024-06-01,,,
AOI-0046,2024-06-09,,,
AOI-0046,2024-07-03,,,
AOI-0046,2024-07-19,,,
AOI-0046,2024-08-09,,,
AOI-0046,2024-08-20,,,
AOI-0046,2024-08-28,,,
AOI-0046,2024-09-13,,,
AOI-0046,2024-09-22,,,
AOI-0046,2024-10-13,,,
AOI-0046,2025-06-30,,,
AOI-0046,2025-07-15,,,
AOI-0046,2025-08-07,,,
AOI-0046,2025-08-15,,,
AOI-0046,2025-09-24,,,
AOI-0046,2025-10-02,,,
AOI-0047,2025-05-08,,,
AOI-0047,2025-05-16,,,
AOI-0047,2025-05-25,,,
AOI-0047,2025-06-15,,,
AOI-0047,2025-07-17,,,
AOI-0047,2025-07-18,,,
AOI-0047,2025-09-03,,,
AOI-0047,2025-10-15,,,
AOI-0047,2025-10-16,,,
AOI-0048,2025-04-07,,,
AOI-0048,2025-04-17,,,
AOI-0048,2025-05-09,,,
AOI-0048,2025-09-17,,,
AOI-0048,2025-09-24,,,
AOI-0049,2025-05-04,,,
AOI-0049,2025-06-26,,,
AOI-0049,2025-06-27,,,
AOI-0049,2025-07-29,,,
AOI-0049,2025-08-06,,,
AOI-0049,2025-08-12,,,
AOI-0049,2025-08-17,,,
AOI-0049,2025-09-06,,,
AOI-0049,2025-09-14,,,
AOI-0049,2025-09-26,,,
AOI-0049,2025-09-30,,,
AOI-0049,2025-10-08,,,
AOI-0049,2025-10-16,,,
AOI-0049,2025-10-28,,,
AOI-0050,2025-04-14,,,
AOI-0050,2025-04-15,,,
AOI-0050,2025-05-25,,,
AOI-0050,2025-06-27,,,
AOI-0050,2025-08-07,,,
AOI-0050,2025-08-09,,,
AOI-0050,2025-08-13,,,
AOI-0050,2025-08-17,,,
AOI-0050,2025-09-07,,,
AOI-0050,2025-09-30,,,
AOI-0050,2025-10-17,,,
AOI-0050,2025-10-28,,,
AOI-0051,2010-06-09,,,
AOI-0051,2011-06-04,,,
AOI-0051,2011-06-05,,,
AOI-0051,2011-06-12,,,
AOI-0051,2011-06-13,,,
AOI-0051,2011-09-01,,,
AOI-0051,2011-10-11,,,
AOI-0051,2012-04-27,,,
AOI-0051,2012-05-22,,,
AOI-0051,2012-08-12,,,
AOI-0051,2012-08-26,,,
AOI-0051,2012-08-28,,,
AOI-0051,2012-09-18,,,
AOI-0051,2012-10-13,,,
AOI-0051,2013-05-01,,,
AOI-0051,2013-07-19,,,
AOI-0051,2013-07-28,,,
AOI-0051,2013-08-29,,,
AOI-0051,2013-10-07,,,
AOI-0051,2013-10-16,,,
AOI-0051,2014-04-18,,,
AOI-0051,2014-06-05,,,
AOI-0051,2014-06-10,,,
AOI-0051,2014-06-28,,,
AOI-0051,2014-09-08,,,
AOI-0051,2014-09-16,,,
AOI-0051,2015-04-07,,,
AOI-0051,2015-05-23,,,
AOI-0051,2015-06-10,,,
AOI-0051,2015-06-15,,,
AOI-0051,2015-06-26,,,
AOI-0051,2015-09-14,,,
AOI-0051,2015-09-20,,,
AOI-0051,2015-10-06,,,
AOI-0051,2016-04-06,,,
AOI-0051,2016-06-25,,,
AOI-0051,2016-07-12,,,
AOI-0051,2016-08-28,,,
AOI-0051,2016-09-14,,,
AOI-0051,2016-09-29,,,
AOI-0051,2016-10-24,,,
AOI-0051,2017-05-28,,,
AOI-0051,2017-06-21,,,
AOI-0051,2017-06-28,,,
AOI-0051,2017-07-06,,,
AOI-0051,2017-07-23,,,
AOI-0051,2017-09-25,,,
AOI-0051,2017-09-30,,,
AOI-0051,2017-10-16,,,
AOI-0051,2018-04-11,,,
AOI-0051,2018-04-28,,,
AOI-0051,2018-04-29,,,
AOI-0051,2018-05-30,,,
AOI-0051,2018-06-26,,,
AOI-0051,2018-07-02,,,
AOI-0051,2018-08-02,,,
AOI-0051,2018-08-18,,,
AOI-0051,2018-09-14,,,
AOI-0051,2018-09-19,,,
AOI-0051,2018-10-14,,,
AOI-0051,2019-05-17,,,
AOI-0051,2019-05-31,,,
AOI-0051,2019-06-25,,,
AOI-0051,2019-06-30,,,
AOI-0051,2019-07-29,,,
AOI-0051,2019-08-05,,,
AOI-0051,2019-08-13,,,
AOI-0051,2019-08-22,,,
AOI-0051,2019-09-13,,,
AOI-0051,2019-10-16,,,
AOI-0051,2020-04-26,,,
AOI-0051,2020-06-09,,,
AOI-0051,2020-07-04,,,
AOI-0051,2020-07-27,,,
AOI-0051,2020-08-31,,,
AOI-0051,2020-09-07,,,
AOI-0051,2020-10-27,,,
AOI-0051,2021-05-06,,,
AOI-0051,2021-06-23,,,
AOI-0051,2021-07-19,,,
AOI-0051,2021-07-28,,,
AOI-0051,2021-08-23,,,
AOI-0051,2021-08-28,,,
AOI-0051,2021-08-29,,,
AOI-0051,2021-09-03,,,
AOI-0051,2021-09-07,,,
AOI-0051,2021-10-02,,,
AOI-0051,2021-10-21,,,
AOI-0051,2022-05-09,,,
AOI-0051,2022-05-26,,,
AOI-0051,2022-05-27,,,
AOI-0051,2022-06-11,,,
AOI-0051,2022-06-19,,,
AOI-0051,2022-06-30,,,
AOI-0051,2022-07-09,,,
AOI-0051,2022-07-12,,,
AOI-0051,2022-07-22,,,
AOI-0051,2022-07-24,,,
AOI-0051,2022-07-29,,,
AOI-0051,2022-08-13,,,
AOI-0051,2022-08-28,,,
AOI-0051,2022-09-06,,,
AOI-0051,2022-09-14,,,
AOI-0051,2022-10-07,,,
AOI-0051,2022-10-15,,,
AOI-0051,2023-04-23,,,
AOI-0051,2023-07-31,,,
AOI-0051,2023-08-28,,,
AOI-0051,2023-09-09,,,
AOI-0051,2023-09-27,,,
AOI-0051,2023-10-04,,,
AOI-0051,2024-04-05,,,
AOI-0051,2024-05-04,,,
AOI-0051,2024-05-22,,,
AOI-0051,2024-06-03,,,
AOI-0051,2024-06-23,,,
AOI-0051,2024-07-28,,,
AOI-0051,2024-08-27,,,
AOI-0051,2024-09-03,,,
AOI-0051,2024-10-01,,,
AOI-0051,2024-10-05,,,
AOI-0051,2024-10-06,,,
AOI-0051,2024-10-15,,,
AOI-0051,2025-05-09,,,
AOI-0051,2025-06-10,,,
AOI-0051,2025-06-27,,,
AOI-0051,2025-07-05,,,
AOI-0051,2025-07-10,,,
AOI-0051,2025-08-05,,,
AOI-0051,2025-08-12,,,
AOI-0051,2025-09-15,,,
AOI-0051,2025-09-16,,,
AOI-0052,2025-04-19,,,
AOI-0052,2025-06-08,,,
AOI-0052,2025-06-11,,,
AOI-0052,2025-07-05,,,
AOI-0052,2025-07-18,,,
AOI-0052,2025-08-22,,,
AOI-0052,2025-08-27,,,
AOI-0052,2025-09-06,,,
AOI-0052,2025-09-14,,,
AOI-0052,2025-10-17,,,
AOI-0053,2025-04-11,,,
AOI-0053,2025-04-14,,,
AOI-0053,2025-04-16,,,
AOI-0053,2025-04-19,,,
AOI-0053,2025-04-23,,,
AOI-0053,2025-06-26,,,
AOI-0053,2025-07-28,,,
AOI-0053,2025-08-02,,,
AOI-0053,2025-08-09,,,
AOI-0053,2025-08-12,,,
AOI-0053,2025-08-29,,,
AOI-0053,2025-09-01,,,
AOI-0053,2025-09-07,,,
AOI-0053,2025-09-11,,,
AOI-0053,2025-09-14,,,
AOI-0053,2025-09-15,,,
AOI-0053,2025-09-21,,,
AOI-0053,2025-09-26,,,
AOI-0053,2025-10-28,,,
AOI-0054,2025-04-11,,,
AOI-0054,2025-04-19,,,
AOI-0054,2025-05-04,,,
AOI-0054,2025-06-03,,,
AOI-0054,2025-07-28,,,
AOI-0054,2025-08-12,,,
AOI-0054,2025-09-21,,,
AOI-0054,2025-09-30,,,
AOI-0054,2025-10-16,,,
AOI-0055,2025-04-01,,,
AOI-0055,2025-04-11,,,
AOI-0055,2025-05-09,,,
AOI-0055,2025-07-04,,,
AOI-0055,2025-07-05,,,
AOI-0055,2025-07-08,,,
AOI-0055,2025-07-23,,,
AOI-0055,2025-08-17,,,
AOI-0055,2025-09-14,,,
AOI-0055,2025-09-22,,,
AOI-0056,2025-04-23,,,
AOI-0056,2025-05-24,,,
AOI-0056,2025-06-10,,,
AOI-0056,2025-06-19,,,
AOI-0056,2025-07-18,,,
AOI-0056,2025-07-23,,,
AOI-0056,2025-08-09,,,
AOI-0056,2025-09-06,,,
AOI-0056,2025-09-08,,,
AOI-0056,2025-10-16,,,
AOI-0057,2025-05-04,,,
AOI-0057,2025-05-09,,,
AOI-0057,2025-05-19,,,
AOI-0057,2025-06-26,,,
AOI-0057,2025-06-27,,,
AOI-0057,2025-07-10,,,
AOI-0057,2025-07-13,,,
AOI-0057,2025-07-18,,,
AOI-0057,2025-08-05,,,
AOI-0057,2025-08-27,,,
AOI-0057,2025-09-01,,,
AOI-0057,2025-09-21,,,
AOI-0058,2010-04-23,,,
AOI-0058,2010-08-13,,,
AOI-0058,2010-08-29,,,
AOI-0058,2010-09-05,,,
AOI-0058,2011-04-02,,,
AOI-0058,2011-04-26,,,
AOI-0058,2011-06-12,,,
AOI-0058,2011-07-15,,,
AOI-0058,2011-08-29,,,
AOI-0058,2011-09-01,,,
AOI-0058,2011-10-02,,,
AOI-0058,2011-10-27,,,
AOI-0058,2012-04-22,,,
AOI-0058,2012-06-09,,,
AOI-0058,2012-06-23,,,
AOI-0058,2012-07-11,,,
AOI-0058,2012-08-12,,,
AOI-0058,2012-09-11,,,
AOI-0058,2013-04-07,,,
AOI-0058,2013-04-23,,,
AOI-0058,2013-05-09,,,
AOI-0058,2013-06-09,,,
AOI-0058,2013-06-10,,,
AOI-0058,2013-07-11,,,
AOI-0058,2013-07-19,,,
AOI-0058,2013-08-28,,,
AOI-0058,2013-10-16,,,
AOI-0058,2013-10-24,,,
AOI-0058,2014-04-25,,,
AOI-0058,2014-06-05,,,
AOI-0058,2014-06-10,,,
AOI-0058,2014-09-14,,,
AOI-0058,2015-04-28,,,
AOI-0058,2015-05-09,,,
AOI-0058,2015-09-03,,,
AOI-0058,2015-09-27,,,
AOI-0058,2016-04-06,,,
AOI-0058,2016-04-30,,,
AOI-0058,2016-06-09,,,
AOI-0058,2016-07-27,,,
AOI-0058,2016-07-28,,,
AOI-0058,2016-08-13,,,
AOI-0058,2017-04-25,,,
AOI-0058,2017-07-15,,,
AOI-0058,2017-09-13,,,
AOI-0058,2017-09-16,,,
AOI-0058,2018-05-15,,,
AOI-0058,2018-07-26,,,
AOI-0058,2018-08-02,,,
AOI-0058,2019-04-23,,,
AOI-0058,2019-05-25,,,
AOI-0058,2019-06-25,,,
AOI-0058,2019-06-27,,,
AOI-0058,2019-07-04,,,
AOI-0058,2019-08-30,,,
AOI-0058,2019-09-28,,,
AOI-0058,2019-09-30,,,
AOI-0058,2020-04-17,,,
AOI-0058,2020-05-04,,,
AOI-0058,2020-06-05,,,
AOI-0058,2020-06-29,,,
AOI-0058,2020-07-06,,,
AOI-0058,2020-07-22,,,
AOI-0058,2020-07-30,,,
AOI-0058,2020-08-07,,,
AOI-0058,2020-08-12,,,
AOI-0058,2020-08-23,,,
AOI-0058,2020-08-28,,,
AOI-0058,2020-09-24,,,
AOI-0058,2020-10-27,,,
AOI-0058,2021-04-15,,,
AOI-0058,2021-05-09,,,
AOI-0058,2021-05-31,,,
AOI-0058,2021-07-09,,,
AOI-0058,2021-07-14,,,
AOI-0058,2021-07-25,,,
AOI-0058,2021-08-13,,,
AOI-0058,2021-08-28,,,
AOI-0058,2021-09-27,,,
AOI-0058,2022-06-10,,,
AOI-0058,2022-06-18,,,
AOI-0058,2022-07-04,,,
AOI-0058,2022-07-12,,,
AOI-0058,2022-07-17,,,
AOI-0058,2022-07-29,,,
AOI-0058,2022-09-14,,,
AOI-0058,2023-05-09,,,
AOI-0058,2023-05-20,,,
AOI-0058,2023-06-28,,,
AOI-0058,2023-08-17,,,
AOI-0058,2023-09-02,,,
AOI-0058,2023-09-10,,,
AOI-0058,2023-09-27,,,
AOI-0058,2023-10-12,,,
AOI-0058,2024-04-09,,,
AOI-0058,2024-05-09,,,
AOI-0058,2024-06-03,,,
AOI-0058,2024-06-23,,,
AOI-0058,2024-06-28,,,
AOI-0058,2024-07-09,,,
AOI-0058,2024-07-26,,,
AOI-0058,2024-07-27,,,
AOI-0058,2024-08-18,,,
AOI-0058,2024-08-27,,,
AOI-0058,2024-08-28,,,
AOI-0058,2024-09-21,,,
AOI-0058,2024-09-28,,,
AOI-0058,2024-10-01,,,
AOI-0058,2024-10-30,,,
AOI-0058,2025-04-07,,,
AOI-0058,2025-04-16,,,
AOI-0058,2025-04-24,,,
AOI-0058,2025-07-18,,,
AOI-0058,2025-07-28,,,
AOI-0058,2025-08-02,,,
AOI-0058,2025-08-06,,,
AOI-0058,2025-08-09,,,
AOI-0058,2025-08-12,,,
AOI-0058,2025-08-14,,,
AOI-0058,2025-09-14,,,
AOI-0058,2025-09-22,,,
AOI-0059,2010-06-26,,,
AOI-0059,2010-07-19,,,
AOI-0059,2010-08-28,,,
AOI-0059,2011-04-23,,,
AOI-0059,2011-05-27,,,
AOI-0059,2011-05-28,,,
AOI-0059,2011-06-12,,,
AOI-0059,2011-06-26,,,
AOI-0059,2011-07-07,,,
AOI-0059,2011-07-28,,,
AOI-0059,2011-08-08,,,
AOI-0059,2011-08-23,,,
AOI-0059,2012-04-04,,,
AOI-0059,2012-08-12,,,
AOI-0059,2012-08-26,,,
AOI-0059,2012-09-11,,,
AOI-0059,2012-10-13,,,
AOI-0059,2013-05-09,,,
AOI-0059,2013-06-18,,,
AOI-0059,2013-07-20,,,
AOI-0059,2013-08-13,,,
AOI-0059,2013-08-21,,,
AOI-0059,2013-10-16,,,
AOI-0059,2014-05-09,,,
AOI-0059,2014-10-27,,,
AOI-0059,2015-04-13,,,
AOI-0059,2015-05-22,,,
AOI-0059,2015-06-07,,,
AOI-0059,2015-08-02,,,
AOI-0059,2015-08-10,,,
AOI-0059,2015-08-29,,,
AOI-0059,2015-09-27,,,
AOI-0059,2015-09-30,,,
AOI-0059,2016-05-25,,,
AOI-0059,2016-07-04,,,
AOI-0059,2016-09-14,,,
AOI-0059,2016-10-24,,,
AOI-0059,2017-04-02,,,
AOI-0059,2017-05-06,,,
AOI-0059,2017-05-27,,,
AOI-0059,2017-06-04,,,
AOI-0059,2017-06-10,,,
AOI-0059,2017-07-12,,,
AOI-0059,2017-07-23,,,
AOI-0059,2017-07-28,,,
AOI-0059,2017-08-13,,,
AOI-0059,2017-08-29,,,
AOI-0059,2017-09-24,,,
AOI-0059,2018-04-07,,,
AOI-0059,2018-05-22,,,
AOI-0059,2018-05-31,,,
AOI-0059,2018-07-09,,,
AOI-0059,2018-07-18,,,
AOI-0059,2018-07-26,,,
AOI-0059,2018-08-02,,,
AOI-0059,2018-08-10,,,
AOI-0059,2018-08-13,,,
AOI-0059,2018-10-06,,,
AOI-0059,2019-04-11,,,
AOI-0059,2019-04-21,,,
AOI-0059,2019-04-23,,,
AOI-0059,2019-05-21,,,
AOI-0059,2019-06-02,,,
AOI-0059,2019-06-05,,,
AOI-0059,2019-06-10,,,
AOI-0059,2019-06-15,,,
AOI-0059,2019-06-30,,,
AOI-0059,2019-07-29,,,
AOI-0059,2019-08-21,,,
AOI-0059,2019-08-24,,,
AOI-0059,2019-09-03,,,
AOI-0059,2019-10-13,,,
AOI-0059,2019-10-24,,,
AOI-0059,2020-04-09,,,
AOI-0059,2020-04-18,,,
AOI-0059,2020-04-25,,,
AOI-0059,2020-05-08,,,
AOI-0059,2020-05-12,,,
AOI-0059,2020-06-05,,,
AOI-0059,2020-07-11,,,
AOI-0059,2020-07-30,,,
AOI-0059,2020-10-26,,,
AOI-0059,2021-06-19,,,
AOI-0059,2021-06-23,,,
AOI-0059,2021-06-29,,,
AOI-0059,2021-07-28,,,
AOI-0059,2021-07-29,,,
AOI-0059,2021-08-18,,,
AOI-0059,2021-08-28,,,
AOI-0059,2021-09-07,,,
AOI-0059,2021-09-17,,,
AOI-0059,2021-09-28,,,
AOI-0059,2021-09-30,,,
AOI-0059,2021-10-16,,,
AOI-0059,2022-04-15,,,
AOI-0059,2022-06-10,,,
AOI-0059,2022-06-11,,,
AOI-0059,2022-07-20,,,
AOI-0059,2022-08-18,,,
AOI-0059,2022-09-27,,,
AOI-0059,2022-10-08,,,
AOI-0059,2023-05-13,,,
AOI-0059,2023-05-25,,,
AOI-0059,2023-06-18,,,
AOI-0059,2023-07-16,,,
AOI-0059,2023-07-29,,,
AOI-0059,2023-09-30,,,
AOI-0059,2023-10-12,,,
AOI-0059,2023-10-16,,,
AOI-0059,2024-04-04,,,
AOI-0059,2024-04-13,,,
AOI-0059,2024-04-22,,,
AOI-0059,2024-05-19,,,
AOI-0059,2024-06-09,,,
AOI-0059,2024-07-13,,,
AOI-0059,2024-07-17,,,
AOI-0059,2024-07-27,,,
AOI-0059,2024-09-11,,,
AOI-0059,2025-04-01,,,
AOI-0059,2025-04-23,,,
AOI-0059,2025-05-01,,,
AOI-0059,2025-05-09,,,
AOI-0059,2025-05-17,,,
AOI-0059,2025-06-10,,,
AOI-0059,2025-08-29,,,
AOI-0059,2025-09-07,,,
AOI-0059,2025-10-08,,,
AOI-0059,2025-10-28,,,
AOI-0060,2025-04-14,,,
AOI-0060,2025-04-29,,,
AOI-0060,2025-06-03,,,
AOI-0060,2025-07-04,,,
AOI-0060,2025-07-05,,,
AOI-0060,2025-07-21,,,
AOI-0060,2025-08-05,,,
AOI-0060,2025-08-29,,,
AOI-0060,2025-08-30,,,
AOI-0060,2025-09-01,,,
AOI-0060,2025-09-11,,,
AOI-0061,2010-04-23,,,
AOI-0061,2010-05-26,,,
AOI-0061,2010-06-11,,,
AOI-0061,2011-06-30,,,
AOI-0061,2011-07-28,,,
AOI-0061,2011-09-18,,,
AOI-0061,2011-09-26,,,
AOI-0061,2012-04-06,,,
AOI-0061,2012-05-24,,,
AOI-0061,2012-08-28,,,
AOI-0061,2012-09-04,,,
AOI-0061,2012-10-22,,,
AOI-0061,2013-04-16,,,
AOI-0061,2013-06-10,,,
AOI-0061,2013-06-26,,,
AOI-0061,2013-08-29,,,
AOI-0061,2013-09-14,,,
AOI-0061,2013-10-09,,,
AOI-0061,2014-04-27,,,
AOI-0061,2014-06-26,,,
AOI-0061,2014-07-28,,,
AOI-0061,2015-04-07,,,
AOI-0061,2015-05-08,,,
AOI-0061,2015-09-29,,,
AOI-0061,2016-04-22,,,
AOI-0061,2016-06-19,,,
AOI-0061,2016-06-27,,,
AOI-0061,2016-07-13,,,
AOI-0061,2017-04-03,,,
AOI-0061,2017-05-25,,,
AOI-0061,2017-07-02,,,
AOI-0061,2017-07-27,,,
AOI-0061,2017-08-11,,,
AOI-0061,2017-09-02,,,
AOI-0061,2018-04-07,,,
AOI-0061,2018-06-10,,,
AOI-0061,2019-04-09,,,
AOI-0061,2019-05-13,,,
AOI-0061,2019-05-21,,,
AOI-0061,2019-05-25,,,
AOI-0061,2019-06-27,,,
AOI-0061,2019-07-12,,,
AOI-0061,2019-08-21,,,
AOI-0061,2019-09-14,,,
AOI-0061,2019-09-23,,,
AOI-0061,2019-10-18,,,
AOI-0061,2019-10-20,,,
AOI-0061,2020-04-17,,,
AOI-0061,2020-05-24,,,
AOI-0061,2020-07-16,,,
AOI-0061,2020-07-19,,,
AOI-0061,2020-07-24,,,
AOI-0061,2020-07-27,,,
AOI-0061,2020-08-08,,,
AOI-0061,2020-08-17,,,
AOI-0061,2020-08-18,,,
AOI-0061,2020-08-23,,,
AOI-0061,2020-09-18,,,
AOI-0061,2020-10-17,,,
AOI-0061,2020-10-29,,,
AOI-0061,2021-05-05,,,
AOI-0061,2021-05-08,,,
AOI-0061,2021-05-15,,,
AOI-0061,2021-07-21,,,
AOI-0061,2021-07-24,,,
AOI-0061,2021-08-04,,,
AOI-0061,2021-08-28,,,
AOI-0061,2021-08-29,,,
AOI-0061,2021-10-29,,,
AOI-0061,2022-04-09,,,
AOI-0061,2022-05-09,,,
AOI-0061,2022-05-22,,,
AOI-0061,2022-05-25,,,
AOI-0061,2022-05-27,,,
AOI-0061,2022-06-12,,,
AOI-0061,2022-06-29,,,
AOI-0061,2022-07-06,,,
AOI-0061,2022-07-21,,,
AOI-0061,2022-07-22,,,
AOI-0061,2022-07-28,,,
AOI-0061,2022-08-23,,,
AOI-0061,2023-04-07,,,
AOI-0061,2023-04-25,,,
AOI-0061,2023-05-05,,,
AOI-0061,2023-05-06,,,
AOI-0061,2023-05-17,,,
AOI-0061,2023-06-06,,,
AOI-0061,2023-06-21,,,
AOI-0061,2023-07-17,,,
AOI-0061,2023-07-21,,,
AOI-0061,2023-07-27,,,
AOI-0061,2023-09-24,,,
AOI-0061,2023-10-14,,,
AOI-0061,2023-10-29,,,
AOI-0061,2024-04-29,,,
AOI-0061,2024-05-01,,,
AOI-0061,2024-05-08,,,
AOI-0061,2024-06-20,,,
AOI-0061,2024-07-15,,,
AOI-0061,2024-08-09,,,
AOI-0061,2024-08-12,,,
AOI-0061,2024-09-06,,,
AOI-0061,2024-09-26,,,
AOI-0061,2024-10-07,,,
AOI-0061,2025-04-16,,,
AOI-0061,2025-04-19,,,
AOI-0061,2025-05-28,,,
AOI-0061,2025-06-28,,,
AOI-0061,2025-07-07,,,
AOI-0061,2025-07-10,,,
AOI-0061,2025-07-28,,,
AOI-0061,2025-08-16,,,
AOI-0061,2025-08-29,,,
AOI-0061,2025-09-24,,,
AOI-0061,2025-09-26,,,
AOI-0061,2025-10-16,,,
AOI-0062,2010-04-24,,,
AOI-0062,2010-05-09,,,
AOI-0062,2010-05-26,,,
AOI-0062,2010-08-13,,,
AOI-0062,2010-10-16,,,
AOI-0062,2011-06-14,,,
AOI-0062,2011-07-28,,,
AOI-0062,2011-10-16,,,
AOI-0062,2012-06-09,,,
AOI-0062,2012-08-28,,,
AOI-0062,2012-09-04,,,
AOI-0062,2012-09-13,,,
AOI-0062,2013-04-23,,,
AOI-0062,2013-07-12,,,
AOI-0062,2013-07-28,,,
AOI-0062,2013-09-14,,,
AOI-0062,2013-10-16,,,
AOI-0062,2014-06-30,,,
AOI-0062,2014-10-04,,,
AOI-0062,2015-04-22,,,
AOI-0062,2015-05-09,,,
AOI-0062,2015-09-05,,,
AOI-0062,2015-09-21,,,
AOI-0062,2016-05-08,,,
AOI-0062,2016-07-11,,,
AOI-0062,2016-07-27,,,
AOI-0062,2016-09-13,,,
AOI-0062,2016-10-25,,,
AOI-0062,2017-04-07,,,
AOI-0062,2017-07-28,,,
AOI-0062,2017-09-15,,,
AOI-0062,2018-04-06,,,
AOI-0062,2018-04-07,,,
AOI-0062,2018-06-02,,,
AOI-0062,2018-06-25,,,
AOI-0062,2018-07-28,,,
AOI-0062,2018-08-28,,,
AOI-0062,2019-04-08,,,
AOI-0062,2019-04-11,,,
AOI-0062,2019-06-17,,,
AOI-0062,2019-07-06,,,
AOI-0062,2019-08-09,,,
AOI-0062,2019-08-23,,,
AOI-0062,2019-09-23,,,
AOI-0062,2019-10-18,,,
AOI-0062,2019-10-23,,,
AOI-0062,2019-10-28,,,
AOI-0062,2020-04-30,,,
AOI-0062,2020-05-30,,,
AOI-0062,2020-06-16,,,
AOI-0062,2020-07-26,,,
AOI-0062,2020-08-18,,,
AOI-0062,2020-08-20,,,
AOI-0062,2020-08-23,,,
AOI-0062,2020-08-25,,,
AOI-0062,2020-09-07,,,
AOI-0062,2020-09-09,,,
AOI-0062,2020-10-07,,,
AOI-0062,2020-10-15,,,
AOI-0062,2021-04-23,,,
AOI-0062,2021-05-05,,,
AOI-0062,2021-05-08,,,
AOI-0062,2021-05-12,,,
AOI-0062,2021-06-06,,,
AOI-0062,2021-06-10,,,
AOI-0062,2021-07-01,,,
AOI-0062,2021-07-26,,,
AOI-0062,2021-07-29,,,
AOI-0062,2021-09-12,,,
AOI-0062,2021-09-13,,,
AOI-0062,2021-09-19,,,
AOI-0062,2021-09-27,,,
AOI-0062,2021-09-29,,,
AOI-0062,2021-10-07,,,
AOI-0062,2021-10-16,,,
AOI-0062,2022-04-10,,,
AOI-0062,2022-04-27,,,
AOI-0062,2022-05-11,,,
AOI-0062,2022-05-25,,,
AOI-0062,2022-07-21,,,
AOI-0062,2022-07-24,,,
AOI-0062,2022-08-23,,,
AOI-0062,2022-09-14,,,
AOI-0062,2022-09-18,,,
AOI-0062,2022-09-30,,,
AOI-0062,2022-10-19,,,
AOI-0062,2023-05-17,,,
AOI-0062,2023-06-18,,,
AOI-0062,2023-06-24,,,
AOI-0062,2023-07-14,,,
AOI-0062,2023-08-05,,,
AOI-0062,2023-08-25,,,
AOI-0062,2023-09-17,,,
AOI-0062,2023-10-12,,,
AOI-0062,2023-10-16,,,
AOI-0062,2024-04-22,,,
AOI-0062,2024-06-03,,,
AOI-0062,2024-06-08,,,
AOI-0062,2024-06-23,,,
AOI-0062,2024-07-30,,,
AOI-0062,2024-08-04,,,
AOI-0062,2024-08-12,,,
AOI-0062,2024-09-06,,,
AOI-0062,2024-10-26,,,
AOI-0062,2025-04-01,,,
AOI-0062,2025-04-07,,,
AOI-0062,2025-04-11,,,
AOI-0062,2025-04-24,,,
AOI-0062,2025-04-29,,,
AOI-0062,2025-05-28,,,
AOI-0062,2025-06-28,,,
AOI-0062,2025-07-06,,,
AOI-0062,2025-07-07,,,
AOI-0062,2025-07-15,,,
AOI-0062,2025-07-25,,,
AOI-0062,2025-08-02,,,
AOI-0062,2025-08-17,,,
AOI-0062,2025-09-24,,,
AOI-0062,2025-09-30,,,
AOI-0062,2025-10-08,,,
AOI-0062,2025-10-13,,,
AOI-0063,2025-04-14,,,
AOI-0063,2025-04-19,,,
AOI-0063,2025-04-23,,,
AOI-0063,2025-04-24,,,
AOI-0063,2025-05-06,,,
AOI-0063,2025-05-25,,,
AOI-0063,2025-06-05,,,
AOI-0063,2025-06-25,,,
AOI-0063,2025-06-28,,,
AOI-0063,2025-06-30,,,
AOI-0063,2025-07-06,,,
AOI-0063,2025-07-07,,,
AOI-0063,2025-07-22,,,
AOI-0063,2025-08-23,,,
AOI-0063,2025-09-13,,,
AOI-0063,2025-09-14,,,
AOI-0064,2025-04-14,,,
AOI-0064,2025-04-23,,,
AOI-0064,2025-04-24,,,
AOI-0064,2025-06-03,,,
AOI-0064,2025-06-05,,,
AOI-0064,2025-06-26,,,
AOI-0064,2025-06-27,,,
AOI-0064,2025-06-28,,,
AOI-0064,2025-07-10,,,
AOI-0064,2025-08-12,,,
AOI-0064,2025-08-19,,,
AOI-0064,2025-08-27,,,
AOI-0064,2025-08-31,,,
AOI-0064,2025-09-13,,,
AOI-0064,2025-10-06,,,
AOI-0064,2025-10-13,,,
AOI-0065,2025-04-19,,,
AOI-0065,2025-05-01,,,
AOI-0065,2025-06-04,,,
AOI-0065,2025-06-05,,,
AOI-0065,2025-06-08,,,
AOI-0065,2025-06-26,,,
AOI-0065,2025-07-15,,,
AOI-0065,2025-07-18,,,
AOI-0065,2025-08-07,,,
AOI-0065,2025-08-17,,,
AOI-0065,2025-09-14,,,
AOI-0065,2025-09-25,,,
AOI-0065,2025-09-30,,,
AOI-0065,2025-10-08,,,
AOI-0066,2025-06-05,,,
AOI-0066,2025-07-05,,,
AOI-0066,2025-07-15,,,
AOI-0066,2025-07-25,,,
AOI-0066,2025-07-27,,,
AOI-0066,2025-08-14,,,
AOI-0066,2025-09-01,,,
AOI-0067,2010-04-25,,,
AOI-0067,2010-06-20,,,
AOI-0067,2010-06-26,,,
AOI-0067,2010-07-13,,,
AOI-0067,2010-07-21,,,
AOI-0067,2010-08-06,,,
AOI-0067,2010-08-07,,,
AOI-0067,2010-08-15,,,
AOI-0067,2010-09-23,,,
AOI-0067,2010-10-09,,,
AOI-0067,2011-05-09,,,
AOI-0067,2011-05-14,,,
AOI-0067,2011-09-03,,,
AOI-0067,2011-09-19,,,
AOI-0067,2012-05-08,,,
AOI-0067,2012-06-09,,,
AOI-0067,2012-07-27,,,
AOI-0067,2012-09-29,,,
AOI-0067,2013-07-30,,,
AOI-0067,2013-08-29,,,
AOI-0067,2014-05-21,,,
AOI-0067,2014-05-25,,,
AOI-0067,2014-06-06,,,
AOI-0067,2014-06-07,,,
AOI-0067,2014-07-01,,,
AOI-0067,2014-07-16,,,
AOI-0067,2014-07-17,,,
AOI-0067,2014-09-14,,,
AOI-0067,2014-10-12,,,
AOI-0067,2015-04-15,,,
AOI-0067,2015-05-09,,,
AOI-0067,2015-06-02,,,
AOI-0067,2015-06-18,,,
AOI-0067,2015-07-12,,,
AOI-0067,2015-07-20,,,
AOI-0067,2015-08-29,,,
AOI-0067,2015-09-14,,,
AOI-0067,2015-09-29,,,
AOI-0067,2016-05-03,,,
AOI-0067,2016-05-10,,,
AOI-0067,2016-05-11,,,
AOI-0067,2016-06-25,,,
AOI-0067,2016-07-14,,,
AOI-0067,2016-07-27,,,
AOI-0067,2016-09-29,,,
AOI-0067,2016-10-25,,,
AOI-0067,2017-04-04,,,
AOI-0067,2017-04-28,,,
AOI-0067,2017-05-05,,,
AOI-0067,2017-06-07,,,
AOI-0067,2017-07-09,,,
AOI-0067,2017-07-25,,,
AOI-0067,2017-08-02,,,
AOI-0067,2017-08-11,,,
AOI-0067,2017-08-13,,,
AOI-0067,2017-08-29,,,
AOI-0067,2017-09-14,,,
AOI-0067,2017-09-20,,,
AOI-0067,2018-04-06,,,
AOI-0067,2018-04-23,,,
AOI-0067,2018-05-25,,,
AOI-0067,2018-07-11,,,
AOI-0067,2018-08-29,,,
AOI-0067,2019-05-08,,,
AOI-0067,2019-05-28,,,
AOI-0067,2019-06-12,,,
AOI-0067,2019-07-12,,,
AOI-0067,2019-07-14,,,
AOI-0067,2019-07-28,,,
AOI-0067,2019-08-08,,,
AOI-0067,2019-08-11,,,
AOI-0067,2019-08-29,,,
AOI-0067,2019-09-05,,,
AOI-0067,2019-09-16,,,
AOI-0067,2019-09-24,,,
AOI-0067,2019-10-02,,,
AOI-0067,2019-10-03,,,
AOI-0067,2019-10-15,,,
AOI-0067,2020-04-22,,,
AOI-0067,2020-04-27,,,
AOI-0067,2020-05-02,,,
AOI-0067,2020-05-08,,,
AOI-0067,2020-07-06,,,
AOI-0067,2020-07-25,,,
AOI-0067,2020-07-26,,,
AOI-0067,2020-07-27,,,
AOI-0067,2020-08-25,,,
AOI-0067,2020-10-15,,,
AOI-0067,2021-05-16,,,
AOI-0067,2021-06-06,,,
AOI-0067,2021-06-16,,,
AOI-0067,2021-06-18,,,
AOI-0067,2021-07-04,,,
AOI-0067,2021-08-30,,,
AOI-0067,2021-09-09,,,
AOI-0067,2021-10-09,,,
AOI-0067,2022-04-02,,,
AOI-0067,2022-04-23,,,
AOI-0067,2022-04-26,,,
AOI-0067,2022-06-01,,,
AOI-0067,2022-07-01,,,
AOI-0067,2022-08-23,,,
AOI-0067,2022-08-24,,,
AOI-0067,2022-08-29,,,
AOI-0067,2022-09-01,,,
AOI-0067,2022-09-25,,,
AOI-0067,2022-10-09,,,
AOI-0067,2022-10-14,,,
AOI-0067,2023-04-23,,,
AOI-0067,2023-05-31,,,
AOI-0067,2023-06-30,,,
AOI-0067,2023-07-12,,,
AOI-0067,2023-07-21,,,
AOI-0067,2023-07-27,,,
AOI-0067,2023-08-26,,,
AOI-0067,2023-09-24,,,
AOI-0067,2023-09-27,,,
AOI-0067,2023-10-05,,,
AOI-0067,2023-10-13,,,
AOI-0067,2024-04-01,,,
AOI-0067,2024-04-11,,,
AOI-0067,2024-05-09,,,
AOI-0067,2024-05-24,,,
AOI-0067,2024-07-05,,,
AOI-0067,2024-07-10,,,
AOI-0067,2024-08-29,,,
AOI-0067,2024-09-06,,,
AOI-0067,2024-09-23,,,
AOI-0067,2025-04-17,,,
AOI-0067,2025-04-23,,,
AOI-0067,2025-04-28,,,
AOI-0067,2025-06-05,,,
AOI-0067,2025-06-21,,,
AOI-0067,2025-06-26,,,
AOI-0067,2025-07-05,,,
AOI-0067,2025-07-14,,,
AOI-0067,2025-07-15,,,
AOI-0067,2025-08-06,,,
AOI-0067,2025-09-01,,,
AOI-0067,2025-09-23,,,
AOI-0067,2025-10-03,,,
AOI-0068,2010-04-16,,,
AOI-0068,2010-05-02,,,
AOI-0068,2010-05-09,,,
AOI-0068,2010-06-20,,,
AOI-0068,2010-07-13,,,
AOI-0068,2010-07-14,,,
AOI-0068,2010-07-28,,,
AOI-0068,2010-08-07,,,
AOI-0068,2010-08-29,,,
AOI-0068,2011-04-07,,,
AOI-0068,2011-05-30,,,
AOI-0068,2011-06-15,,,
AOI-0068,2011-06-23,,,
AOI-0068,2011-07-16,,,
AOI-0068,2011-08-09,,,
AOI-0068,2011-09-03,,,
AOI-0068,2012-07-27,,,
AOI-0068,2012-08-03,,,
AOI-0068,2012-10-22,,,
AOI-0068,2013-06-19,,,
AOI-0068,2013-06-27,,,
AOI-0068,2013-07-28,,,
AOI-0068,2014-04-27,,,
AOI-0068,2014-07-28,,,
AOI-0068,2014-08-17,,,
AOI-0068,2014-08-25,,,
AOI-0068,2014-10-05,,,
AOI-0068,2014-10-16,,,
AOI-0068,2014-10-29,,,
AOI-0068,2015-06-09,,,
AOI-0068,2015-07-27,,,
AOI-0068,2015-08-04,,,
AOI-0068,2016-05-02,,,
AOI-0068,2016-05-11,,,
AOI-0068,2016-07-14,,,
AOI-0068,2016-08-28,,,
AOI-0068,2016-09-13,,,
AOI-0068,2016-09-29,,,
AOI-0068,2017-05-14,,,
AOI-0068,2017-06-10,,,
AOI-0068,2017-06-22,,,
AOI-0068,2017-06-27,,,
AOI-0068,2017-07-12,,,
AOI-0068,2017-08-02,,,
AOI-0068,2017-08-11,,,
AOI-0068,2017-08-13,,,
AOI-0068,2017-09-02,,,
AOI-0068,2017-09-03,,,
AOI-0068,2018-04-28,,,
AOI-0068,2018-05-09,,,
AOI-0068,2018-06-07,,,
AOI-0068,2018-07-11,,,
AOI-0068,2018-08-28,,,
AOI-0068,2018-09-06,,,
AOI-0068,2018-09-21,,,
AOI-0068,2019-05-25,,,
AOI-0068,2019-05-28,,,
AOI-0068,2019-06-28,,,
AOI-0068,2019-08-07,,,
AOI-0068,2019-09-01,,,
AOI-0068,2019-09-05,,,
AOI-0068,2019-09-15,,,
AOI-0068,2019-09-24,,,
AOI-0068,2019-09-25,,,
AOI-0068,2019-09-30,,,
AOI-0068,2019-10-02,,,
AOI-0068,2019-10-25,,,
AOI-0068,2020-04-02,,,
AOI-0068,2020-04-06,,,
AOI-0068,2020-04-12,,,
AOI-0068,2020-04-19,,,
AOI-0068,2020-06-26,,,
AOI-0068,2020-07-27,,,
AOI-0068,2020-07-31,,,
AOI-0068,2020-09-03,,,
AOI-0068,2020-10-05,,,
AOI-0068,2020-10-20,,,
AOI-0068,2021-05-01,,,
AOI-0068,2021-05-16,,,
AOI-0068,2021-06-11,,,
AOI-0068,2021-06-16,,,
AOI-0068,2021-07-19,,,
AOI-0068,2021-07-31,,,
AOI-0068,2021-09-30,,,
AOI-0068,2022-04-02,,,
AOI-0068,2022-04-12,,,
AOI-0068,2022-04-23,,,
AOI-0068,2022-05-12,,,
AOI-0068,2022-05-27,,,
AOI-0068,2022-06-08,,,
AOI-0068,2022-06-20,,,
AOI-0068,2022-07-01,,,
AOI-0068,2022-07-14,,,
AOI-0068,2022-07-30,,,
AOI-0068,2022-08-15,,,
AOI-0068,2023-04-03,,,
AOI-0068,2023-04-17,,,
AOI-0068,2023-05-09,,,
AOI-0068,2023-06-06,,,
AOI-0068,2023-06-30,,,
AOI-0068,2023-07-05,,,
AOI-0068,2023-08-03,,,
AOI-0068,2023-08-13,,,
AOI-0068,2023-09-03,,,
AOI-0068,2023-09-24,,,
AOI-0068,2023-10-06,,,
AOI-0068,2023-10-11,,,
AOI-0068,2024-05-01,,,
AOI-0068,2024-05-09,,,
AOI-0068,2024-06-15,,,
AOI-0068,2024-08-05,,,
AOI-0068,2024-08-09,,,
AOI-0068,2024-08-19,,,
AOI-0068,2024-08-28,,,
AOI-0068,2024-09-08,,,
AOI-0068,2024-09-14,,,
AOI-0068,2024-09-29,,,
AOI-0068,2024-10-13,,,
AOI-0068,2025-05-08,,,
AOI-0068,2025-05-11,,,
AOI-0068,2025-05-20,,,
AOI-0068,2025-06-10,,,
AOI-0068,2025-06-15,,,
AOI-0068,2025-06-17,,,
AOI-0068,2025-06-30,,,
AOI-0068,2025-07-22,,,
AOI-0068,2025-07-28,,,
AOI-0068,2025-08-13,,,
AOI-0068,2025-08-14,,,
AOI-0068,2025-08-23,,,
AOI-0068,2025-08-24,,,
AOI-0068,2025-09-08,,,
AOI-0068,2025-09-14,,,
AOI-0068,2025-09-24,,,
AOI-0069,2025-04-16,,,
AOI-0069,2025-04-21,,,
AOI-0069,2025-04-23,,,
AOI-0069,2025-05-01,,,
AOI-0069,2025-05-11,,,
AOI-0069,2025-05-25,,,
AOI-0069,2025-05-28,,,
AOI-0069,2025-06-10,,,
AOI-0069,2025-06-25,,,
AOI-0069,2025-06-26,,,
AOI-0069,2025-07-05,,,
AOI-0069,2025-07-06,,,
AOI-0069,2025-07-22,,,
AOI-0069,2025-08-07,,,
AOI-0069,2025-08-14,,,
AOI-0069,2025-09-01,,,
AOI-0069,2025-09-14,,,
AOI-0069,2025-09-24,,,
AOI-0069,2025-09-25,,,
AOI-0069,2025-09-28,,,
AOI-0070,2025-05-11,,,
AOI-0070,2025-05-25,,,
AOI-0070,2025-06-07,,,
AOI-0070,2025-06-10,,,
AOI-0070,2025-06-25,,,
AOI-0070,2025-07-12,,,
AOI-0070,2025-08-24,,,
AOI-0070,2025-08-31,,,
AOI-0070,2025-09-25,,,
AOI-0070,2025-10-02,,,
AOI-0070,2025-10-13,,,
AOI-0070,2025-10-23,,,
AOI-0071,2025-04-16,,,
AOI-0071,2025-04-18,,,
AOI-0071,2025-04-21,,,
AOI-0071,2025-05-25,,,
AOI-0071,2025-06-26,,,
AOI-0071,2025-07-06,,,
AOI-0071,2025-07-07,,,
AOI-0071,2025-07-12,,,
AOI-0071,2025-08-13,,,
AOI-0071,2025-08-23,,,
AOI-0071,2025-08-24,,,
AOI-0071,2025-08-26,,,
AOI-0071,2025-08-29,,,
AOI-0071,2025-09-01,,,
AOI-0071,2025-09-15,,,
AOI-0071,2025-09-28,,,
AOI-0072,2025-05-08,,,
AOI-0072,2025-06-04,,,
AOI-0072,2025-07-05,,,
AOI-0072,2025-07-06,,,
AOI-0072,2025-07-14,,,
AOI-0072,2025-07-17,,,
AOI-0072,2025-08-07,,,
AOI-0072,2025-08-19,,,
AOI-0072,2025-08-29,,,
AOI-0072,2025-09-03,,,
AOI-0072,2025-09-15,,,
AOI-0072,2025-09-16,,,
AOI-0072,2025-09-30,,,
AOI-0072,2025-10-03,,,
AOI-0072,2025-10-13,,,
AOI-0073,2010-06-26,,,
AOI-0073,2010-07-12,,,
AOI-0073,2011-04-07,,,
AOI-0073,2011-07-14,,,
AOI-0073,2011-09-14,,,
AOI-0073,2012-04-22,,,
AOI-0073,2012-04-27,,,
AOI-0073,2012-05-24,,,
AOI-0073,2012-09-29,,,
AOI-0073,2013-04-03,,,
AOI-0073,2013-06-10,,,
AOI-0073,2013-06-25,,,
AOI-0073,2013-07-12,,,
AOI-0073,2013-07-28,,,
AOI-0073,2013-09-30,,,
AOI-0073,2014-05-27,,,
AOI-0073,2014-07-12,,,
AOI-0073,2014-07-30,,,
AOI-0073,2014-08-13,,,
AOI-0073,2014-09-14,,,
AOI-0073,2014-10-10,,,
AOI-0073,2015-05-22,,,
AOI-0073,2015-05-30,,,
AOI-0073,2015-06-10,,,
AOI-0073,2015-06-15,,,
AOI-0073,2015-07-01,,,
AOI-0073,2015-07-09,,,
AOI-0073,2015-08-26,,,
AOI-0073,2015-10-05,,,
AOI-0073,2016-04-06,,,
AOI-0073,2017-04-23,,,
AOI-0073,2017-06-04,,,
AOI-0073,2017-06-12,,,
AOI-0073,2017-07-06,,,
AOI-0073,2017-07-18,,,
AOI-0073,2017-08-07,,,
AOI-0073,2017-08-12,,,
AOI-0073,2017-10-11,,,
AOI-0073,2017-10-16,,,
AOI-0073,2018-04-16,,,
AOI-0073,2019-05-17,,,
AOI-0073,2019-05-19,,,
AOI-0073,2019-06-03,,,
AOI-0073,2019-07-13,,,
AOI-0073,2019-08-07,,,
AOI-0073,2019-08-12,,,
AOI-0073,2019-09-06,,,
AOI-0073,2019-09-11,,,
AOI-0073,2019-09-15,,,
AOI-0073,2019-09-16,,,
AOI-0073,2019-09-28,,,
AOI-0073,2019-10-16,,,
AOI-0073,2019-10-26,,,
AOI-0073,2020-04-05,,,
AOI-0073,2020-04-15,,,
AOI-0073,2020-04-22,,,
AOI-0073,2020-05-18,,,
AOI-0073,2020-07-04,,,
AOI-0073,2020-07-06,,,
AOI-0073,2020-07-24,,,
AOI-0073,2020-07-29,,,
AOI-0073,2020-08-12,,,
AOI-0073,2020-09-01,,,
AOI-0073,2020-09-20,,,
AOI-0073,2020-10-20,,,
AOI-0073,2020-10-26,,,
AOI-0073,2021-05-06,,,
AOI-0073,2021-05-13,,,
AOI-0073,2021-05-15,,,
AOI-0073,2021-06-29,,,
AOI-0073,2021-07-25,,,
AOI-0073,2021-08-02,,,
AOI-0073,2021-09-07,,,
AOI-0073,2021-09-14,,,
AOI-0073,2021-09-15,,,
AOI-0073,2022-04-23,,,
AOI-0073,2022-04-25,,,
AOI-0073,2022-06-04,,,
AOI-0073,2022-06-07,,,
AOI-0073,2022-06-09,,,
AOI-0073,2022-06-14,,,
AOI-0073,2022-07-05,,,
AOI-0073,2022-07-07,,,
AOI-0073,2022-09-10,,,
AOI-0073,2022-09-30,,,
AOI-0073,2023-04-02,,,
AOI-0073,2023-04-28,,,
AOI-0073,2023-05-03,,,
AOI-0073,2023-05-05,,,
AOI-0073,2023-05-13,,,
AOI-0073,2023-06-04,,,
AOI-0073,2023-06-07,,,
AOI-0073,2023-07-25,,,
AOI-0073,2023-07-31,,,
AOI-0073,2023-08-06,,,
AOI-0073,2023-08-16,,,
AOI-0073,2023-08-28,,,
AOI-0073,2023-09-07,,,
AOI-0073,2023-09-12,,,
AOI-0073,2023-09-29,,,
AOI-0073,2023-10-11,,,
AOI-0073,2023-10-15,,,
AOI-0073,2024-04-14,,,
AOI-0073,2024-04-20,,,
AOI-0073,2024-05-06,,,
AOI-0073,2024-05-07,,,
AOI-0073,2024-06-23,,,
AOI-0073,2024-07-03,,,
AOI-0073,2024-07-11,,,
AOI-0073,2024-07-13,,,
AOI-0073,2024-07-21,,,
AOI-0073,2024-07-25,,,
AOI-0073,2024-08-12,,,
AOI-0073,2024-08-28,,,
AOI-0073,2024-09-01,,,
AOI-0073,2024-09-13,,,
AOI-0073,2024-09-29,,,
AOI-0073,2025-04-07,,,
AOI-0073,2025-04-15,,,
AOI-0073,2025-04-19,,,
AOI-0073,2025-04-22,,,
AOI-0073,2025-04-23,,,
AOI-0073,2025-04-29,,,
AOI-0073,2025-05-11,,,
AOI-0073,2025-05-22,,,
AOI-0073,2025-05-29,,,
AOI-0073,2025-06-03,,,
AOI-0073,2025-06-30,,,
AOI-0073,2025-07-06,,,
AOI-0073,2025-07-08,,,
AOI-0073,2025-07-28,,,
AOI-0073,2025-08-05,,,
AOI-0073,2025-08-07,,,
AOI-0073,2025-08-22,,,
AOI-0073,2025-08-27,,,
AOI-0073,2025-09-22,,,
AOI-0074,2010-07-12,,,
AOI-0074,2010-08-29,,,
AOI-0074,2011-05-27,,,
AOI-0074,2011-06-20,,,
AOI-0074,2011-06-26,,,
AOI-0074,2011-07-06,,,
AOI-0074,2011-09-24,,,
AOI-0074,2013-06-25,,,
AOI-0074,2013-07-03,,,
AOI-0074,2013-07-11,,,
AOI-0074,2013-08-13,,,
AOI-0074,2014-07-14,,,
AOI-0074,2014-07-28,,,
AOI-0074,2014-09-14,,,
AOI-0074,2014-10-16,,,
AOI-0074,2015-04-23,,,
AOI-0074,2015-04-28,,,
AOI-0074,2015-07-25,,,
AOI-0074,2015-10-16,,,
AOI-0074,2015-10-29,,,
AOI-0074,2016-08-12,,,
AOI-0074,2016-08-20,,,
AOI-0074,2017-04-23,,,
AOI-0074,2017-05-04,,,
AOI-0074,2017-05-06,,,
AOI-0074,2017-06-04,,,
AOI-0074,2017-06-05,,,
AOI-0074,2017-06-10,,,
AOI-0074,2017-06-20,,,
AOI-0074,2017-06-26,,,
AOI-0074,2017-07-18,,,
AOI-0074,2017-08-07,,,
AOI-0074,2017-08-17,,,
AOI-0074,2017-09-16,,,
AOI-0074,2017-10-11,,,
AOI-0074,2017-10-16,,,
AOI-0074,2018-04-04,,,
AOI-0074,2018-04-23,,,
AOI-0074,2018-05-06,,,
AOI-0074,2018-05-11,,,
AOI-0074,2018-05-22,,,
AOI-0074,2018-05-26,,,
AOI-0074,2018-05-30,,,
AOI-0074,2018-07-13,,,
AOI-0074,2018-08-18,,,
AOI-0074,2018-09-14,,,
AOI-0074,2018-09-19,,,
AOI-0074,2018-09-30,,,
AOI-0074,2019-04-23,,,
AOI-0074,2019-05-04,,,
AOI-0074,2019-05-14,,,
AOI-0074,2019-05-16,,,
AOI-0074,2019-05-31,,,
AOI-0074,2019-06-13,,,
AOI-0074,2019-07-13,,,
AOI-0074,2019-08-05,,,
AOI-0074,2019-08-09,,,
AOI-0074,2019-09-14,,,
AOI-0074,2020-04-09,,,
AOI-0074,2020-07-06,,,
AOI-0074,2020-07-22,,,
AOI-0074,2020-08-07,,,
AOI-0074,2020-08-26,,,
AOI-0074,2020-09-07,,,
AOI-0074,2020-09-08,,,
AOI-0074,2020-09-12,,,
AOI-0074,2020-10-07,,,
AOI-0074,2020-10-12,,,
AOI-0074,2020-10-18,,,
AOI-0074,2020-10-22,,,
AOI-0074,2021-04-25,,,
AOI-0074,2021-06-23,,,
AOI-0074,2021-06-27,,,
AOI-0074,2021-07-17,,,
AOI-0074,2021-08-03,,,
AOI-0074,2021-08-06,,,
AOI-0074,2021-08-19,,,
AOI-0074,2021-09-03,,,
AOI-0074,2021-10-06,,,
AOI-0074,2021-10-17,,,
AOI-0074,2021-10-20,,,
AOI-0074,2021-10-27,,,
AOI-0074,2022-05-30,,,
AOI-0074,2022-07-12,,,
AOI-0074,2022-08-29,,,
AOI-0074,2022-10-16,,,
AOI-0074,2023-04-28,,,
AOI-0074,2023-05-30,,,
AOI-0074,2023-06-09,,,
AOI-0074,2023-06-19,,,
AOI-0074,2023-07-14,,,
AOI-0074,2023-08-16,,,
AOI-0074,2023-09-14,,,
AOI-0074,2023-10-11,,,
AOI-0074,2024-04-17,,,
AOI-0074,2024-05-08,,,
AOI-0074,2024-05-09,,,
AOI-0074,2024-06-06,,,
AOI-0074,2024-07-08,,,
AOI-0074,2024-07-18,,,
AOI-0074,2024-07-27,,,
AOI-0074,2024-08-12,,,
AOI-0074,2024-08-28,,,
AOI-0074,2024-09-04,,,
AOI-0074,2024-09-09,,,
AOI-0074,2025-04-07,,,
AOI-0074,2025-04-15,,,
AOI-0074,2025-05-12,,,
AOI-0074,2025-05-14,,,
AOI-0074,2025-06-01,,,
AOI-0074,2025-06-10,,,
AOI-0074,2025-07-06,,,
AOI-0074,2025-07-16,,,
AOI-0074,2025-08-05,,,
AOI-0074,2025-08-19,,,
AOI-0074,2025-09-08,,,
AOI-0074,2025-09-22,,,
AOI-0074,2025-10-01,,,
AOI-0074,2025-10-26,,,
AOI-0075,2025-04-07,,,
AOI-0075,2025-04-12,,,
AOI-0075,2025-07-12,,,
AOI-0075,2025-07-18,,,
AOI-0075,2025-08-21,,,
AOI-0075,2025-08-30,,,
AOI-0075,2025-09-08,,,
AOI-0075,2025-09-16,,,
AOI-0075,2025-09-21,,,
AOI-0075,2025-10-29,,,
AOI-0076,2025-04-19,,,
AOI-0076,2025-05-01,,,
AOI-0076,2025-05-11,,,
AOI-0076,2025-05-25,,,
AOI-0076,2025-07-10,,,
AOI-0076,2025-07-31,,,
AOI-0076,2025-08-21,,,
AOI-0076,2025-08-27,,,
AOI-0076,2025-09-01,,,
AOI-0076,2025-09-21,,,
AOI-0076,2025-09-22,,,
AOI-0076,2025-10-01,,,
AOI-0076,2025-10-04,,,
AOI-0077,2025-05-09,,,
AOI-0077,2025-06-06,,,
AOI-0077,2025-06-21,,,
AOI-0077,2025-07-12,,,
AOI-0077,2025-08-22,,,
AOI-0077,2025-08-27,,,
AOI-0077,2025-08-30,,,
AOI-0077,2025-09-11,,,
AOI-0077,2025-09-22,,,
AOI-0078,2025-05-02,,,
AOI-0078,2025-05-25,,,
AOI-0078,2025-06-01,,,
AOI-0078,2025-06-03,,,
AOI-0078,2025-06-06,,,
AOI-0078,2025-06-10,,,
AOI-0078,2025-07-04,,,
AOI-0078,2025-07-10,,,
AOI-0078,2025-07-11,,,
AOI-0078,2025-07-13,,,
AOI-0078,2025-08-10,,,
AOI-0078,2025-08-15,,,
AOI-0078,2025-09-08,,,
AOI-0078,2025-10-04,,,
