mode,fold,method,n,rmse,mae,soft_max_abs_delta,loo_rows,weights
exact_doy,2019,prod,249,0.06504498648921714,0.04715896372924984,0.0,,
exact_doy,2019,soft,249,0.06504498648921714,0.04715896372924984,0.0,,
exact_doy,2019,hard,249,0.065521769696119,0.046374229593686,0.0,,
exact_doy,2019,uniform,249,0.07792389160161105,0.061256493704729256,0.0,,
exact_doy,2019,oracle_true,249,0.059959462926262405,0.0426563174452705,0.0,,
exact_doy,2019,lag,249,0.06450731545469175,0.045785213056398634,0.0,,
exact_doy,2019,prod|true_s2,120,0.06726009888607969,0.04592066790440192,0.0,,
exact_doy,2019,soft|true_s2,120,0.06726009888607969,0.04592066790440192,0.0,,
exact_doy,2019,hard|true_s2,120,0.06879211450051831,0.04548155760233259,0.0,,
exact_doy,2019,oracle_true|true_s2,120,0.06160270472245864,0.04036787201531575,0.0,,
exact_doy,2019,lag|true_s2,120,0.0681832359252576,0.04630180721329884,0.0,,
exact_doy,2019,prod|true_landsat,73,0.06176545596385216,0.04506109026055425,0.0,,
exact_doy,2019,soft|true_landsat,73,0.06176545596385216,0.04506109026055425,0.0,,
exact_doy,2019,hard|true_landsat,73,0.06447744731287422,0.0475573851811743,0.0,,
exact_doy,2019,oracle_true|true_landsat,73,0.05988924900668308,0.04422044340385487,0.0,,
exact_doy,2019,lag|true_landsat,73,0.06326139882657703,0.045077253404822604,0.0,,
exact_doy,2019,prod|true_modis,56,0.06438143659049815,0.05254718269704496,0.0,,
exact_doy,2019,soft|true_modis,56,0.06438143659049815,0.05254718269704496,0.0,,
exact_doy,2019,hard|true_modis,56,0.05940387841392932,0.04674477032718179,0.0,,
exact_doy,2019,oracle_true|true_modis,56,0.05637426863822301,0.045521179170590335,0.0,,
exact_doy,2019,lag|true_modis,56,0.05764987753173307,0.0456011015517027,0.0,,
exact_doy,2019,prod|loo_date_crop_0.15,249,0.06429826756275046,0.04632544593991494,0.0,16216.0,
exact_doy,2019,prod|loo_date_crop_0.30,249,0.06363418752154844,0.045536536775096545,0.0,16216.0,
exact_doy,2019,prod|loo_date_crop_0.50,249,0.0628817753442283,0.04462676944214269,0.0,16216.0,
exact_doy,2019,prod|loo_date_crop_0.75,249,0.06219383736917048,0.043688275725260205,0.0,16216.0,
exact_doy,2019,prod|loo_date_crop_1.00,249,0.06169762132208345,0.04309585488482575,0.0,16216.0,
exact_doy,2019,soft|loo_date_crop_0.15,249,0.06429826756275046,0.04632544593991494,0.0,16216.0,
exact_doy,2019,soft|loo_date_crop_0.30,249,0.06363418752154844,0.045536536775096545,0.0,16216.0,
exact_doy,2019,soft|loo_date_crop_0.50,249,0.0628817753442283,0.04462676944214269,0.0,16216.0,
exact_doy,2019,soft|loo_date_crop_0.75,249,0.06219383736917048,0.043688275725260205,0.0,16216.0,
exact_doy,2019,soft|loo_date_crop_1.00,249,0.06169762132208345,0.04309585488482575,0.0,16216.0,
exact_doy,2019,hard|loo_date_crop_0.15,249,0.06490213372643742,0.045695977914891515,0.0,16216.0,
exact_doy,2019,hard|loo_date_crop_0.30,249,0.06436689588713607,0.04505614506133108,0.0,16216.0,
exact_doy,2019,hard|loo_date_crop_0.50,249,0.06378815527707703,0.04433325299433119,0.0,16216.0,
exact_doy,2019,hard|loo_date_crop_0.75,249,0.06331557053168624,0.04356791318487804,0.0,16216.0,
exact_doy,2019,hard|loo_date_crop_1.00,249,0.06291494113506214,0.04300616509410924,0.0,16216.0,
exact_doy,2019,convex_diversity_best,249,0.0640019152690465,0.0455605265616667,,,"{""prod"": 0.2, ""hard"": 0.24, ""uniform"": 0.0, ""lag"": 0.56}"
private_random,0,prod,2476,0.07148438359582146,0.04975418071939656,0.0,,
private_random,0,soft,2476,0.07148438359582146,0.04975418071939656,0.0,,
private_random,0,hard,2476,0.07255007740894961,0.05004400637264162,0.0,,
private_random,0,uniform,2476,0.0822942287962747,0.06273472444829288,0.0,,
private_random,0,oracle_true,2476,0.0684831330631161,0.046666954017163684,0.0,,
private_random,0,lag,2476,0.06971101988759204,0.047797991814284485,0.0,,
private_random,0,prod|true_s2,1139,0.07350713345328434,0.04813698235397849,0.0,,
private_random,0,soft|true_s2,1139,0.07350713345328434,0.04813698235397849,0.0,,
private_random,0,hard|true_s2,1139,0.07370228069876385,0.046757452798899514,0.0,,
private_random,0,oracle_true|true_s2,1139,0.06910609415256895,0.043340161040314754,0.0,,
private_random,0,lag|true_s2,1139,0.07156060478294493,0.0463981842592928,0.0,,
private_random,0,prod|true_landsat,936,0.0638852857310295,0.04626353764115337,0.0,,
private_random,0,soft|true_landsat,936,0.0638852857310295,0.04626353764115337,0.0,,
private_random,0,hard|true_landsat,936,0.06590597820294328,0.04767274269045769,0.0,,
private_random,0,oracle_true|true_landsat,936,0.06124949680622783,0.04346027354556467,0.0,,
private_random,0,lag|true_landsat,936,0.06275967372622515,0.04472868589109627,0.0,,
private_random,0,prod|true_modis,401,0.08171967962681569,0.06249540480779261,0.0,,
private_random,0,soft|true_modis,401,0.08171967962681569,0.06249540480779261,0.0,,
private_random,0,hard|true_modis,401,0.08325926948511532,0.06491404958215886,0.0,,
private_random,0,oracle_true|true_modis,401,0.08146748691824725,0.06360129347364149,0.0,,
private_random,0,lag|true_modis,401,0.07916351498152248,0.05893826899443336,0.0,,
private_random,0,prod|loo_date_crop_0.15,2476,0.07095129220925862,0.04927983840574053,0.0,15099.0,
private_random,0,prod|loo_date_crop_0.30,2476,0.07047283944748269,0.048856269047298034,0.0,15099.0,
private_random,0,prod|loo_date_crop_0.50,2476,0.06992181603538264,0.04836141495664811,0.0,15099.0,
private_random,0,prod|loo_date_crop_0.75,2476,0.06938819541465457,0.04786881908149199,0.0,15099.0,
private_random,0,prod|loo_date_crop_1.00,2476,0.06908259530417087,0.04757572187574042,0.0,15099.0,
private_random,0,soft|loo_date_crop_0.15,2476,0.07095129220925862,0.04927983840574053,0.0,15099.0,
private_random,0,soft|loo_date_crop_0.30,2476,0.07047283944748269,0.048856269047298034,0.0,15099.0,
private_random,0,soft|loo_date_crop_0.50,2476,0.06992181603538264,0.04836141495664811,0.0,15099.0,
private_random,0,soft|loo_date_crop_0.75,2476,0.06938819541465457,0.04786881908149199,0.0,15099.0,
private_random,0,soft|loo_date_crop_1.00,2476,0.06908259530417087,0.04757572187574042,0.0,15099.0,
private_random,0,hard|loo_date_crop_0.15,2476,0.07203324270488144,0.04963544602398315,0.0,15099.0,
private_random,0,hard|loo_date_crop_0.30,2476,0.07157044671269101,0.04927221521185718,0.0,15099.0,
private_random,0,hard|loo_date_crop_0.50,2476,0.07103925327928441,0.04883151904008531,0.0,15099.0,
private_random,0,hard|loo_date_crop_0.75,2476,0.07052628905465587,0.04840010052444206,0.0,15099.0,
private_random,0,hard|loo_date_crop_1.00,2476,0.07023888850254406,0.04810723485739233,0.0,15099.0,
private_random,0,convex_diversity_best,2476,0.06918770138661454,0.04760267141731169,,,"{""prod"": 0.1, ""hard"": 0.18, ""uniform"": 0.072, ""lag"": 0.648}"
