protocol,partition,method,source,n,rmse,mae
exact_hidden_doy,exact2019,base_soft,all,249,0.06504498648921714,0.04715896372924984
exact_hidden_doy,exact2019,base_soft,s2,120,0.06726009888607969,0.04592066790440192
exact_hidden_doy,exact2019,base_soft,landsat,73,0.06176545596385216,0.04506109026055425
exact_hidden_doy,exact2019,base_soft,modis,56,0.06438143659049815,0.05254718269704496
exact_hidden_doy,exact2019,base_hard,all,249,0.065521769696119,0.046374229593686
exact_hidden_doy,exact2019,base_hard,s2,120,0.06879211450051831,0.04548155760233259
exact_hidden_doy,exact2019,base_hard,landsat,73,0.06447744731287422,0.0475573851811743
exact_hidden_doy,exact2019,base_hard,modis,56,0.05940387841392932,0.04674477032718179
exact_hidden_doy,exact2019,base_oracle_source,all,249,0.059959462926262405,0.0426563174452705
exact_hidden_doy,exact2019,base_route_accuracy,all,249,0.8232931726907631,0.4341037981034306
exact_hidden_doy,exact2019,lag_soft,all,249,0.06450731545469175,0.045785213056398634
exact_hidden_doy,exact2019,lag_soft,s2,120,0.0681832359252576,0.04630180721329884
exact_hidden_doy,exact2019,lag_soft,landsat,73,0.06326139882657703,0.045077253404822604
exact_hidden_doy,exact2019,lag_soft,modis,56,0.05764987753173307,0.0456011015517027
exact_hidden_doy,exact2019,lag_hard,all,249,0.06637196445604855,0.04616875077902001
exact_hidden_doy,exact2019,lag_hard,s2,120,0.07044324584433653,0.045981449814327155
exact_hidden_doy,exact2019,lag_hard,landsat,73,0.06546784787924499,0.048165962603882666
exact_hidden_doy,exact2019,lag_hard,modis,56,0.05802604369546591,0.04396660171738017
exact_hidden_doy,exact2019,lag_oracle_source,all,249,0.0602663835030423,0.041768685546332646
exact_hidden_doy,exact2019,lag_route_accuracy,all,249,0.8232931726907631,0.4341037981034306
exact_hidden_doy,exact2020,base_soft,all,222,0.0642742645224812,0.046779972198366486
exact_hidden_doy,exact2020,base_soft,s2,128,0.06140817993502565,0.04235231826670485
exact_hidden_doy,exact2020,base_soft,landsat,25,0.04668789669349046,0.035252078190655144
exact_hidden_doy,exact2020,base_soft,modis,69,0.07420542806449365,0.05917036427728641
exact_hidden_doy,exact2020,base_hard,all,222,0.06765361037491867,0.049796252402680326
exact_hidden_doy,exact2020,base_hard,s2,128,0.06037393082892075,0.04175997650909649
exact_hidden_doy,exact2020,base_hard,landsat,25,0.05192094022962569,0.03942285160194653
exact_hidden_doy,exact2020,base_hard,modis,69,0.08359151588118384,0.06846260507510171
exact_hidden_doy,exact2020,base_oracle_source,all,222,0.05935583503213202,0.04332233487735351
exact_hidden_doy,exact2020,base_route_accuracy,all,222,0.8108108108108109,0.4078742845938171
exact_hidden_doy,exact2020,lag_soft,all,222,0.062191369958472235,0.04561255110455665
exact_hidden_doy,exact2020,lag_soft,s2,128,0.06059825131405423,0.04229468653635534
exact_hidden_doy,exact2020,lag_soft,landsat,25,0.04444803125366392,0.03452761224650916
exact_hidden_doy,exact2020,lag_soft,modis,69,0.07011569356137336,0.05578371249848355
exact_hidden_doy,exact2020,lag_hard,all,222,0.06570762250363067,0.04826827746190971
exact_hidden_doy,exact2020,lag_hard,s2,128,0.05870957123172428,0.04113893002818752
exact_hidden_doy,exact2020,lag_hard,landsat,25,0.04960221190536542,0.03767512168061613
exact_hidden_doy,exact2020,lag_hard,modis,69,0.08127440558681408,0.0653318334916022
exact_hidden_doy,exact2020,lag_oracle_source,all,222,0.05723463020209015,0.04200592881360767
exact_hidden_doy,exact2020,lag_route_accuracy,all,222,0.8108108108108109,0.4078742845938171
exact_hidden_doy,exact2021,base_soft,all,130,0.09026033289207216,0.06715578488193086
exact_hidden_doy,exact2021,base_soft,s2,37,0.09866536904324819,0.07217253788219678
exact_hidden_doy,exact2021,base_soft,landsat,35,0.06171228260154848,0.04558618112920707
exact_hidden_doy,exact2021,base_soft,modis,58,0.09875228147201576,0.07697158264633591
exact_hidden_doy,exact2021,base_hard,all,130,0.08869038693399729,0.0657422626277341
exact_hidden_doy,exact2021,base_hard,s2,37,0.10148526839668728,0.07060307315602307
exact_hidden_doy,exact2021,base_hard,landsat,35,0.06535487352283366,0.05053381955957953
exact_hidden_doy,exact2021,base_hard,modis,58,0.09210295254042714,0.07181890948702233
exact_hidden_doy,exact2021,base_oracle_source,all,130,0.0841731015135971,0.060104449123899305
exact_hidden_doy,exact2021,base_route_accuracy,all,130,0.8153846153846154,0.4862353244400381
exact_hidden_doy,exact2021,lag_soft,all,130,0.08599740935703917,0.06327729176871567
exact_hidden_doy,exact2021,lag_soft,s2,37,0.09360742894916337,0.06988060822364785
exact_hidden_doy,exact2021,lag_soft,landsat,35,0.07016175567278438,0.04705777267994173
exact_hidden_doy,exact2021,lag_soft,modis,58,0.08953149875422683,0.06885247210103636
exact_hidden_doy,exact2021,lag_hard,all,130,0.0844567028953308,0.061797015641941795
exact_hidden_doy,exact2021,lag_hard,s2,37,0.09307557608508894,0.06754829296072104
exact_hidden_doy,exact2021,lag_hard,landsat,35,0.07554764360814509,0.05291549698616847
exact_hidden_doy,exact2021,lag_hard,modis,58,0.08376769544867702,0.06348763447223893
exact_hidden_doy,exact2021,lag_oracle_source,all,130,0.07679074465237502,0.05517146359180836
exact_hidden_doy,exact2021,lag_route_accuracy,all,130,0.8153846153846154,0.4862353244400381
exact_hidden_doy,exact2022,base_soft,all,192,0.07224060509795764,0.053035209586749975
exact_hidden_doy,exact2022,base_soft,s2,44,0.07148235861949816,0.05517158134547608
exact_hidden_doy,exact2022,base_soft,landsat,94,0.06490144562127864,0.04571681198793077
exact_hidden_doy,exact2022,base_soft,modis,54,0.08402124644730623,0.06403389508499176
exact_hidden_doy,exact2022,base_hard,all,192,0.07453295487265602,0.05339055203399524
exact_hidden_doy,exact2022,base_hard,s2,44,0.07701475728583097,0.052232947980507566
exact_hidden_doy,exact2022,base_hard,landsat,94,0.06698862696567745,0.04683687465418332
exact_hidden_doy,exact2022,base_hard,modis,54,0.08430458657443786,0.06574203818317631
exact_hidden_doy,exact2022,base_oracle_source,all,192,0.0650329252478972,0.046221503587729106
exact_hidden_doy,exact2022,base_route_accuracy,all,192,0.7916666666666666,0.5376833103219092
exact_hidden_doy,exact2022,lag_soft,all,192,0.06725714007336119,0.048312873566276233
exact_hidden_doy,exact2022,lag_soft,s2,44,0.07311386998245081,0.05267494205460152
exact_hidden_doy,exact2022,lag_soft,landsat,94,0.06155524043330367,0.04377416770916454
exact_hidden_doy,exact2022,lag_soft,modis,54,0.07163925147774174,0.052659305734464874
exact_hidden_doy,exact2022,lag_hard,all,192,0.07153575277910805,0.04807379290796565
exact_hidden_doy,exact2022,lag_hard,s2,44,0.08232265029271707,0.04920283482032986
exact_hidden_doy,exact2022,lag_hard,landsat,94,0.06396401757167446,0.04400538503045583
exact_hidden_doy,exact2022,lag_hard,modis,54,0.07450501692631738,0.05423587617355641
exact_hidden_doy,exact2022,lag_oracle_source,all,192,0.06036297795418303,0.04148184346849295
exact_hidden_doy,exact2022,lag_route_accuracy,all,192,0.7916666666666666,0.5376833103219092
exact_hidden_doy,exact2023,base_soft,all,169,0.07616221867194352,0.05241368834534056
exact_hidden_doy,exact2023,base_soft,s2,54,0.08389935553848786,0.05796304064007742
exact_hidden_doy,exact2023,base_soft,landsat,48,0.08584720412496974,0.05407770278426122
exact_hidden_doy,exact2023,base_soft,modis,67,0.06065025527418941,0.04674894630080353
exact_hidden_doy,exact2023,base_hard,all,169,0.07915759064263538,0.05341943505414568
exact_hidden_doy,exact2023,base_hard,s2,54,0.08888946880095791,0.05789236206749271
exact_hidden_doy,exact2023,base_hard,landsat,48,0.08646301271906771,0.05498952079392707
exact_hidden_doy,exact2023,base_hard,modis,67,0.06388282478824217,0.04868955185667932
exact_hidden_doy,exact2023,base_oracle_source,all,169,0.07125523303877902,0.046251906492887046
exact_hidden_doy,exact2023,base_route_accuracy,all,169,0.8757396449704142,0.2865883597358864
exact_hidden_doy,exact2023,lag_soft,all,169,0.07164623276650431,0.04974751823762285
exact_hidden_doy,exact2023,lag_soft,s2,54,0.08095097067056288,0.05576166210029451
exact_hidden_doy,exact2023,lag_soft,landsat,48,0.08227749171912128,0.05220815643190757
exact_hidden_doy,exact2023,lag_soft,modis,67,0.05307029118602599,0.043137452537474544
exact_hidden_doy,exact2023,lag_hard,all,169,0.07611684641587227,0.051126386189587446
exact_hidden_doy,exact2023,lag_hard,s2,54,0.08861832199666421,0.05622757438614997
exact_hidden_doy,exact2023,lag_hard,landsat,48,0.08435307208469649,0.05401333376918208
exact_hidden_doy,exact2023,lag_hard,modis,67,0.056454118669333093,0.04494671982488717
exact_hidden_doy,exact2023,lag_oracle_source,all,169,0.06384781478023727,0.04297608730671419
exact_hidden_doy,exact2023,lag_route_accuracy,all,169,0.8757396449704142,0.2865883597358864
exact_hidden_doy,exact2024,base_soft,all,152,0.05923181948845261,0.042563748165052644
exact_hidden_doy,exact2024,base_soft,s2,62,0.05983099648330292,0.04373899022781823
exact_hidden_doy,exact2024,base_soft,landsat,51,0.042574787361058505,0.031286021485429034
exact_hidden_doy,exact2024,base_soft,modis,39,0.07491712681432684,0.05544321105657412
exact_hidden_doy,exact2024,base_hard,all,152,0.0653748144230225,0.04390936183393646
exact_hidden_doy,exact2024,base_hard,s2,62,0.062190162210225365,0.040725969921655114
exact_hidden_doy,exact2024,base_hard,landsat,51,0.04461234155366423,0.03255336994627894
exact_hidden_doy,exact2024,base_hard,modis,39,0.08891542593356246,0.0638202819578333
exact_hidden_doy,exact2024,base_oracle_source,all,152,0.05134835368619356,0.034427922648314825
exact_hidden_doy,exact2024,base_route_accuracy,all,152,0.7236842105263158,0.6333422271167247
exact_hidden_doy,exact2024,lag_soft,all,152,0.05729233537701778,0.04112259978748164
exact_hidden_doy,exact2024,lag_soft,s2,62,0.058889200089026546,0.042910093767798314
exact_hidden_doy,exact2024,lag_soft,landsat,51,0.04357306495129866,0.030569631010270187
exact_hidden_doy,exact2024,lag_soft,modis,39,0.06926078863943037,0.05208097878384447
exact_hidden_doy,exact2024,lag_hard,all,152,0.06306840395779971,0.04232231957821378
exact_hidden_doy,exact2024,lag_hard,s2,62,0.058303419814674635,0.03892997926109962
exact_hidden_doy,exact2024,lag_hard,landsat,51,0.04673051115748825,0.0324818869973504
exact_hidden_doy,exact2024,lag_hard,modis,39,0.08510507927967764,0.06058352884193459
exact_hidden_doy,exact2024,lag_oracle_source,all,152,0.049475358840924424,0.03330650859746337
exact_hidden_doy,exact2024,lag_route_accuracy,all,152,0.7236842105263158,0.6333422271167247
private_like,random0,base_soft,all,2644,0.08117700485768442,0.05140062876841171
private_like,random0,base_soft,s2,1156,0.07346429970359718,0.04653364903514246
private_like,random0,base_soft,landsat,1035,0.08939442355035095,0.052625662695115254
private_like,random0,base_soft,modis,453,0.08019273773459476,0.06102164081591967
private_like,random0,base_hard,all,2644,0.08195480535115049,0.05205156901596756
private_like,random0,base_hard,s2,1156,0.07324858794910086,0.04598519847551736
private_like,random0,base_hard,landsat,1035,0.09099004200848493,0.05439508231806221
private_like,random0,base_hard,modis,453,0.08120714316898706,0.062177812011756685
private_like,random0,base_oracle_source,all,2644,0.0788997897728875,0.04897280199853583
private_like,random0,base_route_accuracy,all,2644,0.875945537065053,0.29035840981029587
private_like,random0,lag_soft,all,2644,0.07945899515216152,0.049940579002725805
private_like,random0,lag_soft,s2,1156,0.07237270152043992,0.045275115868949486
private_like,random0,lag_soft,landsat,1035,0.08687851222771749,0.05106204994692649
private_like,random0,lag_soft,modis,453,0.07899129058840233,0.05928396301022628
private_like,random0,lag_hard,all,2644,0.08038145237663662,0.05076798767779395
private_like,random0,lag_hard,s2,1156,0.07211645250013514,0.04481378120916298
private_like,random0,lag_hard,landsat,1035,0.08873985251267716,0.052965110767871304
private_like,random0,lag_hard,modis,453,0.08029844210632661,0.06094246953101111
private_like,random0,lag_oracle_source,all,2644,0.0771784028619199,0.047646309418037595
private_like,random0,lag_route_accuracy,all,2644,0.875945537065053,0.29035840981029587
private_2025_date,date25_0,base_soft,all,925,0.06749832492941764,0.04377729982699651
private_2025_date,date25_0,base_soft,s2,607,0.07150490244532055,0.04427596049853561
private_2025_date,date25_0,base_soft,landsat,215,0.04946974963782382,0.0341888264771348
private_2025_date,date25_0,base_soft,modis,103,0.0753374743087185,0.060853365289093846
private_2025_date,date25_0,base_hard,all,925,0.06867250327045325,0.0440836533681726
private_2025_date,date25_0,base_hard,s2,607,0.0713342752217087,0.04339217870952797
private_2025_date,date25_0,base_hard,landsat,215,0.053522662745836155,0.03590889286921451
private_2025_date,date25_0,base_hard,modis,103,0.07989961487187551,0.06522247497082584
private_2025_date,date25_0,base_oracle_source,all,925,0.06492517197918138,0.04027811324698725
private_2025_date,date25_0,base_route_accuracy,all,925,0.8854054054054054,0.3079217282165573
private_2025_date,date25_0,lag_soft,all,925,0.06603229408190997,0.041977969501171455
private_2025_date,date25_0,lag_soft,s2,607,0.07135502896053383,0.042755131312757995
private_2025_date,date25_0,lag_soft,landsat,215,0.049190357125992866,0.03516995303441563
private_2025_date,date25_0,lag_soft,modis,103,0.06404227827314102,0.051608904653787764
private_2025_date,date25_0,lag_hard,all,925,0.06763337484830874,0.04286401201141554
private_2025_date,date25_0,lag_hard,s2,607,0.07123998324873186,0.042390865237215004
private_2025_date,date25_0,lag_hard,landsat,215,0.053397696172658875,0.03718191629705327
private_2025_date,date25_0,lag_hard,modis,103,0.07224307093797032,0.057513047647606036
private_2025_date,date25_0,lag_oracle_source,all,925,0.06314462428033629,0.03829073044508004
private_2025_date,date25_0,lag_route_accuracy,all,925,0.8854054054054054,0.3079217282165573
private_like,random1,base_soft,all,2644,0.07594827168305597,0.05141087797808511
private_like,random1,base_soft,s2,1181,0.08095192333794668,0.050062975138643696
private_like,random1,base_soft,landsat,1002,0.0669596072179592,0.048287623401740205
private_like,random1,base_soft,modis,461,0.0809255073980554,0.06165247090406753
private_like,random1,base_hard,all,2644,0.07736196286966908,0.052243334528710356
private_like,random1,base_hard,s2,1181,0.08162779747137405,0.04986153433205627
private_like,random1,base_hard,landsat,1002,0.06872657016074732,0.04971850509377883
private_like,random1,base_hard,modis,461,0.08360244392812453,0.06383289011667105
private_like,random1,base_oracle_source,all,2644,0.07328264815278165,0.048480587004033134
private_like,random1,base_route_accuracy,all,2644,0.8751891074130106,0.29338358698878914
private_like,random1,lag_soft,all,2644,0.07281649799174637,0.04909549473829748
private_like,random1,lag_soft,s2,1181,0.08003787404466361,0.04897896403224228
private_like,random1,lag_soft,landsat,1002,0.06332747085377316,0.04636924296490262
private_like,random1,lag_soft,modis,461,0.07268004313205888,0.055319631486221245
private_like,random1,lag_hard,all,2644,0.07475011998105206,0.05015729235919718
private_like,random1,lag_hard,s2,1181,0.08082271045227335,0.048859933539016694
private_like,random1,lag_hard,landsat,1002,0.06566172328629823,0.04815379655801308
private_like,random1,lag_hard,modis,461,0.07707813762700452,0.05783556472236338
private_like,random1,lag_oracle_source,all,2644,0.06999442989718747,0.0459329648380262
private_like,random1,lag_route_accuracy,all,2644,0.8751891074130106,0.29338358698878914
private_2025_date,date25_1,base_soft,all,925,0.08541279791374909,0.04620150200640345
private_2025_date,date25_1,base_soft,s2,608,0.07551761712063192,0.04532218610125198
private_2025_date,date25_1,base_soft,landsat,208,0.11243933263183326,0.04089302094858661
private_2025_date,date25_1,base_soft,modis,109,0.07729153554332019,0.06123625549592638
private_2025_date,date25_1,base_hard,all,925,0.08709210447736163,0.04727947069190294
private_2025_date,date25_1,base_hard,s2,608,0.07614610779741758,0.045219274118812054
private_2025_date,date25_1,base_hard,landsat,208,0.11483710020984321,0.04306106890653016
private_2025_date,date25_1,base_hard,modis,109,0.08282960244809912,0.06682100360746991
private_2025_date,date25_1,base_oracle_source,all,925,0.08240163019136443,0.04260982250593108
private_2025_date,date25_1,base_route_accuracy,all,925,0.867027027027027,0.3232615211386732
private_2025_date,date25_1,lag_soft,all,925,0.08356181393251895,0.044003747208672915
private_2025_date,date25_1,lag_soft,s2,608,0.07363627382908558,0.04296892490381761
private_2025_date,date25_1,lag_soft,landsat,208,0.11203269541524488,0.04108380390682342
private_2025_date,date25_1,lag_soft,modis,109,0.07112781000606404,0.05534796893469787
private_2025_date,date25_1,lag_hard,all,925,0.08594111483384481,0.04541952446984379
private_2025_date,date25_1,lag_hard,s2,608,0.07459895468324738,0.04273785382730757
private_2025_date,date25_1,lag_hard,landsat,208,0.11467546791674499,0.04336487558112686
private_2025_date,date25_1,lag_hard,modis,109,0.0808847764295829,0.0642986319883314
private_2025_date,date25_1,lag_oracle_source,all,925,0.08060806028606682,0.04008557928942076
private_2025_date,date25_1,lag_route_accuracy,all,925,0.867027027027027,0.3232615211386732
private_like,random2,base_soft,all,2644,0.07851486701071675,0.050056088875075844
private_like,random2,base_soft,s2,1186,0.07593578601157845,0.04725625348839184
private_like,random2,base_soft,landsat,1025,0.08186564719312592,0.049035350331784626
private_like,random2,base_soft,modis,433,0.07735318804031026,0.060141219996278375
private_like,random2,base_hard,all,2644,0.07990946175293721,0.05098181182946868
private_like,random2,base_hard,s2,1186,0.07649872607219867,0.046841560357271765
private_like,random2,base_hard,landsat,1025,0.08354753645457096,0.050745416211876705
private_like,random2,base_hard,modis,433,0.08024338578915446,0.0628816819312177
private_like,random2,base_oracle_source,all,2644,0.07632046713896382,0.0474428427134897
private_like,random2,base_route_accuracy,all,2644,0.8793494704992436,0.28457608106314275
private_like,random2,lag_soft,all,2644,0.0764391962842863,0.04791963513806771
private_like,random2,lag_soft,s2,1186,0.073425311051802,0.045197262238547885
private_like,random2,lag_soft,landsat,1025,0.08043765075861463,0.047162594005749736
private_like,random2,lag_soft,modis,433,0.0748013069365925,0.057168368208405915
private_like,random2,lag_hard,all,2644,0.07809577583151336,0.04907921017643445
private_like,random2,lag_hard,s2,1186,0.07399425463106234,0.045001972459406785
private_like,random2,lag_hard,landsat,1025,0.08217197276600517,0.04901882928254745
private_like,random2,lag_hard,modis,433,0.07912713531246561,0.06038982068135127
private_like,random2,lag_oracle_source,all,2644,0.07454335354020487,0.04551834826362747
private_like,random2,lag_route_accuracy,all,2644,0.8793494704992436,0.28457608106314275
private_2025_date,date25_2,base_soft,all,925,0.06875365676338081,0.044746424813306325
private_2025_date,date25_2,base_soft,s2,593,0.07156580705366702,0.04494733688437928
private_2025_date,date25_2,base_soft,landsat,218,0.0556312994614616,0.03597329951130524
private_2025_date,date25_2,base_soft,modis,114,0.07612966699896544,0.060478007775499026
private_2025_date,date25_2,base_hard,all,925,0.06973586802437018,0.04516692574895275
private_2025_date,date25_2,base_hard,s2,593,0.07149850376347477,0.04434574846829014
private_2025_date,date25_2,base_hard,landsat,218,0.05775394066311482,0.03731580273609051
private_2025_date,date25_2,base_hard,modis,114,0.08055613821781038,0.0644520392948904
private_2025_date,date25_2,base_oracle_source,all,925,0.06626420459893237,0.041543847363774956
private_2025_date,date25_2,base_route_accuracy,all,925,0.8778378378378379,0.2999012811268993
private_2025_date,date25_2,lag_soft,all,925,0.06685725791674016,0.04286021989623959
private_2025_date,date25_2,lag_soft,s2,593,0.07039359126931886,0.04275189929679905
private_2025_date,date25_2,lag_soft,landsat,218,0.054488239353980936,0.036757733706075726
private_2025_date,date25_2,lag_soft,modis,114,0.06939260799277917,0.05509334362364274
private_2025_date,date25_2,lag_hard,all,925,0.06858942469255992,0.04341677516577887
private_2025_date,date25_2,lag_hard,s2,593,0.07067552683688201,0.042237972925462754
private_2025_date,date25_2,lag_hard,landsat,218,0.05709970650738123,0.03786405451543217
private_2025_date,date25_2,lag_hard,modis,114,0.0771678548821813,0.06016697543141944
private_2025_date,date25_2,lag_oracle_source,all,925,0.06396492974926217,0.039143481153291054
private_2025_date,date25_2,lag_route_accuracy,all,925,0.8778378378378379,0.2999012811268993
