scope,seed,config,weight,n,peer_n,coverage,rmse,base_rmse,delta_rmse
pooled,-1,n12_c40_r100_k2,0.0800000000,10576,7470,0.7063161876,0.0655482642,0.0657223353,-0.0001740711
pooled,-1,n12_c40_r100_k2,0.1000000000,10576,7470,0.7063161876,0.0655547963,0.0657223353,-0.0001675390
pooled,-1,n12_c40_r100_k1,0.0800000000,10576,5603,0.5297844175,0.0655676602,0.0657223353,-0.0001546751
pooled,-1,n12_c40_r100_k1,0.1000000000,10576,5603,0.5297844175,0.0655744079,0.0657223353,-0.0001479273
pooled,-1,n12_c40_r100_k2,0.0500000000,10576,7470,0.7063161876,0.0655760407,0.0657223353,-0.0001462946
pooled,-1,n12_c40_r100_k2,0.1200000000,10576,7470,0.7063161876,0.0655813638,0.0657223353,-0.0001409715
pooled,-1,n12_c40_r100_k1,0.0500000000,10576,5603,0.5297844175,0.0655916305,0.0657223353,-0.0001307048
pooled,-1,n12_c40_r100_k1,0.1200000000,10576,5603,0.5297844175,0.0655993338,0.0657223353,-0.0001230015
pooled,-1,n8_c40_r125_k1,0.0500000000,10576,6573,0.6215015129,0.0656144611,0.0657223353,-0.0001078742
pooled,-1,n12_c40_r100_k2,0.0300000000,10576,7470,0.7063161876,0.0656195834,0.0657223353,-0.0001027519
pooled,-1,n8_c40_r125_k1,0.0800000000,10576,6573,0.6215015129,0.0656218422,0.0657223353,-0.0001004930
pooled,-1,n12_c40_r100_k1,0.0300000000,10576,5603,0.5297844175,0.0656303193,0.0657223353,-0.0000920160
pooled,-1,n16_c60_r100_k1,0.0800000000,10576,4875,0.4609493192,0.0656378294,0.0657223353,-0.0000845059
pooled,-1,n8_c40_r125_k1,0.0300000000,10576,6573,0.6215015129,0.0656396016,0.0657223353,-0.0000827337
pooled,-1,n16_c60_r100_k1,0.0500000000,10576,4875,0.4609493192,0.0656411548,0.0657223353,-0.0000811804
pooled,-1,n8_c40_r125_k2,0.0500000000,10576,8783,0.8304652042,0.0656439484,0.0657223353,-0.0000783869
pooled,-1,n12_c40_r100_k2,0.0200000000,10576,7470,0.7063161876,0.0656488489,0.0657223353,-0.0000734863
pooled,-1,n16_c60_r100_k1,0.1000000000,10576,4875,0.4609493192,0.0656545333,0.0657223353,-0.0000678020
pooled,-1,n8_c40_r125_k2,0.0300000000,10576,8783,0.8304652042,0.0656554092,0.0657223353,-0.0000669261
pooled,-1,n16_c60_r125_k2,0.0500000000,10576,7263,0.6867435703,0.0656562453,0.0657223353,-0.0000660900
pooled,-1,n12_c40_r100_k1,0.0200000000,10576,5603,0.5297844175,0.0656564657,0.0657223353,-0.0000658696
pooled,-1,n8_c40_r125_k1,0.1000000000,10576,6573,0.6215015129,0.0656568164,0.0657223353,-0.0000655189
pooled,-1,n12_c40_r100_k2,0.1500000000,10576,7470,0.7063161876,0.0656587233,0.0657223353,-0.0000636120
pooled,-1,n8_c40_r125_k1,0.0200000000,10576,6573,0.6215015129,0.0656611823,0.0657223353,-0.0000611529
pooled,-1,n16_c60_r100_k1,0.0300000000,10576,4875,0.4609493192,0.0656622904,0.0657223353,-0.0000600448
pooled,-1,n16_c60_r125_k2,0.0300000000,10576,7263,0.6867435703,0.0656678210,0.0657223353,-0.0000545143
pooled,-1,n16_c60_r125_k1,0.0500000000,10576,5438,0.5141830560,0.0656681894,0.0657223353,-0.0000541459
pooled,-1,n12_c40_r100_k1,0.1500000000,10576,5603,0.5297844175,0.0656707570,0.0657223353,-0.0000515783
pooled,-1,n8_c40_r125_k2,0.0200000000,10576,8783,0.8304652042,0.0656710913,0.0657223353,-0.0000512440
pooled,-1,n16_c60_r125_k2,0.0800000000,10576,7263,0.6867435703,0.0656760589,0.0657223353,-0.0000462764
pooled,-1,n16_c60_r125_k1,0.0300000000,10576,5438,0.5141830560,0.0656762392,0.0657223353,-0.0000460961
pooled,-1,n8_c40_r125_k2,0.0800000000,10576,8783,0.8304652042,0.0656765270,0.0657223353,-0.0000458083
pooled,-1,n16_c60_r100_k1,0.0200000000,10576,4875,0.4609493192,0.0656785293,0.0657223353,-0.0000438060
pooled,-1,n16_c60_r125_k2,0.0200000000,10576,7263,0.6867435703,0.0656810419,0.0657223353,-0.0000412933
pooled,-1,n12_c40_r100_k2,0.0100000000,10576,7470,0.7063161876,0.0656831022,0.0657223353,-0.0000392331
pooled,-1,n16_c60_r100_k1,0.1200000000,10576,4875,0.4609493192,0.0656863620,0.0657223353,-0.0000359733
pooled,-1,n16_c60_r125_k1,0.0200000000,10576,5438,0.5141830560,0.0656870706,0.0657223353,-0.0000352647
pooled,-1,n12_c40_r100_k1,0.0100000000,10576,5603,0.5297844175,0.0656871398,0.0657223353,-0.0000351955
pooled,-1,n8_c40_r125_k1,0.0100000000,10576,6573,0.6215015129,0.0656887628,0.0657223353,-0.0000335725
pooled,-1,n16_c60_r125_k1,0.0800000000,10576,5438,0.5141830560,0.0656901526,0.0657223353,-0.0000321827
pooled,-1,n8_c40_r125_k2,0.0100000000,10576,8783,0.8304652042,0.0656934022,0.0657223353,-0.0000289330
pooled,-1,n16_c60_r100_k1,0.0100000000,10576,4875,0.4609493192,0.0656985454,0.0657223353,-0.0000237899
pooled,-1,n16_c60_r125_k2,0.0100000000,10576,7263,0.6867435703,0.0656992148,0.0657223353,-0.0000231205
pooled,-1,n16_c60_r125_k1,0.0100000000,10576,5438,0.5141830560,0.0657024371,0.0657223353,-0.0000198982
pooled,-1,n16_c60_r125_k2,0.1000000000,10576,7263,0.6867435703,0.0657140353,0.0657223353,-0.0000083000
pooled,-1,n8_c40_r125_k1,0.1200000000,10576,6573,0.6215015129,0.0657157924,0.0657223353,-0.0000065429
pooled,-1,n12_c40_r100_k2,0.0000000000,10576,7470,0.7063161876,0.0657223353,0.0657223353,0.0000000000
pooled,-1,n8_c40_r125_k2,0.0000000000,10576,8783,0.8304652042,0.0657223353,0.0657223353,0.0000000000
pooled,-1,n16_c60_r125_k2,0.0000000000,10576,7263,0.6867435703,0.0657223353,0.0657223353,0.0000000000
pooled,-1,n16_c60_r100_k1,0.0000000000,10576,4875,0.4609493192,0.0657223353,0.0657223353,0.0000000000
pooled,-1,n16_c60_r125_k1,0.0000000000,10576,5438,0.5141830560,0.0657223353,0.0657223353,0.0000000000
pooled,-1,n12_c40_r100_k1,0.0000000000,10576,5603,0.5297844175,0.0657223353,0.0657223353,0.0000000000
pooled,-1,n8_c40_r125_k1,0.0000000000,10576,6573,0.6215015129,0.0657223353,0.0657223353,0.0000000000
pooled,-1,n16_c60_r125_k1,0.1000000000,10576,5438,0.5141830560,0.0657274691,0.0657223353,0.0000051338
pooled,-1,n8_c40_r125_k2,0.1000000000,10576,8783,0.8304652042,0.0657313875,0.0657223353,0.0000090522
pooled,-1,n16_c60_r100_k1,0.1500000000,10576,4875,0.4609493192,0.0657624130,0.0657223353,0.0000400777
pooled,-1,n16_c60_r125_k2,0.1200000000,10576,7263,0.6867435703,0.0657717880,0.0657223353,0.0000494527
pooled,-1,n16_c60_r125_k1,0.1200000000,10576,5438,0.5141830560,0.0657828912,0.0657223353,0.0000605559
pooled,-1,n8_c40_r125_k2,0.1200000000,10576,8783,0.8304652042,0.0658126884,0.0657223353,0.0000903531
pooled,-1,n8_c40_r125_k1,0.1500000000,10576,6573,0.6215015129,0.0658491114,0.0657223353,0.0001267762
pooled,-1,n12_c40_r100_k1,0.2000000000,10576,5603,0.5297844175,0.0658801794,0.0657223353,0.0001578441
pooled,-1,n12_c40_r100_k2,0.2000000000,10576,7470,0.7063161876,0.0658872295,0.0657223353,0.0001648942
pooled,-1,n16_c60_r125_k2,0.1500000000,10576,7263,0.6867435703,0.0658953791,0.0657223353,0.0001730438
pooled,-1,n16_c60_r125_k1,0.1500000000,10576,5438,0.5141830560,0.0658998683,0.0657223353,0.0001775330
pooled,-1,n16_c60_r100_k1,0.2000000000,10576,4875,0.4609493192,0.0659643303,0.0657223353,0.0002419950
pooled,-1,n8_c40_r125_k2,0.1500000000,10576,8783,0.8304652042,0.0659839932,0.0657223353,0.0002616579
pooled,-1,n16_c60_r125_k1,0.2000000000,10576,5438,0.5141830560,0.0661845032,0.0657223353,0.0004621679
pooled,-1,n8_c40_r125_k1,0.2000000000,10576,6573,0.6215015129,0.0661900393,0.0657223353,0.0004677040
pooled,-1,n16_c60_r125_k2,0.2000000000,10576,7263,0.6867435703,0.0661992616,0.0657223353,0.0004769263
pooled,-1,n12_c40_r100_k1,0.2500000000,10576,5603,0.5297844175,0.0662016020,0.0657223353,0.0004792667
pooled,-1,n12_c40_r100_k2,0.2500000000,10576,7470,0.7063161876,0.0662390256,0.0657223353,0.0005166903
pooled,-1,n16_c60_r100_k1,0.2500000000,10576,4875,0.4609493192,0.0662594254,0.0657223353,0.0005370901
pooled,-1,n8_c40_r125_k2,0.2000000000,10576,8783,0.8304652042,0.0663998806,0.0657223353,0.0006775454
pooled,-1,n16_c60_r125_k1,0.2500000000,10576,5438,0.5141830560,0.0665799341,0.0657223353,0.0008575988
pooled,-1,n16_c60_r125_k2,0.2500000000,10576,7263,0.6867435703,0.0666240059,0.0657223353,0.0009016706
pooled,-1,n12_c40_r100_k1,0.3000000000,10576,5603,0.5297844175,0.0666334040,0.0657223353,0.0009110688
pooled,-1,n16_c60_r100_k1,0.3000000000,10576,4875,0.4609493192,0.0666464607,0.0657223353,0.0009241254
pooled,-1,n8_c40_r125_k1,0.2500000000,10576,6573,0.6215015129,0.0666773202,0.0657223353,0.0009549849
pooled,-1,n12_c40_r100_k2,0.3000000000,10576,7470,0.7063161876,0.0667121612,0.0657223353,0.0009898259
pooled,-1,n8_c40_r125_k2,0.2500000000,10576,8783,0.8304652042,0.0669760081,0.0657223353,0.0012536728
pooled,-1,n16_c60_r125_k1,0.3000000000,10576,5438,0.5141830560,0.0670842020,0.0657223353,0.0013618667
pooled,-1,n16_c60_r125_k2,0.3000000000,10576,7263,0.6867435703,0.0671673192,0.0657223353,0.0014449839
pooled,-1,n8_c40_r125_k1,0.3000000000,10576,6573,0.6215015129,0.0673077755,0.0657223353,0.0015854402
pooled,-1,n8_c40_r125_k2,0.3000000000,10576,8783,0.8304652042,0.0677082853,0.0657223353,0.0019859500
seed,1,n12_c40_r100_k1,0.0800000000,2644,1847,0.6985627837,0.0614632297,0.0617229811,-0.0002597515
seed,1,n12_c40_r100_k1,0.1000000000,2644,1847,0.6985627837,0.0614632869,0.0617229811,-0.0002596943
seed,1,n12_c40_r100_k1,0.1200000000,2644,1847,0.6985627837,0.0614893914,0.0617229811,-0.0002335897
seed,1,n12_c40_r100_k1,0.0500000000,2644,1847,0.6985627837,0.0615119738,0.0617229811,-0.0002110074
seed,1,n16_c60_r100_k1,0.0800000000,2644,1627,0.6153555219,0.0615156927,0.0617229811,-0.0002072885
seed,1,n16_c60_r100_k1,0.1000000000,2644,1627,0.6153555219,0.0615200780,0.0617229811,-0.0002029031
seed,1,n16_c60_r100_k1,0.1200000000,2644,1627,0.6153555219,0.0615469736,0.0617229811,-0.0001760075
seed,1,n16_c60_r100_k1,0.0500000000,2644,1627,0.6153555219,0.0615513253,0.0617229811,-0.0001716558
seed,1,n12_c40_r100_k2,0.0800000000,2644,1847,0.6985627837,0.0615531351,0.0617229811,-0.0001698460
seed,1,n12_c40_r100_k2,0.1000000000,2644,1847,0.6985627837,0.0615666313,0.0617229811,-0.0001563499
seed,1,n12_c40_r100_k2,0.0500000000,2644,1847,0.6985627837,0.0615748981,0.0617229811,-0.0001480830
seed,1,n12_c40_r100_k1,0.0300000000,2644,1847,0.6985627837,0.0615769629,0.0617229811,-0.0001460182
seed,1,n12_c40_r100_k1,0.1500000000,2644,1847,0.6985627837,0.0615773056,0.0617229811,-0.0001456756
seed,1,n16_c60_r125_k1,0.0800000000,2644,1830,0.6921331316,0.0615791257,0.0617229811,-0.0001438555
seed,1,n8_c40_r125_k1,0.0500000000,2644,2188,0.8275340393,0.0615796933,0.0617229811,-0.0001432878
seed,1,n16_c60_r125_k1,0.0500000000,2644,1830,0.6921331316,0.0615808759,0.0617229811,-0.0001421053
seed,1,n8_c40_r125_k1,0.0800000000,2644,2188,0.8275340393,0.0615975356,0.0617229811,-0.0001254455
seed,1,n12_c40_r100_k2,0.1200000000,2644,1847,0.6985627837,0.0616025176,0.0617229811,-0.0001204635
seed,1,n16_c60_r100_k1,0.0300000000,2644,1627,0.6153555219,0.0616031829,0.0617229811,-0.0001197983
seed,1,n8_c40_r125_k1,0.0300000000,2644,2188,0.8275340393,0.0616110877,0.0617229811,-0.0001118934
seed,1,n16_c60_r125_k1,0.1000000000,2644,1830,0.6921331316,0.0616127887,0.0617229811,-0.0001101925
seed,1,n16_c60_r125_k1,0.0300000000,2644,1830,0.6921331316,0.0616168702,0.0617229811,-0.0001061109
seed,1,n12_c40_r100_k2,0.0300000000,2644,1847,0.6985627837,0.0616173885,0.0617229811,-0.0001055926
seed,1,n12_c40_r100_k1,0.0200000000,2644,1847,0.6985627837,0.0616191777,0.0617229811,-0.0001038034
seed,1,n16_c60_r100_k1,0.1500000000,2644,1627,0.6153555219,0.0616294527,0.0617229811,-0.0000935284
seed,1,n16_c60_r100_k1,0.0200000000,2644,1627,0.6153555219,0.0616375234,0.0617229811,-0.0000854578
seed,1,n8_c40_r125_k1,0.0200000000,2644,2188,0.8275340393,0.0616397574,0.0617229811,-0.0000832238
seed,1,n16_c60_r125_k1,0.0200000000,2644,1830,0.6921331316,0.0616453009,0.0617229811,-0.0000776803
seed,1,n12_c40_r100_k2,0.0200000000,2644,1847,0.6985627837,0.0616470132,0.0617229811,-0.0000759680
seed,1,n8_c40_r125_k1,0.1000000000,2644,2188,0.8275340393,0.0616526905,0.0617229811,-0.0000702907
seed,1,n12_c40_r100_k1,0.0100000000,2644,1847,0.6985627837,0.0616678555,0.0617229811,-0.0000551256
seed,1,n8_c40_r125_k2,0.0300000000,2644,2188,0.8275340393,0.0616735677,0.0617229811,-0.0000494134
seed,1,n16_c60_r125_k1,0.1200000000,2644,1830,0.6921331316,0.0616742678,0.0617229811,-0.0000487133
seed,1,n8_c40_r125_k2,0.0500000000,2644,2188,0.8275340393,0.0616767123,0.0617229811,-0.0000462688
seed,1,n8_c40_r125_k1,0.0100000000,2644,2188,0.8275340393,0.0616770604,0.0617229811,-0.0000459208
seed,1,n16_c60_r100_k1,0.0100000000,2644,1627,0.6153555219,0.0616774598,0.0617229811,-0.0000455214
seed,1,n16_c60_r125_k1,0.0100000000,2644,1830,0.6921331316,0.0616806752,0.0617229811,-0.0000423060
seed,1,n12_c40_r100_k2,0.0100000000,2644,1847,0.6985627837,0.0616822139,0.0617229811,-0.0000407672
seed,1,n8_c40_r125_k2,0.0200000000,2644,2188,0.8275340393,0.0616828247,0.0617229811,-0.0000401564
seed,1,n16_c60_r125_k2,0.0300000000,2644,1830,0.6921331316,0.0616873079,0.0617229811,-0.0000356732
seed,1,n16_c60_r125_k2,0.0500000000,2644,1830,0.6921331316,0.0616928650,0.0617229811,-0.0000301161
seed,1,n16_c60_r125_k2,0.0200000000,2644,1830,0.6921331316,0.0616933328,0.0617229811,-0.0000296483
seed,1,n12_c40_r100_k2,0.1500000000,2644,1847,0.6985627837,0.0616982367,0.0617229811,-0.0000247445
seed,1,n8_c40_r125_k2,0.0100000000,2644,2188,0.8275340393,0.0616992978,0.0617229811,-0.0000236834
seed,1,n16_c60_r125_k2,0.0100000000,2644,1830,0.6921331316,0.0617052251,0.0617229811,-0.0000177561
seed,1,n12_c40_r100_k2,0.0000000000,2644,1847,0.6985627837,0.0617229811,0.0617229811,0.0000000000
seed,1,n8_c40_r125_k2,0.0000000000,2644,2188,0.8275340393,0.0617229811,0.0617229811,0.0000000000
seed,1,n16_c60_r125_k2,0.0000000000,2644,1830,0.6921331316,0.0617229811,0.0617229811,0.0000000000
seed,1,n16_c60_r100_k1,0.0000000000,2644,1627,0.6153555219,0.0617229811,0.0617229811,0.0000000000
seed,1,n16_c60_r125_k1,0.0000000000,2644,1830,0.6921331316,0.0617229811,0.0617229811,0.0000000000
seed,1,n12_c40_r100_k1,0.0000000000,2644,1847,0.6985627837,0.0617229811,0.0617229811,0.0000000000
seed,1,n8_c40_r125_k1,0.0000000000,2644,2188,0.8275340393,0.0617229811,0.0617229811,0.0000000000
seed,1,n8_c40_r125_k2,0.0800000000,2644,2188,0.8275340393,0.0617355485,0.0617229811,0.0000125674
seed,1,n8_c40_r125_k1,0.1200000000,2644,2188,0.8275340393,0.0617423537,0.0617229811,0.0000193725
seed,1,n16_c60_r125_k2,0.0800000000,2644,1830,0.6921331316,0.0617451937,0.0617229811,0.0000222126
seed,1,n16_c60_r125_k2,0.1000000000,2644,1830,0.6921331316,0.0618093504,0.0617229811,0.0000863692
seed,1,n8_c40_r125_k2,0.1000000000,2644,2188,0.8275340393,0.0618107721,0.0617229811,0.0000877910
seed,1,n16_c60_r125_k1,0.1500000000,2644,1830,0.6921331316,0.0618184500,0.0617229811,0.0000954689
seed,1,n12_c40_r100_k1,0.2000000000,2644,1847,0.6985627837,0.0618531300,0.0617229811,0.0001301488
seed,1,n16_c60_r100_k1,0.2000000000,2644,1627,0.6153555219,0.0618787039,0.0617229811,0.0001557227
seed,1,n16_c60_r125_k2,0.1200000000,2644,1830,0.6921331316,0.0618968425,0.0617229811,0.0001738614
seed,1,n8_c40_r125_k2,0.1200000000,2644,2188,0.8275340393,0.0619146786,0.0617229811,0.0001916975
seed,1,n8_c40_r125_k1,0.1500000000,2644,2188,0.8275340393,0.0619412080,0.0617229811,0.0002182268
seed,1,n12_c40_r100_k2,0.2000000000,2644,1847,0.6985627837,0.0619688233,0.0617229811,0.0002458421
seed,1,n16_c60_r125_k2,0.1500000000,2644,1830,0.6921331316,0.0620716119,0.0617229811,0.0003486307
seed,1,n8_c40_r125_k2,0.1500000000,2644,2188,0.8275340393,0.0621239932,0.0617229811,0.0004010120
seed,1,n16_c60_r125_k1,0.2000000000,2644,1830,0.6921331316,0.0621961364,0.0617229811,0.0004731552
seed,1,n16_c60_r100_k1,0.2500000000,2644,1627,0.6153555219,0.0622661517,0.0617229811,0.0005431705
seed,1,n12_c40_r100_k1,0.2500000000,2644,1847,0.6985627837,0.0622886107,0.0617229811,0.0005656295
seed,1,n12_c40_r100_k2,0.2500000000,2644,1847,0.6985627837,0.0623765823,0.0617229811,0.0006536012
seed,1,n8_c40_r125_k1,0.2000000000,2644,2188,0.8275340393,0.0624422584,0.0617229811,0.0007192772
seed,1,n16_c60_r125_k2,0.2000000000,2644,1830,0.6921331316,0.0624778138,0.0617229811,0.0007548326
seed,1,n8_c40_r125_k2,0.2000000000,2644,2188,0.8275340393,0.0626136868,0.0617229811,0.0008907056
seed,1,n16_c60_r125_k1,0.2500000000,2644,1830,0.6921331316,0.0627427412,0.0617229811,0.0010197601
seed,1,n16_c60_r100_k1,0.3000000000,2644,1627,0.6153555219,0.0627892379,0.0617229811,0.0010662567
seed,1,n12_c40_r100_k1,0.3000000000,2644,1847,0.6985627837,0.0628804306,0.0617229811,0.0011574495
seed,1,n12_c40_r100_k2,0.3000000000,2644,1847,0.6985627837,0.0629188471,0.0617229811,0.0011958659
seed,1,n16_c60_r125_k2,0.2500000000,2644,1830,0.6921331316,0.0630251730,0.0617229811,0.0013021919
seed,1,n8_c40_r125_k1,0.2500000000,2644,2188,0.8275340393,0.0631507831,0.0617229811,0.0014278019
seed,1,n8_c40_r125_k2,0.2500000000,2644,2188,0.8275340393,0.0632757559,0.0617229811,0.0015527748
seed,1,n16_c60_r125_k1,0.3000000000,2644,1830,0.6921331316,0.0634538994,0.0617229811,0.0017309183
seed,1,n16_c60_r125_k2,0.3000000000,2644,1830,0.6921331316,0.0637100515,0.0617229811,0.0019870704
seed,2,n12_c40_r100_k2,0.1000000000,2644,1904,0.7201210287,0.0639041378,0.0641796998,-0.0002755621
seed,2,n12_c40_r100_k2,0.1200000000,2644,1904,0.7201210287,0.0639145760,0.0641796998,-0.0002651239
seed,2,n12_c40_r100_k2,0.0800000000,2644,1904,0.7201210287,0.0639155878,0.0641796998,-0.0002641120
seed,2,n12_c40_r100_k2,0.1500000000,2644,1904,0.7201210287,0.0639712441,0.0641796998,-0.0002084557
seed,2,n12_c40_r100_k2,0.0500000000,2644,1904,0.7201210287,0.0639737714,0.0641796998,-0.0002059285
seed,2,n12_c40_r100_k1,0.0800000000,2644,1904,0.7201210287,0.0639881231,0.0641796998,-0.0001915767
seed,2,n8_c40_r125_k2,0.0800000000,2644,2187,0.8271558245,0.0640005894,0.0641796998,-0.0001791104
seed,2,n12_c40_r100_k1,0.1000000000,2644,1904,0.7201210287,0.0640074195,0.0641796998,-0.0001722803
seed,2,n12_c40_r100_k1,0.0500000000,2644,1904,0.7201210287,0.0640096195,0.0641796998,-0.0001700803
seed,2,n8_c40_r125_k2,0.0500000000,2644,2187,0.8271558245,0.0640168399,0.0641796998,-0.0001628599
seed,2,n8_c40_r125_k2,0.1000000000,2644,2187,0.8271558245,0.0640237553,0.0641796998,-0.0001559445
seed,2,n12_c40_r100_k2,0.0300000000,2644,1904,0.7201210287,0.0640398415,0.0641796998,-0.0001398583
seed,2,n12_c40_r100_k1,0.1200000000,2644,1904,0.7201210287,0.0640535943,0.0641796998,-0.0001261056
seed,2,n12_c40_r100_k1,0.0300000000,2644,1904,0.7201210287,0.0640575513,0.0641796998,-0.0001221485
seed,2,n16_c60_r125_k2,0.0800000000,2644,1769,0.6690620272,0.0640590343,0.0641796998,-0.0001206655
seed,2,n8_c40_r125_k1,0.0500000000,2644,2187,0.8271558245,0.0640594898,0.0641796998,-0.0001202100
seed,1,n8_c40_r125_k1,0.3000000000,2644,2188,0.8275340393,0.0640598982,0.0617229811,0.0023369171
seed,2,n8_c40_r125_k2,0.0300000000,2644,2187,0.8271558245,0.0640616531,0.0641796998,-0.0001180467
seed,2,n16_c60_r125_k2,0.0500000000,2644,1769,0.6690620272,0.0640659393,0.0641796998,-0.0001137605
seed,2,n8_c40_r125_k2,0.1200000000,2644,2187,0.8271558245,0.0640740916,0.0641796998,-0.0001056082
seed,2,n16_c60_r100_k1,0.0500000000,2644,1601,0.6055219365,0.0640789475,0.0641796998,-0.0001007523
seed,2,n16_c60_r125_k2,0.1000000000,2644,1769,0.6690620272,0.0640800185,0.0641796998,-0.0000996813
seed,2,n12_c40_r100_k2,0.0200000000,2644,1904,0.7201210287,0.0640810377,0.0641796998,-0.0000986622
seed,2,n8_c40_r125_k1,0.0300000000,2644,2187,0.8271558245,0.0640822320,0.0641796998,-0.0000974678
seed,2,n16_c60_r100_k1,0.0800000000,2644,1601,0.6055219365,0.0640844385,0.0641796998,-0.0000952613
seed,2,n8_c40_r125_k1,0.0800000000,2644,2187,0.8271558245,0.0640888207,0.0641796998,-0.0000908791
seed,2,n12_c40_r100_k1,0.0200000000,2644,1904,0.7201210287,0.0640915780,0.0641796998,-0.0000881218
seed,2,n16_c60_r125_k1,0.0500000000,2644,1769,0.6690620272,0.0640939037,0.0641796998,-0.0000857961
seed,2,n8_c40_r125_k2,0.0200000000,2644,2187,0.8271558245,0.0640942354,0.0641796998,-0.0000854644
seed,2,n16_c60_r125_k2,0.0300000000,2644,1769,0.6690620272,0.0640961237,0.0641796998,-0.0000835761
seed,2,n16_c60_r100_k1,0.0300000000,2644,1601,0.6055219365,0.0641027781,0.0641796998,-0.0000769217
seed,1,n8_c40_r125_k2,0.3000000000,2644,2188,0.8275340393,0.0641048599,0.0617229811,0.0023818788
seed,2,n8_c40_r125_k1,0.0200000000,2644,2187,0.8271558245,0.0641062835,0.0641796998,-0.0000734163
seed,2,n16_c60_r125_k1,0.0300000000,2644,1769,0.6690620272,0.0641089902,0.0641796998,-0.0000707096
seed,2,n16_c60_r100_k1,0.1000000000,2644,1601,0.6055219365,0.0641155851,0.0641796998,-0.0000641147
seed,2,n16_c60_r125_k2,0.0200000000,2644,1769,0.6690620272,0.0641188813,0.0641796998,-0.0000608185
seed,2,n16_c60_r125_k1,0.0800000000,2644,1769,0.6690620272,0.0641193990,0.0641796998,-0.0000603008
seed,2,n16_c60_r125_k2,0.1200000000,2644,1769,0.6690620272,0.0641214521,0.0641796998,-0.0000582477
seed,2,n16_c60_r100_k1,0.0200000000,2644,1601,0.6055219365,0.0641229338,0.0641796998,-0.0000567661
seed,2,n16_c60_r125_k1,0.0200000000,2644,1769,0.6690620272,0.0641261546,0.0641796998,-0.0000535452
seed,2,n12_c40_r100_k2,0.0100000000,2644,1904,0.7201210287,0.0641276610,0.0641796998,-0.0000520388
seed,2,n12_c40_r100_k1,0.0100000000,2644,1904,0.7201210287,0.0641322984,0.0641796998,-0.0000474014
seed,2,n8_c40_r125_k2,0.0100000000,2644,2187,0.8271558245,0.0641335885,0.0641796998,-0.0000461113
seed,2,n8_c40_r125_k1,0.0100000000,2644,2187,0.8271558245,0.0641387771,0.0641796998,-0.0000409227
seed,2,n16_c60_r125_k2,0.0100000000,2644,1769,0.6690620272,0.0641467422,0.0641796998,-0.0000329576
seed,2,n16_c60_r100_k1,0.0100000000,2644,1601,0.6055219365,0.0641485765,0.0641796998,-0.0000311233
seed,2,n16_c60_r125_k1,0.0100000000,2644,1769,0.6690620272,0.0641497268,0.0641796998,-0.0000299730
seed,2,n8_c40_r125_k1,0.1000000000,2644,2187,0.8271558245,0.0641506257,0.0641796998,-0.0000290741
seed,2,n16_c60_r125_k1,0.1000000000,2644,1769,0.6690620272,0.0641684495,0.0641796998,-0.0000112504
seed,2,n16_c60_r100_k1,0.1200000000,2644,1601,0.6055219365,0.0641686863,0.0641796998,-0.0000110135
seed,2,n12_c40_r100_k1,0.1500000000,2644,1904,0.7201210287,0.0641731172,0.0641796998,-0.0000065826
seed,2,n12_c40_r100_k2,0.2000000000,2644,1904,0.7201210287,0.0641746614,0.0641796998,-0.0000050384
seed,2,n12_c40_r100_k2,0.0000000000,2644,1904,0.7201210287,0.0641796998,0.0641796998,0.0000000000
seed,2,n8_c40_r125_k2,0.0000000000,2644,2187,0.8271558245,0.0641796998,0.0641796998,0.0000000000
seed,2,n16_c60_r125_k2,0.0000000000,2644,1769,0.6690620272,0.0641796998,0.0641796998,0.0000000000
seed,2,n16_c60_r100_k1,0.0000000000,2644,1601,0.6055219365,0.0641796998,0.0641796998,0.0000000000
seed,2,n16_c60_r125_k1,0.0000000000,2644,1769,0.6690620272,0.0641796998,0.0641796998,0.0000000000
seed,2,n12_c40_r100_k1,0.0000000000,2644,1904,0.7201210287,0.0641796998,0.0641796998,0.0000000000
seed,2,n8_c40_r125_k1,0.0000000000,2644,2187,0.8271558245,0.0641796998,0.0641796998,0.0000000000
seed,2,n8_c40_r125_k2,0.1500000000,2644,2187,0.8271558245,0.0642003913,0.0641796998,0.0000206914
seed,2,n16_c60_r125_k2,0.1500000000,2644,1769,0.6690620272,0.0642218533,0.0641796998,0.0000421535
seed,2,n16_c60_r125_k1,0.1200000000,2644,1769,0.6690620272,0.0642430788,0.0641796998,0.0000633790
seed,2,n8_c40_r125_k1,0.1200000000,2644,2187,0.8271558245,0.0642461255,0.0641796998,0.0000664257
seed,2,n16_c60_r100_k1,0.1500000000,2644,1601,0.6055219365,0.0642893778,0.0641796998,0.0001096780
seed,2,n16_c60_r125_k1,0.1500000000,2644,1769,0.6690620272,0.0644027803,0.0641796998,0.0002230805
seed,2,n8_c40_r125_k1,0.1500000000,2644,2187,0.8271558245,0.0644522110,0.0641796998,0.0002725112
seed,2,n16_c60_r125_k2,0.2000000000,2644,1769,0.6690620272,0.0644906007,0.0641796998,0.0003109009
seed,2,n12_c40_r100_k1,0.2000000000,2644,1904,0.7201210287,0.0645054187,0.0641796998,0.0003257189
seed,2,n12_c40_r100_k2,0.2500000000,2644,1904,0.7201210287,0.0645131003,0.0641796998,0.0003334005
seed,2,n8_c40_r125_k2,0.2000000000,2644,2187,0.8271558245,0.0645453543,0.0641796998,0.0003656545
seed,2,n16_c60_r100_k1,0.2000000000,2644,1601,0.6055219365,0.0645992186,0.0641796998,0.0004195187
seed,2,n16_c60_r125_k1,0.2000000000,2644,1769,0.6690620272,0.0647951628,0.0641796998,0.0006154630
seed,2,n16_c60_r125_k2,0.2500000000,2644,1769,0.6690620272,0.0648846839,0.0641796998,0.0007049841
seed,2,n8_c40_r125_k1,0.2000000000,2644,2187,0.8271558245,0.0649613148,0.0641796998,0.0007816150
seed,2,n12_c40_r100_k2,0.3000000000,2644,1904,0.7201210287,0.0649844512,0.0641796998,0.0008047514
seed,2,n12_c40_r100_k1,0.2500000000,2644,1904,0.7201210287,0.0650017689,0.0641796998,0.0008220691
seed,2,n16_c60_r100_k1,0.2500000000,2644,1601,0.6055219365,0.0650431632,0.0641796998,0.0008634634
seed,2,n8_c40_r125_k2,0.2500000000,2644,2187,0.8271558245,0.0650559668,0.0641796998,0.0008762670
seed,2,n16_c60_r125_k1,0.2500000000,2644,1769,0.6690620272,0.0653427495,0.0641796998,0.0011630497
seed,2,n16_c60_r125_k2,0.3000000000,2644,1769,0.6690620272,0.0654018371,0.0641796998,0.0012221373
seed,2,n16_c60_r100_k1,0.3000000000,2644,1601,0.6055219365,0.0656184900,0.0641796998,0.0014387902
seed,2,n12_c40_r100_k1,0.3000000000,2644,1904,0.7201210287,0.0656584476,0.0641796998,0.0014787478
seed,2,n8_c40_r125_k1,0.2500000000,2644,2187,0.8271558245,0.0656731111,0.0641796998,0.0014934113
seed,2,n8_c40_r125_k2,0.3000000000,2644,2187,0.8271558245,0.0657283684,0.0641796998,0.0015486686
seed,2,n16_c60_r125_k1,0.3000000000,2644,1769,0.6690620272,0.0660416801,0.0641796998,0.0018619803
seed,2,n8_c40_r125_k1,0.3000000000,2644,2187,0.8271558245,0.0665810995,0.0641796998,0.0024013997
seed,70404,n16_c60_r125_k2,0.0500000000,2644,1825,0.6902420575,0.0670393634,0.0671352518,-0.0000958884
seed,70404,n16_c60_r125_k2,0.0800000000,2644,1825,0.6902420575,0.0670410283,0.0671352518,-0.0000942235
seed,70404,n12_c40_r100_k2,0.0500000000,2644,1867,0.7061270802,0.0670627813,0.0671352518,-0.0000724705
seed,70404,n16_c60_r125_k2,0.0300000000,2644,1825,0.6902420575,0.0670629323,0.0671352518,-0.0000723195
seed,70404,n16_c60_r125_k2,0.1000000000,2644,1825,0.6902420575,0.0670668156,0.0671352518,-0.0000684362
seed,70404,n12_c40_r100_k2,0.0300000000,2644,1867,0.7061270802,0.0670772422,0.0671352518,-0.0000580096
seed,70404,n12_c40_r100_k2,0.0800000000,2644,1867,0.7061270802,0.0670774397,0.0671352518,-0.0000578121
seed,70404,n16_c60_r125_k2,0.0200000000,2644,1825,0.6902420575,0.0670821142,0.0671352518,-0.0000531376
seed,70404,n12_c40_r100_k2,0.0200000000,2644,1867,0.7061270802,0.0670917394,0.0671352518,-0.0000435124
seed,70404,n16_c60_r125_k2,0.0100000000,2644,1825,0.6902420575,0.0671062225,0.0671352518,-0.0000290293
seed,70404,n12_c40_r100_k2,0.0100000000,2644,1867,0.7061270802,0.0671110774,0.0671352518,-0.0000241744
seed,70404,n12_c40_r100_k2,0.1000000000,2644,1867,0.7061270802,0.0671114326,0.0671352518,-0.0000238192
seed,70404,n16_c60_r125_k2,0.1200000000,2644,1825,0.6902420575,0.0671123207,0.0671352518,-0.0000229311
seed,70404,n8_c40_r125_k2,0.0200000000,2644,2210,0.8358547655,0.0671265846,0.0671352518,-0.0000086672
seed,70404,n8_c40_r125_k2,0.0100000000,2644,2210,0.8358547655,0.0671273809,0.0671352518,-0.0000078709
seed,70404,n8_c40_r125_k2,0.0300000000,2644,2210,0.8358547655,0.0671328632,0.0671352518,-0.0000023886
seed,70404,n12_c40_r100_k2,0.0000000000,2644,1867,0.7061270802,0.0671352518,0.0671352518,0.0000000000
seed,70404,n8_c40_r125_k2,0.0000000000,2644,2210,0.8358547655,0.0671352518,0.0671352518,0.0000000000
seed,70404,n16_c60_r125_k2,0.0000000000,2644,1825,0.6902420575,0.0671352518,0.0671352518,0.0000000000
seed,70404,n16_c60_r100_k1,0.0000000000,2644,0,0.0000000000,0.0671352518,0.0671352518,0.0000000000
seed,70404,n16_c60_r100_k1,0.0100000000,2644,0,0.0000000000,0.0671352518,0.0671352518,0.0000000000
seed,70404,n16_c60_r100_k1,0.0200000000,2644,0,0.0000000000,0.0671352518,0.0671352518,0.0000000000
seed,70404,n16_c60_r100_k1,0.0300000000,2644,0,0.0000000000,0.0671352518,0.0671352518,0.0000000000
seed,70404,n16_c60_r100_k1,0.0500000000,2644,0,0.0000000000,0.0671352518,0.0671352518,0.0000000000
seed,70404,n16_c60_r100_k1,0.0800000000,2644,0,0.0000000000,0.0671352518,0.0671352518,0.0000000000
seed,70404,n16_c60_r100_k1,0.1000000000,2644,0,0.0000000000,0.0671352518,0.0671352518,0.0000000000
seed,70404,n16_c60_r100_k1,0.1200000000,2644,0,0.0000000000,0.0671352518,0.0671352518,0.0000000000
seed,70404,n16_c60_r100_k1,0.1500000000,2644,0,0.0000000000,0.0671352518,0.0671352518,0.0000000000
seed,70404,n16_c60_r100_k1,0.2000000000,2644,0,0.0000000000,0.0671352518,0.0671352518,0.0000000000
seed,70404,n16_c60_r100_k1,0.2500000000,2644,0,0.0000000000,0.0671352518,0.0671352518,0.0000000000
seed,70404,n16_c60_r100_k1,0.3000000000,2644,0,0.0000000000,0.0671352518,0.0671352518,0.0000000000
seed,70404,n16_c60_r125_k1,0.0000000000,2644,0,0.0000000000,0.0671352518,0.0671352518,0.0000000000
seed,70404,n16_c60_r125_k1,0.0100000000,2644,0,0.0000000000,0.0671352518,0.0671352518,0.0000000000
seed,70404,n16_c60_r125_k1,0.0200000000,2644,0,0.0000000000,0.0671352518,0.0671352518,0.0000000000
seed,70404,n16_c60_r125_k1,0.0300000000,2644,0,0.0000000000,0.0671352518,0.0671352518,0.0000000000
seed,70404,n16_c60_r125_k1,0.0500000000,2644,0,0.0000000000,0.0671352518,0.0671352518,0.0000000000
seed,70404,n16_c60_r125_k1,0.0800000000,2644,0,0.0000000000,0.0671352518,0.0671352518,0.0000000000
seed,70404,n16_c60_r125_k1,0.1000000000,2644,0,0.0000000000,0.0671352518,0.0671352518,0.0000000000
seed,70404,n16_c60_r125_k1,0.1200000000,2644,0,0.0000000000,0.0671352518,0.0671352518,0.0000000000
seed,70404,n16_c60_r125_k1,0.1500000000,2644,0,0.0000000000,0.0671352518,0.0671352518,0.0000000000
seed,70404,n16_c60_r125_k1,0.2000000000,2644,0,0.0000000000,0.0671352518,0.0671352518,0.0000000000
seed,70404,n16_c60_r125_k1,0.2500000000,2644,0,0.0000000000,0.0671352518,0.0671352518,0.0000000000
seed,70404,n16_c60_r125_k1,0.3000000000,2644,0,0.0000000000,0.0671352518,0.0671352518,0.0000000000
seed,70404,n12_c40_r100_k1,0.0000000000,2644,0,0.0000000000,0.0671352518,0.0671352518,0.0000000000
seed,70404,n12_c40_r100_k1,0.0100000000,2644,0,0.0000000000,0.0671352518,0.0671352518,0.0000000000
seed,70404,n12_c40_r100_k1,0.0200000000,2644,0,0.0000000000,0.0671352518,0.0671352518,0.0000000000
seed,70404,n12_c40_r100_k1,0.0300000000,2644,0,0.0000000000,0.0671352518,0.0671352518,0.0000000000
seed,70404,n12_c40_r100_k1,0.0500000000,2644,0,0.0000000000,0.0671352518,0.0671352518,0.0000000000
seed,70404,n12_c40_r100_k1,0.0800000000,2644,0,0.0000000000,0.0671352518,0.0671352518,0.0000000000
seed,70404,n12_c40_r100_k1,0.1000000000,2644,0,0.0000000000,0.0671352518,0.0671352518,0.0000000000
seed,70404,n12_c40_r100_k1,0.1200000000,2644,0,0.0000000000,0.0671352518,0.0671352518,0.0000000000
seed,70404,n12_c40_r100_k1,0.1500000000,2644,0,0.0000000000,0.0671352518,0.0671352518,0.0000000000
seed,70404,n12_c40_r100_k1,0.2000000000,2644,0,0.0000000000,0.0671352518,0.0671352518,0.0000000000
seed,70404,n12_c40_r100_k1,0.2500000000,2644,0,0.0000000000,0.0671352518,0.0671352518,0.0000000000
seed,70404,n12_c40_r100_k1,0.3000000000,2644,0,0.0000000000,0.0671352518,0.0671352518,0.0000000000
seed,70404,n8_c40_r125_k1,0.0000000000,2644,0,0.0000000000,0.0671352518,0.0671352518,0.0000000000
seed,70404,n8_c40_r125_k1,0.0100000000,2644,0,0.0000000000,0.0671352518,0.0671352518,0.0000000000
seed,70404,n8_c40_r125_k1,0.0200000000,2644,0,0.0000000000,0.0671352518,0.0671352518,0.0000000000
seed,70404,n8_c40_r125_k1,0.0300000000,2644,0,0.0000000000,0.0671352518,0.0671352518,0.0000000000
seed,70404,n8_c40_r125_k1,0.0500000000,2644,0,0.0000000000,0.0671352518,0.0671352518,0.0000000000
seed,70404,n8_c40_r125_k1,0.0800000000,2644,0,0.0000000000,0.0671352518,0.0671352518,0.0000000000
seed,70404,n8_c40_r125_k1,0.1000000000,2644,0,0.0000000000,0.0671352518,0.0671352518,0.0000000000
seed,70404,n8_c40_r125_k1,0.1200000000,2644,0,0.0000000000,0.0671352518,0.0671352518,0.0000000000
seed,70404,n8_c40_r125_k1,0.1500000000,2644,0,0.0000000000,0.0671352518,0.0671352518,0.0000000000
seed,70404,n8_c40_r125_k1,0.2000000000,2644,0,0.0000000000,0.0671352518,0.0671352518,0.0000000000
seed,70404,n8_c40_r125_k1,0.2500000000,2644,0,0.0000000000,0.0671352518,0.0671352518,0.0000000000
seed,70404,n8_c40_r125_k1,0.3000000000,2644,0,0.0000000000,0.0671352518,0.0671352518,0.0000000000
seed,70404,n12_c40_r100_k2,0.1200000000,2644,1867,0.7061270802,0.0671647703,0.0671352518,0.0000295185
seed,70404,n8_c40_r125_k2,0.0500000000,2644,2210,0.8358547655,0.0671666348,0.0671352518,0.0000313830
seed,70404,n16_c60_r125_k2,0.1500000000,2644,1825,0.6902420575,0.0672174571,0.0671352518,0.0000822053
seed,70404,n8_c40_r125_k2,0.0800000000,2644,2210,0.8358547655,0.0672702318,0.0671352518,0.0001349800
seed,70404,n12_c40_r100_k2,0.1500000000,2644,1867,0.7061270802,0.0672809429,0.0671352518,0.0001456910
seed,70404,n8_c40_r125_k2,0.1000000000,2644,2210,0.8358547655,0.0673744628,0.0671352518,0.0002392110
seed,70404,n16_c60_r125_k2,0.2000000000,2644,1825,0.6902420575,0.0674904632,0.0671352518,0.0003552114
seed,70404,n8_c40_r125_k2,0.1200000000,2644,2210,0.8358547655,0.0675066801,0.0671352518,0.0003714283
seed,70404,n12_c40_r100_k2,0.2000000000,2644,1867,0.7061270802,0.0675704025,0.0671352518,0.0004351507
seed,70404,n8_c40_r125_k2,0.1500000000,2644,2210,0.8358547655,0.0677571123,0.0671352518,0.0006218605
seed,70404,n16_c60_r125_k2,0.2500000000,2644,1825,0.6902420575,0.0678843575,0.0671352518,0.0007491057
seed,70404,n12_c40_r100_k2,0.2500000000,2644,1867,0.7061270802,0.0679782793,0.0671352518,0.0008430275
seed,70404,n8_c40_r125_k2,0.2000000000,2644,2210,0.8358547655,0.0683116456,0.0671352518,0.0011763938
seed,70404,n16_c60_r125_k2,0.3000000000,2644,1825,0.6902420575,0.0683970515,0.0671352518,0.0012617997
seed,70404,n12_c40_r100_k2,0.3000000000,2644,1867,0.7061270802,0.0685024580,0.0671352518,0.0013672062
seed,70404,n8_c40_r125_k2,0.2500000000,2644,2210,0.8358547655,0.0690339206,0.0671352518,0.0018986688
seed,0,n12_c40_r100_k2,0.1000000000,2644,1852,0.7004538578,0.0693656396,0.0695830376,-0.0002173980
seed,0,n12_c40_r100_k2,0.1200000000,2644,1852,0.7004538578,0.0693729885,0.0695830376,-0.0002100491
seed,0,n12_c40_r100_k2,0.0800000000,2644,1852,0.7004538578,0.0693752553,0.0695830376,-0.0002077822
seed,0,n8_c40_r125_k1,0.0800000000,2644,2198,0.8313161876,0.0693983383,0.0695830376,-0.0001846993
seed,0,n12_c40_r100_k1,0.0800000000,2644,1852,0.7004538578,0.0694054875,0.0695830376,-0.0001775501
seed,0,n12_c40_r100_k1,0.1000000000,2644,1852,0.7004538578,0.0694131435,0.0695830376,-0.0001698941
seed,0,n8_c40_r125_k1,0.0500000000,2644,2198,0.8313161876,0.0694133353,0.0695830376,-0.0001697023
seed,0,n12_c40_r100_k2,0.1500000000,2644,1852,0.7004538578,0.0694158053,0.0695830376,-0.0001672322
seed,0,n12_c40_r100_k2,0.0500000000,2644,1852,0.7004538578,0.0694214687,0.0695830376,-0.0001615688
seed,0,n8_c40_r125_k1,0.1000000000,2644,2198,0.8313161876,0.0694245714,0.0695830376,-0.0001584662
seed,0,n12_c40_r100_k1,0.0500000000,2644,1852,0.7004538578,0.0694330729,0.0695830376,-0.0001499647
seed,0,n8_c40_r125_k2,0.0800000000,2644,2198,0.8313161876,0.0694333301,0.0695830376,-0.0001497075
seed,0,n12_c40_r100_k1,0.1200000000,2644,1852,0.7004538578,0.0694416312,0.0695830376,-0.0001414064
seed,0,n8_c40_r125_k2,0.0500000000,2644,2198,0.8313161876,0.0694476954,0.0695830376,-0.0001353421
seed,0,n8_c40_r125_k2,0.1000000000,2644,2198,0.8313161876,0.0694516390,0.0695830376,-0.0001313985
seed,0,n8_c40_r125_k1,0.0300000000,2644,2198,0.8313161876,0.0694595462,0.0695830376,-0.0001234914
seed,0,n12_c40_r100_k2,0.0300000000,2644,1852,0.7004538578,0.0694734380,0.0695830376,-0.0001095996
seed,0,n12_c40_r100_k1,0.0300000000,2644,1852,0.7004538578,0.0694774853,0.0695830376,-0.0001055522
seed,0,n8_c40_r125_k1,0.1200000000,2644,2198,0.8313161876,0.0694797565,0.0695830376,-0.0001032811
seed,0,n8_c40_r125_k2,0.0300000000,2644,2198,0.8313161876,0.0694851448,0.0695830376,-0.0000978927
seed,0,n8_c40_r125_k2,0.1200000000,2644,2198,0.8313161876,0.0694922393,0.0695830376,-0.0000907982
seed,0,n8_c40_r125_k1,0.0200000000,2644,2198,0.8313161876,0.0694934972,0.0695830376,-0.0000895404
seed,0,n12_c40_r100_k2,0.0200000000,2644,1852,0.7004538578,0.0695057576,0.0695830376,-0.0000772799
seed,0,n12_c40_r100_k1,0.0200000000,2644,1852,0.7004538578,0.0695074850,0.0695830376,-0.0000755526
seed,0,n8_c40_r125_k2,0.0200000000,2644,2198,0.8313161876,0.0695122197,0.0695830376,-0.0000708178
seed,0,n16_c60_r100_k1,0.0500000000,2644,1647,0.6229198185,0.0695214042,0.0695830376,-0.0000616333
seed,0,n12_c40_r100_k1,0.1500000000,2644,1852,0.7004538578,0.0695233611,0.0695830376,-0.0000596764
seed,0,n16_c60_r100_k1,0.0300000000,2644,1647,0.6229198185,0.0695333388,0.0695830376,-0.0000496987
seed,0,n8_c40_r125_k1,0.0100000000,2644,2198,0.8313161876,0.0695346653,0.0695830376,-0.0000483723
seed,0,n16_c60_r100_k1,0.0800000000,2644,1647,0.6229198185,0.0695353209,0.0695830376,-0.0000477166
seed,0,n12_c40_r100_k2,0.0100000000,2644,1852,0.7004538578,0.0695422930,0.0695830376,-0.0000407445
seed,0,n12_c40_r100_k1,0.0100000000,2644,1852,0.7004538578,0.0695426717,0.0695830376,-0.0000403659
seed,0,n8_c40_r125_k2,0.0100000000,2644,2198,0.8313161876,0.0695448533,0.0695830376,-0.0000381843
seed,0,n16_c60_r100_k1,0.0200000000,2644,1647,0.6229198185,0.0695456678,0.0695830376,-0.0000373698
seed,0,n16_c60_r125_k2,0.0300000000,2644,1839,0.6955370651,0.0695555671,0.0695830376,-0.0000274704
seed,0,n16_c60_r125_k2,0.0500000000,2644,1839,0.6955370651,0.0695574567,0.0695830376,-0.0000255809
seed,0,n16_c60_r125_k2,0.0200000000,2644,1839,0.6955370651,0.0695606842,0.0695830376,-0.0000223533
seed,0,n16_c60_r100_k1,0.0100000000,2644,1647,0.6229198185,0.0695622350,0.0695830376,-0.0000208025
seed,0,n16_c60_r100_k1,0.1000000000,2644,1647,0.6229198185,0.0695658012,0.0695830376,-0.0000172363
seed,0,n16_c60_r125_k1,0.0200000000,2644,1839,0.6955370651,0.0695680683,0.0695830376,-0.0000149692
seed,0,n16_c60_r125_k1,0.0300000000,2644,1839,0.6955370651,0.0695681696,0.0695830376,-0.0000148679
seed,0,n16_c60_r125_k2,0.0100000000,2644,1839,0.6955370651,0.0695698415,0.0695830376,-0.0000131960
seed,0,n12_c40_r100_k2,0.2000000000,2644,1852,0.7004538578,0.0695717366,0.0695830376,-0.0000113010
seed,0,n16_c60_r125_k1,0.0100000000,2644,1839,0.6955370651,0.0695730247,0.0695830376,-0.0000100129
seed,0,n12_c40_r100_k2,0.0000000000,2644,1852,0.7004538578,0.0695830376,0.0695830376,0.0000000000
seed,0,n8_c40_r125_k2,0.0000000000,2644,2198,0.8313161876,0.0695830376,0.0695830376,0.0000000000
seed,0,n16_c60_r125_k2,0.0000000000,2644,1839,0.6955370651,0.0695830376,0.0695830376,0.0000000000
seed,0,n16_c60_r100_k1,0.0000000000,2644,1647,0.6229198185,0.0695830376,0.0695830376,0.0000000000
seed,0,n16_c60_r125_k1,0.0000000000,2644,1839,0.6955370651,0.0695830376,0.0695830376,0.0000000000
seed,0,n12_c40_r100_k1,0.0000000000,2644,1852,0.7004538578,0.0695830376,0.0695830376,0.0000000000
seed,0,n8_c40_r125_k1,0.0000000000,2644,2198,0.8313161876,0.0695830376,0.0695830376,0.0000000000
seed,0,n16_c60_r125_k1,0.0500000000,2644,1839,0.6955370651,0.0695835439,0.0695830376,0.0000005063
seed,0,n16_c60_r125_k2,0.0800000000,2644,1839,0.6955370651,0.0695905925,0.0695830376,0.0000075549
seed,0,n8_c40_r125_k2,0.1500000000,2644,2198,0.8313161876,0.0695948447,0.0695830376,0.0000118072
seed,0,n16_c60_r100_k1,0.1200000000,2644,1647,0.6229198185,0.0696132194,0.0695830376,0.0000301818
seed,0,n8_c40_r125_k1,0.1500000000,2644,2198,0.8313161876,0.0696166584,0.0695830376,0.0000336208
seed,0,n16_c60_r125_k2,0.1000000000,2644,1839,0.6955370651,0.0696328615,0.0695830376,0.0000498240
seed,0,n16_c60_r125_k1,0.0800000000,2644,1839,0.6955370651,0.0696445010,0.0695830376,0.0000614634
seed,0,n16_c60_r125_k2,0.1200000000,2644,1839,0.6955370651,0.0696912408,0.0695830376,0.0001082032
seed,0,n16_c60_r125_k1,0.1000000000,2644,1839,0.6955370651,0.0697103514,0.0695830376,0.0001273139
seed,0,n16_c60_r100_k1,0.1500000000,2644,1647,0.6229198185,0.0697160261,0.0695830376,0.0001329885
seed,0,n12_c40_r100_k1,0.2000000000,2644,1852,0.7004538578,0.0697631090,0.0695830376,0.0001800715
seed,0,n16_c60_r125_k1,0.1200000000,2644,1839,0.6955370651,0.0697963076,0.0695830376,0.0002132701
seed,0,n16_c60_r125_k2,0.1500000000,2644,1839,0.6955370651,0.0698089248,0.0695830376,0.0002258873
seed,0,n12_c40_r100_k2,0.2500000000,2644,1852,0.7004538578,0.0698327249,0.0695830376,0.0002496873
seed,0,n8_c40_r125_k2,0.2000000000,2644,2198,0.8313161876,0.0698764562,0.0695830376,0.0002934187
seed,70404,n8_c40_r125_k2,0.3000000000,2644,2210,0.8358547655,0.0699187392,0.0671352518,0.0027834874
seed,0,n16_c60_r125_k1,0.1500000000,2644,1839,0.6955370651,0.0699627734,0.0695830376,0.0003797359
seed,0,n16_c60_r100_k1,0.2000000000,2644,1647,0.6229198185,0.0699713971,0.0695830376,0.0003883595
seed,0,n8_c40_r125_k1,0.2000000000,2644,2198,0.8313161876,0.0699881071,0.0695830376,0.0004050695
seed,0,n16_c60_r125_k2,0.2000000000,2644,1839,0.6955370651,0.0700848879,0.0695830376,0.0005018504
seed,0,n12_c40_r100_k1,0.2500000000,2644,1852,0.7004538578,0.0701310588,0.0695830376,0.0005480212
seed,0,n12_c40_r100_k2,0.3000000000,2644,1852,0.7004538578,0.0701975984,0.0695830376,0.0006145609
seed,0,n8_c40_r125_k2,0.2500000000,2644,2198,0.8313161876,0.0702948102,0.0695830376,0.0007117726
seed,0,n16_c60_r100_k1,0.2500000000,2644,1647,0.6229198185,0.0703307689,0.0695830376,0.0007477313
seed,0,n16_c60_r125_k1,0.2000000000,2644,1839,0.6955370651,0.0703394576,0.0695830376,0.0007564201
seed,0,n16_c60_r125_k2,0.2500000000,2644,1839,0.6955370651,0.0704595771,0.0695830376,0.0008765396
seed,0,n8_c40_r125_k1,0.2500000000,2644,2198,0.8313161876,0.0705360840,0.0695830376,0.0009530465
seed,0,n12_c40_r100_k1,0.3000000000,2644,1852,0.7004538578,0.0706252066,0.0695830376,0.0010421691
seed,0,n16_c60_r100_k1,0.3000000000,2644,1647,0.6229198185,0.0707925577,0.0695830376,0.0012095201
seed,0,n16_c60_r125_k1,0.2500000000,2644,1839,0.6955370651,0.0708384217,0.0695830376,0.0012553841
seed,0,n8_c40_r125_k2,0.3000000000,2644,2198,0.8313161876,0.0708474843,0.0695830376,0.0012644467
seed,0,n16_c60_r125_k2,0.3000000000,2644,1839,0.6955370651,0.0709314278,0.0695830376,0.0013483903
seed,0,n8_c40_r125_k1,0.3000000000,2644,2198,0.8313161876,0.0712565167,0.0695830376,0.0016734791
seed,0,n16_c60_r125_k1,0.3000000000,2644,1839,0.6955370651,0.0714571041,0.0695830376,0.0018740665
