protocol,year,kind,bw,deg,rmse,mae,n,seed
exact,2019,gauss,2,0,0.08054492996656928,0.05293991551765234,249,
exact,2019,gauss,2,1,0.08127482297518429,0.054386894531334655,249,
exact,2019,gauss,2,2,0.0979289143938156,0.06493667216792942,249,
exact,2019,gauss,3,0,0.07333279703899999,0.04988763835289351,249,
exact,2019,gauss,3,1,0.07439523329369753,0.05091445070498193,249,
exact,2019,gauss,3,2,0.09463460076222709,0.06122676186577845,249,
exact,2019,gauss,4,0,0.06924893577092438,0.0481748520387424,249,
exact,2019,gauss,4,1,0.07000734890222718,0.04865060371821595,249,
exact,2019,gauss,4,2,0.0854995383513352,0.055950615240288416,249,
exact,2019,gauss,5,0,0.06739855454046902,0.047415636151594574,249,
exact,2019,gauss,5,1,0.06867545179285109,0.04834869857823699,249,
exact,2019,gauss,5,2,0.07834851963208501,0.052261975196767826,249,
exact,2019,gauss,6,0,0.06669874564703367,0.04729059219633483,249,
exact,2019,gauss,6,1,0.06805422477204018,0.048258378264159206,249,
exact,2019,gauss,6,2,0.07338083037047642,0.05030885273764804,249,
exact,2019,gauss,8,0,0.06747613381799746,0.04824427963141046,249,
exact,2019,gauss,8,1,0.06831699136572462,0.04923857378898085,249,
exact,2019,gauss,8,2,0.0694367322097283,0.048573419375757515,249,
exact,2019,gauss,10,0,0.07029152129878768,0.0505397583271467,249,
exact,2019,gauss,10,1,0.07021997123756664,0.05115708610785477,249,
exact,2019,gauss,10,2,0.06771594022367307,0.04825985579793003,249,
exact,2019,gauss,12,0,0.07440852415750408,0.05431760828212212,249,
exact,2019,gauss,12,1,0.07309230474253336,0.0535635507945357,249,
exact,2019,gauss,12,2,0.06736995216963065,0.04885733010961948,249,
exact,2019,gauss,16,0,0.08448131807569079,0.06349752531477898,249,
exact,2019,gauss,16,1,0.08054989748209934,0.05976711861322386,249,
exact,2019,gauss,16,2,0.06914283244121681,0.05070415353143961,249,
exact,2019,gauss,20,0,0.0948198019274876,0.07261119399123714,249,
exact,2019,gauss,20,1,0.08845212443880325,0.06659143538029678,249,
exact,2019,gauss,20,2,0.07306136870029366,0.054045154234929865,249,
exact,2019,gauss,30,0,0.1156552582952239,0.09004890451784403,249,
exact,2019,gauss,30,1,0.10466931116803899,0.08015457562723115,249,
exact,2019,gauss,30,2,0.08805861824244161,0.06719198032433273,249,
exact,2019,tricube,2,0,0.09208504628234744,0.06139588814614272,249,
exact,2019,tricube,2,1,0.09208504628234744,0.06139588814614271,249,
exact,2019,tricube,2,2,0.09208504628234744,0.06139588814614271,249,
exact,2019,tricube,3,0,0.09060717010092048,0.05912504680958358,249,
exact,2019,tricube,3,1,0.09287077634520859,0.062103021807380386,249,
exact,2019,tricube,3,2,0.0943343304898755,0.0629338493778974,249,
exact,2019,tricube,4,0,0.08655723333077607,0.056266363828895265,249,
exact,2019,tricube,4,1,0.09095039103562871,0.05995663374125189,249,
exact,2019,tricube,4,2,0.0932574658225816,0.06302251603379677,249,
exact,2019,tricube,5,0,0.08418748102059063,0.0548872809052144,249,
exact,2019,tricube,5,1,0.09041006056229359,0.05828233236702096,249,
exact,2019,tricube,5,2,0.09420731705718077,0.06358259713034042,249,
exact,2019,tricube,6,0,0.08080483456458862,0.053006940848754916,249,
exact,2019,tricube,6,1,0.08388761328501651,0.0543023843649201,249,
exact,2019,tricube,6,2,0.09339268551789771,0.06186390199372604,249,
exact,2019,tricube,8,0,0.07706127207772463,0.05154145981326648,249,
exact,2019,tricube,8,1,0.07596625077808526,0.05260086625866806,249,
exact,2019,tricube,8,2,0.08402981079744798,0.05865831484829371,249,
exact,2019,tricube,10,0,0.07145963713373804,0.04942166302969013,249,
exact,2019,tricube,10,1,0.07320213577403446,0.05055741721857144,249,
exact,2019,tricube,10,2,0.09068514955995804,0.05984355121542936,249,
exact,2019,tricube,12,0,0.068283010123014,0.048238821712345364,249,
exact,2019,tricube,12,1,0.07035151916149839,0.04899646145836446,249,
exact,2019,tricube,12,2,0.08863389431705296,0.05855782734410025,249,
exact,2019,tricube,16,0,0.0665947489998844,0.0474686019482736,249,
exact,2019,tricube,16,1,0.06865561199067821,0.049049007593898145,249,
exact,2019,tricube,16,2,0.08430136397924988,0.05498600151258436,249,
exact,2019,tricube,20,0,0.06704601636199839,0.04819309839371795,249,
exact,2019,tricube,20,1,0.06818359745114526,0.04944645945694442,249,
exact,2019,tricube,20,2,0.07245395380228419,0.051071573826526405,249,
exact,2019,tricube,30,0,0.0746439132197778,0.054366777953163865,249,
exact,2019,tricube,30,1,0.0732225963950141,0.05396243243916205,249,
exact,2019,tricube,30,2,0.06788205636895943,0.048414794894717526,249,
exact,2019,epan,2,0,0.09208504628234744,0.06139588814614272,249,
exact,2019,epan,2,1,0.09208504628234744,0.06139588814614272,249,
exact,2019,epan,2,2,0.09208504628234744,0.06139588814614272,249,
exact,2019,epan,3,0,0.09035534368531595,0.05876692293546292,249,
exact,2019,epan,3,1,0.09285236071300082,0.06207368459525486,249,
exact,2019,epan,3,2,0.0943343304898755,0.06293384937789741,249,
exact,2019,epan,4,0,0.08490455901267922,0.055424196011144525,249,
exact,2019,epan,4,1,0.09086016489692261,0.0597734604319843,249,
exact,2019,epan,4,2,0.0932656479204082,0.0630713850073549,249,
exact,2019,epan,5,0,0.08331875366759305,0.05458488849691805,249,
exact,2019,epan,5,1,0.09030091683455306,0.058262357062088925,249,
exact,2019,epan,5,2,0.09419820547172177,0.0635363251017196,249,
exact,2019,epan,6,0,0.07923215699137287,0.052084970077481335,249,
exact,2019,epan,6,1,0.08301162553132366,0.05358705221372989,249,
exact,2019,epan,6,2,0.09212353656446776,0.0613664669950174,249,
exact,2019,epan,8,0,0.07310475574457972,0.050129714551680866,249,
exact,2019,epan,8,1,0.07495618628045099,0.052142684892718595,249,
exact,2019,epan,8,2,0.08174937953042954,0.057439830644238854,249,
exact,2019,epan,10,0,0.06859188002686839,0.048639001310683286,249,
exact,2019,epan,10,1,0.07131079460749375,0.04983871875334422,249,
exact,2019,epan,10,2,0.09032972056198205,0.05985837677042127,249,
exact,2019,epan,12,0,0.06677539244524135,0.04734082022017716,249,
exact,2019,epan,12,1,0.07007590429966888,0.04921290897068412,249,
exact,2019,epan,12,2,0.08766156552028075,0.05728779963241097,249,
exact,2019,epan,16,0,0.066841247157145,0.04796545319218179,249,
exact,2019,epan,16,1,0.06828466115437422,0.04930836999174653,249,
exact,2019,epan,16,2,0.07554869902069454,0.05210832382571949,249,
exact,2019,epan,20,0,0.06885933935390569,0.04940610548009587,249,
exact,2019,epan,20,1,0.06924995421367539,0.050478401211843514,249,
exact,2019,epan,20,2,0.07091028827941723,0.05017078224193895,249,
exact,2019,epan,30,0,0.08052354462712605,0.05970825733095791,249,
exact,2019,epan,30,1,0.07755753000389957,0.05750365819864613,249,
exact,2019,epan,30,2,0.06784526923170205,0.04912468155869067,249,
exact,2019,median,2,0,0.08951405312842974,0.05917098547016584,249,
exact,2019,median,3,0,0.08320507674076214,0.054929190038389704,249,
exact,2019,median,4,0,0.07101917850455002,0.04979143808011511,249,
exact,2019,median,5,0,0.0700074656990963,0.04907674298094224,249,
exact,2019,median,6,0,0.06810494842198882,0.04725462351877404,249,
exact,2019,median,8,0,0.06848545148895441,0.04790919836189901,249,
exact,2019,median,10,0,0.06852306379681646,0.048403521680109834,249,
exact,2019,median,12,0,0.07011347401365772,0.05000639449026958,249,
exact,2019,median,16,0,0.07816334383440146,0.05621189666855727,249,
exact,2019,median,20,0,0.0816112587659763,0.059723378940908296,249,
exact,2019,median,30,0,0.09394832708997794,0.06962678278308264,249,
exact,2020,gauss,2,0,0.06769477169659628,0.04782095779154655,222,
exact,2020,gauss,2,1,0.07023990731920884,0.04943697906782411,222,
exact,2020,gauss,2,2,0.08350647492178861,0.05921461358020556,222,
exact,2020,gauss,3,0,0.06596200125230783,0.04665598368469618,222,
exact,2020,gauss,3,1,0.06741242924679008,0.04733643523590741,222,
exact,2020,gauss,3,2,0.07107545518581518,0.05028506651056441,222,
exact,2020,gauss,4,0,0.06487324685525542,0.04566362097228492,222,
exact,2020,gauss,4,1,0.06692640852626397,0.04697299944177794,222,
exact,2020,gauss,4,2,0.06833077633762312,0.048386042458388206,222,
exact,2020,gauss,5,0,0.0639516655344296,0.0446005797889419,222,
exact,2020,gauss,5,1,0.06633097578529756,0.046580278006431296,222,
exact,2020,gauss,5,2,0.06789946350154824,0.04776011170860926,222,
exact,2020,gauss,6,0,0.06316888728481972,0.04386989616977802,222,
exact,2020,gauss,6,1,0.065514289635652,0.046077072830382926,222,
exact,2020,gauss,6,2,0.0685836269665371,0.048328997365151324,222,
exact,2020,gauss,8,0,0.06248647764199896,0.043797473027134576,222,
exact,2020,gauss,8,1,0.06436091013656145,0.04546766020421544,222,
exact,2020,gauss,8,2,0.06813471338875529,0.04740745694102888,222,
exact,2020,gauss,10,0,0.06306575196721513,0.04464328511580918,222,
exact,2020,gauss,10,1,0.06444006276364123,0.04601933916790998,222,
exact,2020,gauss,10,2,0.06525275178196469,0.04531330266625484,222,
exact,2020,gauss,12,0,0.06446513476827997,0.04607818594438935,222,
exact,2020,gauss,12,1,0.0653214785288573,0.04703855718014867,222,
exact,2020,gauss,12,2,0.06377702786861565,0.044262131394067566,222,
exact,2020,gauss,16,0,0.06878071165012899,0.050053028564648716,222,
exact,2020,gauss,16,1,0.06882375278849684,0.05014603918806745,222,
exact,2020,gauss,16,2,0.06327156640848271,0.04439013527682093,222,
exact,2020,gauss,20,0,0.07442707231544206,0.05452210375665851,222,
exact,2020,gauss,20,1,0.07382473426543577,0.053841275096229914,222,
exact,2020,gauss,20,2,0.06433599170686158,0.04532328424198513,222,
exact,2020,gauss,30,0,0.08933548435726643,0.0659016849089769,222,
exact,2020,gauss,30,1,0.08673197600113415,0.06275518179710933,222,
exact,2020,gauss,30,2,0.07097366039595122,0.05090403228936521,222,
exact,2020,tricube,2,0,0.07712517712300497,0.05302875337309473,222,
exact,2020,tricube,2,1,0.07712517712300497,0.05302875337309473,222,
exact,2020,tricube,2,2,0.07712517712300497,0.05302875337309473,222,
exact,2020,tricube,3,0,0.0764327795938059,0.05201857474349334,222,
exact,2020,tricube,3,1,0.0781652846090798,0.053552684986678055,222,
exact,2020,tricube,3,2,0.07860518897410552,0.05406964719311507,222,
exact,2020,tricube,4,0,0.07166819703464058,0.049623042055856374,222,
exact,2020,tricube,4,1,0.07556914625751582,0.052883831612429995,222,
exact,2020,tricube,4,2,0.07851272279842832,0.05643582516503457,222,
exact,2020,tricube,5,0,0.06847712543746351,0.0483247057701289,222,
exact,2020,tricube,5,1,0.07175183592046482,0.05103803592119908,222,
exact,2020,tricube,5,2,0.0822256631130102,0.056542806449011884,222,
exact,2020,tricube,6,0,0.0675511675623576,0.047896090724001375,222,
exact,2020,tricube,6,1,0.0704088502582746,0.049624238247232715,222,
exact,2020,tricube,6,2,0.08301644413136652,0.0581109450203565,222,
exact,2020,tricube,8,0,0.06637813053639123,0.04705559102129768,222,
exact,2020,tricube,8,1,0.06807994418992855,0.04806694616934239,222,
exact,2020,tricube,8,2,0.07881040154219869,0.05569048147353261,222,
exact,2020,tricube,10,0,0.06576664268169874,0.04629391977206529,222,
exact,2020,tricube,10,1,0.06686441425760507,0.04700276079741182,222,
exact,2020,tricube,10,2,0.07129051735829994,0.05167326209501975,222,
exact,2020,tricube,12,0,0.06504867299843356,0.04555905180728624,222,
exact,2020,tricube,12,1,0.06686230635702176,0.046169282554788464,222,
exact,2020,tricube,12,2,0.06808053754048221,0.04840478360475596,222,
exact,2020,tricube,16,0,0.06362073130114142,0.043866319571553423,222,
exact,2020,tricube,16,1,0.06626368303931394,0.04637610706254897,222,
exact,2020,tricube,16,2,0.06832884218140117,0.04814126887664045,222,
exact,2020,tricube,20,0,0.062373292789818235,0.04366289824670578,222,
exact,2020,tricube,20,1,0.0648997346667382,0.04602638555392414,222,
exact,2020,tricube,20,2,0.06889545358500701,0.048553574178616055,222,
exact,2020,tricube,30,0,0.06421233162372754,0.04562075634751116,222,
exact,2020,tricube,30,1,0.06526094466734576,0.04658866070033418,222,
exact,2020,tricube,30,2,0.06625512955770287,0.04608861594315726,222,
exact,2020,epan,2,0,0.07712517712300497,0.053028753373094734,222,
exact,2020,epan,2,1,0.07712517712300497,0.05302875337309473,222,
exact,2020,epan,2,2,0.07712517712300497,0.05302875337309473,222,
exact,2020,epan,3,0,0.07628766769567685,0.05181644739488954,222,
exact,2020,epan,3,1,0.07813148778023449,0.05351067291797683,222,
exact,2020,epan,3,2,0.07860518897410552,0.05406964719311505,222,
exact,2020,epan,4,0,0.07012684665517974,0.04903522441989724,222,
exact,2020,epan,4,1,0.07545764204920044,0.052562874879357444,222,
exact,2020,epan,4,2,0.07852972600697622,0.0564721093871623,222,
exact,2020,epan,5,0,0.06856076506854808,0.0484635582227687,222,
exact,2020,epan,5,1,0.07026452497071334,0.05037319597670307,222,
exact,2020,epan,5,2,0.08214784436140884,0.0562359280535319,222,
exact,2020,epan,6,0,0.0668361500107961,0.04755813076444395,222,
exact,2020,epan,6,1,0.0704745451768346,0.049623437540917276,222,
exact,2020,epan,6,2,0.08145137081418988,0.05738420286779822,222,
exact,2020,epan,8,0,0.06594214912946672,0.04645541443679072,222,
exact,2020,epan,8,1,0.06752566565608466,0.048091429203105746,222,
exact,2020,epan,8,2,0.07795843645678684,0.055203813412864684,222,
exact,2020,epan,10,0,0.06530285746659126,0.04582458116859267,222,
exact,2020,epan,10,1,0.06674536337783565,0.04665907708586586,222,
exact,2020,epan,10,2,0.0708077537056925,0.05148018191463511,222,
exact,2020,epan,12,0,0.06460433912212997,0.04470620447201228,222,
exact,2020,epan,12,1,0.06694162671160594,0.046337800625846894,222,
exact,2020,epan,12,2,0.06857539959170653,0.0487699178526143,222,
exact,2020,epan,16,0,0.0629271663381422,0.043932338792309525,222,
exact,2020,epan,16,1,0.0656590922865308,0.04641611565561962,222,
exact,2020,epan,16,2,0.06872202003775965,0.04819537000526767,222,
exact,2020,epan,20,0,0.062115771584863984,0.04379155556568519,222,
exact,2020,epan,20,1,0.06415479030697016,0.0458626380954503,222,
exact,2020,epan,20,2,0.06832900180500442,0.04826130072231681,222,
exact,2020,epan,30,0,0.06677074686348475,0.047851450606697696,222,
exact,2020,epan,30,1,0.06678929399804337,0.04804850619809844,222,
exact,2020,epan,30,2,0.0648479215168425,0.04526030181009991,222,
exact,2020,median,2,0,0.07332798699540896,0.05017149537503265,222,
exact,2020,median,3,0,0.06660973921038173,0.04665484440592235,222,
exact,2020,median,4,0,0.06563878935524557,0.04577527938441925,222,
exact,2020,median,5,0,0.06572085875878246,0.04590470552241447,222,
exact,2020,median,6,0,0.06541952301941395,0.04517998903708421,222,
exact,2020,median,8,0,0.06488293764989324,0.04464780427334633,222,
exact,2020,median,10,0,0.06427427697599532,0.044830723526204104,222,
exact,2020,median,12,0,0.0641954513973442,0.04465567194138058,222,
exact,2020,median,16,0,0.0688931706170384,0.0469857078648586,222,
exact,2020,median,20,0,0.07297698545111271,0.0494259581523578,222,
exact,2020,median,30,0,0.08348530621419352,0.05687851454844265,222,
exact,2021,gauss,2,0,0.12334114143429177,0.08252947746921464,130,
exact,2021,gauss,2,1,0.12373133566215128,0.0856154727916075,130,
exact,2021,gauss,2,2,0.13635043406305003,0.09509250297859473,130,
exact,2021,gauss,3,0,0.11104199961844931,0.07658828625373484,130,
exact,2021,gauss,3,1,0.11565247496735012,0.08062301180342756,130,
exact,2021,gauss,3,2,0.1354904835339947,0.09068091836117839,130,
exact,2021,gauss,4,0,0.10473076989444206,0.0732465489597773,130,
exact,2021,gauss,4,1,0.10605328552226477,0.07534138457232803,130,
exact,2021,gauss,4,2,0.12165904331830295,0.08290450335187903,130,
exact,2021,gauss,5,0,0.10203465580467692,0.07192028822179271,130,
exact,2021,gauss,5,1,0.1018830733629378,0.07299098889924865,130,
exact,2021,gauss,5,2,0.11398153061086129,0.07720197813227951,130,
exact,2021,gauss,6,0,0.10092403805568906,0.07165781526545018,130,
exact,2021,gauss,6,1,0.09923242636923313,0.0721001095394801,130,
exact,2021,gauss,6,2,0.10939483117827202,0.0745665103200066,130,
exact,2021,gauss,8,0,0.10128172451055852,0.07249634695105624,130,
exact,2021,gauss,8,1,0.09798656473093624,0.07297232893932548,130,
exact,2021,gauss,8,2,0.10389089908527811,0.07315695013229463,130,
exact,2021,gauss,10,0,0.10391635117285088,0.07490522342842315,130,
exact,2021,gauss,10,1,0.09836660981028916,0.07420209502673013,130,
exact,2021,gauss,10,2,0.10007866321552361,0.07187179836172906,130,
exact,2021,gauss,12,0,0.10778611576521879,0.07811462692572119,130,
exact,2021,gauss,12,1,0.09842510977840122,0.07501134259567667,130,
exact,2021,gauss,12,2,0.09648603569270439,0.07070229737192045,130,
exact,2021,gauss,16,0,0.11687031622430724,0.08708901682862516,130,
exact,2021,gauss,16,1,0.10441506315347288,0.0807712070324532,130,
exact,2021,gauss,16,2,0.0952225084341844,0.07091257897689417,130,
exact,2021,gauss,20,0,0.12587725134892627,0.09575933908456277,130,
exact,2021,gauss,20,1,0.11108313354566886,0.0870108549459465,130,
exact,2021,gauss,20,2,0.09797821194434457,0.07415979546902943,130,
exact,2021,gauss,30,0,0.14410609934635327,0.11156229388388303,130,
exact,2021,gauss,30,1,0.12879204325229757,0.10199559662870061,130,
exact,2021,gauss,30,2,0.1076762475848065,0.08363566381409443,130,
exact,2021,tricube,2,0,0.1304970611315732,0.09153784360562743,130,
exact,2021,tricube,2,1,0.1304970611315732,0.09153784360562743,130,
exact,2021,tricube,2,2,0.1304970611315732,0.09153784360562743,130,
exact,2021,tricube,3,0,0.12795563115922953,0.08819019901559162,130,
exact,2021,tricube,3,1,0.1309685707698535,0.09168145866722982,130,
exact,2021,tricube,3,2,0.13351850315755034,0.09380986239105882,130,
exact,2021,tricube,4,0,0.12665483929429505,0.08513995796588729,130,
exact,2021,tricube,4,1,0.1320886632833504,0.09069332365375016,130,
exact,2021,tricube,4,2,0.13569806239212046,0.0963095221843045,130,
exact,2021,tricube,5,0,0.12496975670275502,0.08354238884641829,130,
exact,2021,tricube,5,1,0.12980305033962167,0.08886660151914516,130,
exact,2021,tricube,5,2,0.13229122486200143,0.09341251766724416,130,
exact,2021,tricube,6,0,0.11778691505189151,0.07978980406272305,130,
exact,2021,tricube,6,1,0.12026295590212188,0.08431122013947112,130,
exact,2021,tricube,6,2,0.13371257061469644,0.09388229394129138,130,
exact,2021,tricube,8,0,0.10364671565570056,0.07298665660260804,130,
exact,2021,tricube,8,1,0.10747910927541367,0.07613578689295322,130,
exact,2021,tricube,8,2,0.12917901095548695,0.08867156246823449,130,
exact,2021,tricube,10,0,0.1032297278867073,0.07203060681172123,130,
exact,2021,tricube,10,1,0.11070068661169241,0.07787390090131764,130,
exact,2021,tricube,10,2,0.1284767724569254,0.08705472974390649,130,
exact,2021,tricube,12,0,0.10139705952003467,0.07163993817268104,130,
exact,2021,tricube,12,1,0.10705061736359364,0.07650688410859258,130,
exact,2021,tricube,12,2,0.11884141356464276,0.08389560310434513,130,
exact,2021,tricube,16,0,0.10035547749816069,0.07164798594265928,130,
exact,2021,tricube,16,1,0.10012647432612105,0.07388998008193848,130,
exact,2021,tricube,16,2,0.11536731903227154,0.07936850719356851,130,
exact,2021,tricube,20,0,0.10058772636431869,0.07182562974224813,130,
exact,2021,tricube,20,1,0.09773296440259156,0.0730139566049687,130,
exact,2021,tricube,20,2,0.1094772059258803,0.07557264693105466,130,
exact,2021,tricube,30,0,0.10732168381093335,0.07776295642757226,130,
exact,2021,tricube,30,1,0.09936011295175937,0.07520839867642302,130,
exact,2021,tricube,30,2,0.09928250821052471,0.07189126875685978,130,
exact,2021,epan,2,0,0.1304970611315732,0.09153784360562743,130,
exact,2021,epan,2,1,0.1304970611315732,0.09153784360562743,130,
exact,2021,epan,2,2,0.1304970611315732,0.09153784360562743,130,
exact,2021,epan,3,0,0.12780482921296063,0.08746919873726142,130,
exact,2021,epan,3,1,0.131136130090176,0.09161182525175966,130,
exact,2021,epan,3,2,0.13351850315755034,0.09380986239105882,130,
exact,2021,epan,4,0,0.12630156995040281,0.0844714096291346,130,
exact,2021,epan,4,1,0.13222720318917458,0.0907049282960788,130,
exact,2021,epan,4,2,0.13565138494454812,0.0963233690079091,130,
exact,2021,epan,5,0,0.12340524325700447,0.08246419909991588,130,
exact,2021,epan,5,1,0.1297923821660666,0.08858591462957438,130,
exact,2021,epan,5,2,0.13232071081085459,0.09317238319470209,130,
exact,2021,epan,6,0,0.10900049871368717,0.07574414371095417,130,
exact,2021,epan,6,1,0.11408986824630712,0.08153340397715901,130,
exact,2021,epan,6,2,0.13340998182722583,0.0936152090839534,130,
exact,2021,epan,8,0,0.09953328949908014,0.07108597232274037,130,
exact,2021,epan,8,1,0.10618094499358233,0.07561687258283765,130,
exact,2021,epan,8,2,0.12655356805627502,0.08692896795663024,130,
exact,2021,epan,10,0,0.10198429498930951,0.07195701148635024,130,
exact,2021,epan,10,1,0.11056948961027174,0.07828315987369654,130,
exact,2021,epan,10,2,0.1286208178581777,0.08730636792719158,130,
exact,2021,epan,12,0,0.10107985269337001,0.07253504869177735,130,
exact,2021,epan,12,1,0.10295739015912482,0.07494805437925399,130,
exact,2021,epan,12,2,0.11684886971419275,0.08335521950697042,130,
exact,2021,epan,16,0,0.10062815415288524,0.07139680038909783,130,
exact,2021,epan,16,1,0.09857526420419431,0.0735009202696666,130,
exact,2021,epan,16,2,0.11350395772289815,0.07744219513599612,130,
exact,2021,epan,20,0,0.10192446447833794,0.07355014938676079,130,
exact,2021,epan,20,1,0.09735692568437829,0.0736354951437659,130,
exact,2021,epan,20,2,0.10878732188665811,0.07541292727049932,130,
exact,2021,epan,30,0,0.11292469792049842,0.08275232035455839,130,
exact,2021,epan,30,1,0.10243353126385242,0.07845422486657104,130,
exact,2021,epan,30,2,0.09727274016246146,0.0713558003344938,130,
exact,2021,median,2,0,0.1292362085642983,0.08694820425256355,130,
exact,2021,median,3,0,0.13330599175798388,0.08663060241274051,130,
exact,2021,median,4,0,0.1134539088882111,0.07813018563226078,130,
exact,2021,median,5,0,0.1134990958208913,0.07673045067374544,130,
exact,2021,median,6,0,0.11078184092792721,0.07383930802367948,130,
exact,2021,median,8,0,0.10604724360619144,0.07195704558853712,130,
exact,2021,median,10,0,0.10649568534254848,0.07177874473370957,130,
exact,2021,median,12,0,0.10786274969786078,0.07248569949382914,130,
exact,2021,median,16,0,0.11587841119177511,0.07808060183714319,130,
exact,2021,median,20,0,0.12220118200632217,0.08247966138037131,130,
exact,2021,median,30,0,0.14063785854064473,0.09784490879565721,130,
exact,2022,gauss,2,0,0.08413089937795806,0.05879213805816585,192,
exact,2022,gauss,2,1,0.0857785789116745,0.05956618724768386,192,
exact,2022,gauss,2,2,0.09191926846258269,0.06526025807616542,192,
exact,2022,gauss,3,0,0.08033869186775877,0.05682278705442998,192,
exact,2022,gauss,3,1,0.08134260386809719,0.05704145639075214,192,
exact,2022,gauss,3,2,0.09104748565724263,0.0631131037123827,192,
exact,2022,gauss,4,0,0.07806601231772821,0.056319883246399645,192,
exact,2022,gauss,4,1,0.07994524681981184,0.05681157969732581,192,
exact,2022,gauss,4,2,0.08567289856353105,0.059535071382996546,192,
exact,2022,gauss,5,0,0.07702735113300214,0.056042412392324346,192,
exact,2022,gauss,5,1,0.07826591056732071,0.05618582806804343,192,
exact,2022,gauss,5,2,0.08339704131921874,0.05848692854594475,192,
exact,2022,gauss,6,0,0.0765789972055125,0.055961870522482,192,
exact,2022,gauss,6,1,0.07699146206787762,0.055784723102400326,192,
exact,2022,gauss,6,2,0.0820535632978955,0.057669692282267766,192,
exact,2022,gauss,8,0,0.07671047451729143,0.05702807637635432,192,
exact,2022,gauss,8,1,0.07570060542354634,0.055835334240690905,192,
exact,2022,gauss,8,2,0.07936165883197839,0.05652357863797286,192,
exact,2022,gauss,10,0,0.07821466733622147,0.05886151098642225,192,
exact,2022,gauss,10,1,0.07636243499060591,0.057026716696133815,192,
exact,2022,gauss,10,2,0.07702318479906,0.055677897088706595,192,
exact,2022,gauss,12,0,0.08081562651159402,0.061488081499512154,192,
exact,2022,gauss,12,1,0.07846039698510335,0.058877038582613235,192,
exact,2022,gauss,12,2,0.07611489946909471,0.055648027148460115,192,
exact,2022,gauss,16,0,0.08786576749299571,0.06720634066580872,192,
exact,2022,gauss,16,1,0.08436652193670229,0.06405590134269014,192,
exact,2022,gauss,16,2,0.07750047127342637,0.05711589289331057,192,
exact,2022,gauss,20,0,0.09590560021362116,0.07409744362892695,192,
exact,2022,gauss,20,1,0.09076060869641149,0.07016275752575744,192,
exact,2022,gauss,20,2,0.0810356279805853,0.060196534557646376,192,
exact,2022,gauss,30,0,0.11510602455572358,0.09058062406265817,192,
exact,2022,gauss,30,1,0.10601580359153924,0.08409420600824973,192,
exact,2022,gauss,30,2,0.09232257496522157,0.07056251895035583,192,
exact,2022,tricube,2,0,0.09123630589176245,0.06384207829428307,192,
exact,2022,tricube,2,1,0.09123630589176245,0.06384207829428308,192,
exact,2022,tricube,2,2,0.09123630589176245,0.06384207829428308,192,
exact,2022,tricube,3,0,0.09000728502253176,0.06298564799459916,192,
exact,2022,tricube,3,1,0.09277114619311608,0.06680637208525825,192,
exact,2022,tricube,3,2,0.0958379913252872,0.06885257750356145,192,
exact,2022,tricube,4,0,0.08765266987727309,0.06132067746172631,192,
exact,2022,tricube,4,1,0.08959951486056678,0.06322578699381004,192,
exact,2022,tricube,4,2,0.09589769171280971,0.06804059600184144,192,
exact,2022,tricube,5,0,0.08536997587253727,0.05969692185714338,192,
exact,2022,tricube,5,1,0.0902572998384232,0.0631766257604859,192,
exact,2022,tricube,5,2,0.09637608804447635,0.06821013832905136,192,
exact,2022,tricube,6,0,0.08347789581217095,0.05838142638680108,192,
exact,2022,tricube,6,1,0.08640156375545345,0.06085316181469328,192,
exact,2022,tricube,6,2,0.08892968397049267,0.06444955620944084,192,
exact,2022,tricube,8,0,0.0803835096162234,0.05716098542194895,192,
exact,2022,tricube,8,1,0.08363094873756147,0.059236368210476675,192,
exact,2022,tricube,8,2,0.0871675698896656,0.06258428424729538,192,
exact,2022,tricube,10,0,0.07828904335154113,0.05658652411096222,192,
exact,2022,tricube,10,1,0.07996818892618052,0.056763449434394285,192,
exact,2022,tricube,10,2,0.0912598268434691,0.06370416475670108,192,
exact,2022,tricube,12,0,0.07717185715323033,0.0562290205118011,192,
exact,2022,tricube,12,1,0.07892211384450268,0.056562376724237674,192,
exact,2022,tricube,12,2,0.08879499309420029,0.0619837660034179,192,
exact,2022,tricube,16,0,0.07723412998425339,0.05631700836233746,192,
exact,2022,tricube,16,1,0.07792793320823048,0.0564990395519222,192,
exact,2022,tricube,16,2,0.08294908566329219,0.058597877441626596,192,
exact,2022,tricube,20,0,0.07735041585440283,0.05714166197807138,192,
exact,2022,tricube,20,1,0.07632972434604189,0.05607499394532319,192,
exact,2022,tricube,20,2,0.08181319376307176,0.05737019375184765,192,
exact,2022,tricube,30,0,0.08121644846407358,0.06144071352457519,192,
exact,2022,tricube,30,1,0.07815046507812193,0.058511408360667844,192,
exact,2022,tricube,30,2,0.0775334984301704,0.05623176375403963,192,
exact,2022,epan,2,0,0.09123630589176245,0.06384207829428308,192,
exact,2022,epan,2,1,0.09123630589176245,0.06384207829428307,192,
exact,2022,epan,2,2,0.09123630589176245,0.06384207829428307,192,
exact,2022,epan,3,0,0.0894416206827946,0.06266889976276713,192,
exact,2022,epan,3,1,0.09262415142589252,0.06670598329225236,192,
exact,2022,epan,3,2,0.0958379913252872,0.06885257750356145,192,
exact,2022,epan,4,0,0.08678936141750766,0.06054149355492133,192,
exact,2022,epan,4,1,0.08946557824813337,0.06317320047290871,192,
exact,2022,epan,4,2,0.09575130451936407,0.06796052874929825,192,
exact,2022,epan,5,0,0.08447758234933257,0.05906542923854419,192,
exact,2022,epan,5,1,0.08925407170494416,0.06232606590624946,192,
exact,2022,epan,5,2,0.09624284852039305,0.06805565995165717,192,
exact,2022,epan,6,0,0.0813061986013651,0.05744850105174073,192,
exact,2022,epan,6,1,0.0862856019501338,0.06074280504223475,192,
exact,2022,epan,6,2,0.08842858416123196,0.06424655391485216,192,
exact,2022,epan,8,0,0.07970324476987631,0.057518772611677337,192,
exact,2022,epan,8,1,0.08277009790097703,0.05903183207464117,192,
exact,2022,epan,8,2,0.0870690805788181,0.06275448385149628,192,
exact,2022,epan,10,0,0.07726575900827436,0.05618360191024654,192,
exact,2022,epan,10,1,0.07871538253896283,0.05641492374979251,192,
exact,2022,epan,10,2,0.0915618759797462,0.06313244591909672,192,
exact,2022,epan,12,0,0.07698140987393824,0.056125245154401184,192,
exact,2022,epan,12,1,0.07835413292495157,0.056269517656285316,192,
exact,2022,epan,12,2,0.08765397847478516,0.06181069298147579,192,
exact,2022,epan,16,0,0.07794495015466564,0.057152066109049306,192,
exact,2022,epan,16,1,0.07795553985051572,0.05694132969535204,192,
exact,2022,epan,16,2,0.08185236289475696,0.05786834458672583,192,
exact,2022,epan,20,0,0.07775359479444219,0.05797000327950635,192,
exact,2022,epan,20,1,0.07613895682035476,0.05648212911016731,192,
exact,2022,epan,20,2,0.08177880221790157,0.057796019902527695,192,
exact,2022,epan,30,0,0.08529044443079237,0.06503980676248719,192,
exact,2022,epan,30,1,0.0818930408375128,0.06160095819017577,192,
exact,2022,epan,30,2,0.07618095851543998,0.05579041419825719,192,
exact,2022,median,2,0,0.0879272841923982,0.061081109753061476,192,
exact,2022,median,3,0,0.08712178532757875,0.060155277854059795,192,
exact,2022,median,4,0,0.08186000723464396,0.056186455800789924,192,
exact,2022,median,5,0,0.07784712379880813,0.05443439859312149,192,
exact,2022,median,6,0,0.07929452809118459,0.055121253392367786,192,
exact,2022,median,8,0,0.08348153848955504,0.05857893070627473,192,
exact,2022,median,10,0,0.08458076943118223,0.05966987398114118,192,
exact,2022,median,12,0,0.08671479412645004,0.06121727896971915,192,
exact,2022,median,16,0,0.08782396351491431,0.0620416984424244,192,
exact,2022,median,20,0,0.08735641184523833,0.06244269887050522,192,
exact,2022,median,30,0,0.09978628170755799,0.07331900439647299,192,
exact,2023,gauss,2,0,0.09879973304634608,0.06664006605295623,169,
exact,2023,gauss,2,1,0.10374706836925855,0.07021634156695501,169,
exact,2023,gauss,2,2,0.11491345370870358,0.07751431368716584,169,
exact,2023,gauss,3,0,0.09370348436484613,0.06397875029289815,169,
exact,2023,gauss,3,1,0.0962963515218437,0.0653136584780128,169,
exact,2023,gauss,3,2,0.1050213520362673,0.0711858333623867,169,
exact,2023,gauss,4,0,0.09140927909510102,0.06325793083433559,169,
exact,2023,gauss,4,1,0.09222845179807525,0.06345800783517995,169,
exact,2023,gauss,4,2,0.09805495839193519,0.0667251793884855,169,
exact,2023,gauss,5,0,0.09017498634918723,0.06288414549428162,169,
exact,2023,gauss,5,1,0.09029232160573918,0.06252294538154918,169,
exact,2023,gauss,5,2,0.09473216835580812,0.06487167677397082,169,
exact,2023,gauss,6,0,0.08945658347181605,0.06274365502302369,169,
exact,2023,gauss,6,1,0.08913253649936557,0.06193855772257938,169,
exact,2023,gauss,6,2,0.09308002877987352,0.06403494522045161,169,
exact,2023,gauss,8,0,0.08860433544926667,0.06261784647569736,169,
exact,2023,gauss,8,1,0.08797434187477936,0.06160995408439166,169,
exact,2023,gauss,8,2,0.09133665155759732,0.06338123330677255,169,
exact,2023,gauss,10,0,0.08843144987452822,0.06265558959548545,169,
exact,2023,gauss,10,1,0.08814136905275977,0.06196025697198061,169,
exact,2023,gauss,10,2,0.09034959752451698,0.06288212641762499,169,
exact,2023,gauss,12,0,0.08889190586512699,0.06313638582994754,169,
exact,2023,gauss,12,1,0.08883116084967808,0.06300757847042643,169,
exact,2023,gauss,12,2,0.08938965446675008,0.06250141612980567,169,
exact,2023,gauss,16,0,0.0915188940306852,0.06525921358800363,169,
exact,2023,gauss,16,1,0.09138217980743904,0.06565104667111774,169,
exact,2023,gauss,16,2,0.0885612779458624,0.062935061244608,169,
exact,2023,gauss,20,0,0.09590638532854946,0.06903072529335852,169,
exact,2023,gauss,20,1,0.09519750271948826,0.06895023100795852,169,
exact,2023,gauss,20,2,0.0898734053284413,0.06401573210198595,169,
exact,2023,gauss,30,0,0.11114779423917859,0.08306640775744574,169,
exact,2023,gauss,30,1,0.10609385221786319,0.07901643067060114,169,
exact,2023,gauss,30,2,0.09544438494546145,0.06727034980269117,169,
exact,2023,tricube,2,0,0.11410870590742458,0.07485198931366654,169,
exact,2023,tricube,2,1,0.11410870590742458,0.07485198931366654,169,
exact,2023,tricube,2,2,0.11410870590742458,0.07485198931366654,169,
exact,2023,tricube,3,0,0.10998968801825358,0.07295938584671113,169,
exact,2023,tricube,3,1,0.11076060297298178,0.0741239608544262,169,
exact,2023,tricube,3,2,0.11121658495657369,0.07369358792325044,169,
exact,2023,tricube,4,0,0.10453279227329583,0.06978431903386251,169,
exact,2023,tricube,4,1,0.11418275407520048,0.07479260430828441,169,
exact,2023,tricube,4,2,0.12128428152437981,0.07972101432025357,169,
exact,2023,tricube,5,0,0.09867185635272366,0.06646737766502764,169,
exact,2023,tricube,5,1,0.10796440894322834,0.07256221795289201,169,
exact,2023,tricube,5,2,0.11999559543402123,0.07993181962936101,169,
exact,2023,tricube,6,0,0.09530323615970603,0.06475360882407315,169,
exact,2023,tricube,6,1,0.10081869158301161,0.06792892038922367,169,
exact,2023,tricube,6,2,0.11868186322368642,0.07842852811780564,169,
exact,2023,tricube,8,0,0.09271109876554852,0.06346129428284183,169,
exact,2023,tricube,8,1,0.09803386729011727,0.06561790231780051,169,
exact,2023,tricube,8,2,0.10973734014471002,0.07428231397996325,169,
exact,2023,tricube,10,0,0.09097624413478884,0.06270107554493948,169,
exact,2023,tricube,10,1,0.09341962500067574,0.06335530165713879,169,
exact,2023,tricube,10,2,0.102795745480524,0.06934312457313947,169,
exact,2023,tricube,12,0,0.08972446639384528,0.062349762408486824,169,
exact,2023,tricube,12,1,0.09084982017903992,0.06277085311000803,169,
exact,2023,tricube,12,2,0.0989856085294887,0.06705824504251996,169,
exact,2023,tricube,16,0,0.08938163852638874,0.06302650470535902,169,
exact,2023,tricube,16,1,0.08873769587329554,0.06177176123194324,169,
exact,2023,tricube,16,2,0.09441963989573827,0.06494091065083175,169,
exact,2023,tricube,20,0,0.0893846702170499,0.06327785535791118,169,
exact,2023,tricube,20,1,0.08831477159374788,0.062012309425058795,169,
exact,2023,tricube,20,2,0.09134484581770183,0.06333778454528219,169,
exact,2023,tricube,30,0,0.08950178112810042,0.06364461835837526,169,
exact,2023,tricube,30,1,0.08867249803819294,0.06266802358433377,169,
exact,2023,tricube,30,2,0.09082698136444063,0.06356525884118029,169,
exact,2023,epan,2,0,0.11410870590742458,0.07485198931366654,169,
exact,2023,epan,2,1,0.11410870590742458,0.07485198931366656,169,
exact,2023,epan,2,2,0.11410870590742458,0.07485198931366656,169,
exact,2023,epan,3,0,0.10943581646987235,0.07277888093383633,169,
exact,2023,epan,3,1,0.11074916632651957,0.0742099323481446,169,
exact,2023,epan,3,2,0.11121658495657369,0.07369358792325044,169,
exact,2023,epan,4,0,0.10151804469124703,0.06811718221570501,169,
exact,2023,epan,4,1,0.11314564522158838,0.07395427109975591,169,
exact,2023,epan,4,2,0.12133210664603405,0.0797916934183048,169,
exact,2023,epan,5,0,0.09521322406937725,0.06504631786808049,169,
exact,2023,epan,5,1,0.10610056114631167,0.07135968152585537,169,
exact,2023,epan,5,2,0.11909543969326766,0.07916374831835216,169,
exact,2023,epan,6,0,0.09355381816363441,0.06346560314873734,169,
exact,2023,epan,6,1,0.09818384856657726,0.0662658445927208,169,
exact,2023,epan,6,2,0.11759552197973172,0.07741860313689439,169,
exact,2023,epan,8,0,0.09129965509019226,0.06285900074507488,169,
exact,2023,epan,8,1,0.09735897629110929,0.06524969279306682,169,
exact,2023,epan,8,2,0.10787242246426458,0.07293636586922105,169,
exact,2023,epan,10,0,0.08980983947545378,0.062051552669171256,169,
exact,2023,epan,10,1,0.09309517418522553,0.063246195268863,169,
exact,2023,epan,10,2,0.10101752998740728,0.0687806142557102,169,
exact,2023,epan,12,0,0.08949135142338119,0.06299131055640131,169,
exact,2023,epan,12,1,0.08937665761207103,0.061984947731163524,169,
exact,2023,epan,12,2,0.09769498913448417,0.06593925082082445,169,
exact,2023,epan,16,0,0.090291261674225,0.06390449614330036,169,
exact,2023,epan,16,1,0.08919210478738979,0.06255499323584471,169,
exact,2023,epan,16,2,0.09308631577687478,0.06444117926294157,169,
exact,2023,epan,20,0,0.08919897059440182,0.06308053551150798,169,
exact,2023,epan,20,1,0.08792349879649293,0.06175124413668612,169,
exact,2023,epan,20,2,0.0910540424602924,0.06353269162821534,169,
exact,2023,epan,30,0,0.09052634980868002,0.06445127351482523,169,
exact,2023,epan,30,1,0.0909205653921106,0.0646817578155139,169,
exact,2023,epan,30,2,0.09072424025567073,0.06328996595930744,169,
exact,2023,median,2,0,0.10788708222748242,0.06903343500401873,169,
exact,2023,median,3,0,0.09836725948902039,0.0628804868014016,169,
exact,2023,median,4,0,0.09420541684779653,0.06169781477355861,169,
exact,2023,median,5,0,0.0948566036035377,0.06363863511814638,169,
exact,2023,median,6,0,0.09150055264289317,0.06213881909178139,169,
exact,2023,median,8,0,0.09029718414845689,0.06182087296760513,169,
exact,2023,median,10,0,0.0898486856301466,0.061856551392021474,169,
exact,2023,median,12,0,0.09014644943604608,0.06198751666925141,169,
exact,2023,median,16,0,0.09301220590239842,0.06334811262437987,169,
exact,2023,median,20,0,0.09472089675294529,0.06517548195791285,169,
exact,2023,median,30,0,0.09920570307409118,0.0689952951694385,169,
exact,2024,gauss,2,0,0.06795434169751513,0.04578389053812724,152,
exact,2024,gauss,2,1,0.06836790494108747,0.04590162567909382,152,
exact,2024,gauss,2,2,0.0711075122884873,0.047724335217933116,152,
exact,2024,gauss,3,0,0.0654738426679934,0.04427315810695304,152,
exact,2024,gauss,3,1,0.06148496638593535,0.04217596891845764,152,
exact,2024,gauss,3,2,0.07284575538249499,0.047158092010674064,152,
exact,2024,gauss,4,0,0.06381816065125445,0.04333688754235922,152,
exact,2024,gauss,4,1,0.060635918957083534,0.041443915579497295,152,
exact,2024,gauss,4,2,0.0648395559007907,0.0439403831166346,152,
exact,2024,gauss,5,0,0.06265056846982228,0.04284960533920841,152,
exact,2024,gauss,5,1,0.06091927980720178,0.04154694770988402,152,
exact,2024,gauss,5,2,0.06155364663414495,0.04180265709147239,152,
exact,2024,gauss,6,0,0.06188824831807608,0.04250973721075696,152,
exact,2024,gauss,6,1,0.060963052420040145,0.04139531484712031,152,
exact,2024,gauss,6,2,0.06089609859885057,0.04145055955913833,152,
exact,2024,gauss,8,0,0.061705565081057505,0.0428772335253196,152,
exact,2024,gauss,8,1,0.06126175713964005,0.041693425740077755,152,
exact,2024,gauss,8,2,0.06105014860673063,0.04188005222671549,152,
exact,2024,gauss,10,0,0.06262873017617754,0.043772889576375894,152,
exact,2024,gauss,10,1,0.06219932880571457,0.042863333859110085,152,
exact,2024,gauss,10,2,0.060685467105883864,0.04128278273827982,152,
exact,2024,gauss,12,0,0.064115484563742,0.044973824289390764,152,
exact,2024,gauss,12,1,0.06348594351966036,0.044155860950641695,152,
exact,2024,gauss,12,2,0.06076263050722038,0.04089350503983652,152,
exact,2024,gauss,16,0,0.06812878239339508,0.048119465949940946,152,
exact,2024,gauss,16,1,0.06670931759565929,0.04741132949635655,152,
exact,2024,gauss,16,2,0.061942742401252894,0.04106932224305832,152,
exact,2024,gauss,20,0,0.07289938207479214,0.0521430702649201,152,
exact,2024,gauss,20,1,0.07070803715655649,0.051515557947277045,152,
exact,2024,gauss,20,2,0.06307636175744064,0.04243171573481134,152,
exact,2024,gauss,30,0,0.08586028349688786,0.06322808350525806,152,
exact,2024,gauss,30,1,0.08111905036979229,0.060372075456246725,152,
exact,2024,gauss,30,2,0.06898764446492076,0.04838277698708671,152,
exact,2024,tricube,2,0,0.07018514007460054,0.04824310677709748,152,
exact,2024,tricube,2,1,0.07018514007460054,0.04824310677709748,152,
exact,2024,tricube,2,2,0.07018514007460054,0.04824310677709748,152,
exact,2024,tricube,3,0,0.07071499277206374,0.0479289607425073,152,
exact,2024,tricube,3,1,0.07283762902983093,0.05002779428219351,152,
exact,2024,tricube,3,2,0.07316774930174991,0.05023519480717834,152,
exact,2024,tricube,4,0,0.06957599705069144,0.047090478707399776,152,
exact,2024,tricube,4,1,0.0708999173027787,0.04808020299013236,152,
exact,2024,tricube,4,2,0.07130224002249337,0.04916164239484473,152,
exact,2024,tricube,5,0,0.06871784600701526,0.046185209679068875,152,
exact,2024,tricube,5,1,0.06985534057598931,0.04677449569890674,152,
exact,2024,tricube,5,2,0.07045068615670651,0.04865015002905474,152,
exact,2024,tricube,6,0,0.06785609795779161,0.0454923765119914,152,
exact,2024,tricube,6,1,0.06901452899830897,0.046767515394774375,152,
exact,2024,tricube,6,2,0.06928264192058864,0.04781961659550003,152,
exact,2024,tricube,8,0,0.06719545098604345,0.04497681102898168,152,
exact,2024,tricube,8,1,0.06781970203264749,0.04581761523867033,152,
exact,2024,tricube,8,2,0.06933317429318109,0.04690484350466708,152,
exact,2024,tricube,10,0,0.06559319189809439,0.04423810568572312,152,
exact,2024,tricube,10,1,0.0653861096476248,0.04366026778889093,152,
exact,2024,tricube,10,2,0.07044932218703537,0.04689498417828351,152,
exact,2024,tricube,12,0,0.06455905374080965,0.0439567247976807,152,
exact,2024,tricube,12,1,0.06450935796523757,0.042832235943972875,152,
exact,2024,tricube,12,2,0.06932748030518027,0.04575708185763299,152,
exact,2024,tricube,16,0,0.06252912970818544,0.04297355311858928,152,
exact,2024,tricube,16,1,0.062095685461862046,0.04220780336365353,152,
exact,2024,tricube,16,2,0.06173044389900846,0.04186272239987793,152,
exact,2024,tricube,20,0,0.061471464124577574,0.042718096176409565,152,
exact,2024,tricube,20,1,0.06182859627189711,0.04184018794702659,152,
exact,2024,tricube,20,2,0.06056425020102162,0.041794251448832004,152,
exact,2024,tricube,30,0,0.06444624707063512,0.04492707173383151,152,
exact,2024,tricube,30,1,0.0636426798981886,0.04392429344880266,152,
exact,2024,tricube,30,2,0.06145167761627957,0.04154665236142681,152,
exact,2024,epan,2,0,0.07018514007460054,0.048243106777097484,152,
exact,2024,epan,2,1,0.07018514007460054,0.048243106777097484,152,
exact,2024,epan,2,2,0.07018514007460054,0.048243106777097484,152,
exact,2024,epan,3,0,0.07079046512835376,0.04798138053547602,152,
exact,2024,epan,3,1,0.07287984354579015,0.05007949517201985,152,
exact,2024,epan,3,2,0.07316774930174992,0.05023519480717835,152,
exact,2024,epan,4,0,0.069014271810222,0.046499714040823224,152,
exact,2024,epan,4,1,0.0710247447837369,0.04815808957248388,152,
exact,2024,epan,4,2,0.0713295815977898,0.0492074455504633,152,
exact,2024,epan,5,0,0.06813686194336838,0.04559255346978789,152,
exact,2024,epan,5,1,0.06995591201982584,0.04682559095629251,152,
exact,2024,epan,5,2,0.07043902066785956,0.04869468110918851,152,
exact,2024,epan,6,0,0.06709859602605871,0.04511220307526299,152,
exact,2024,epan,6,1,0.06893702974231095,0.04669599925752629,152,
exact,2024,epan,6,2,0.06924482431980925,0.04773596272814067,152,
exact,2024,epan,8,0,0.06688123895716866,0.04472920037411897,152,
exact,2024,epan,8,1,0.06759144527691209,0.0455504244585674,152,
exact,2024,epan,8,2,0.06937645186947115,0.046836642354935835,152,
exact,2024,epan,10,0,0.0648570351147716,0.04413806487376709,152,
exact,2024,epan,10,1,0.06546612248754435,0.043571510525730474,152,
exact,2024,epan,10,2,0.07010932500999915,0.04622269366496997,152,
exact,2024,epan,12,0,0.06379112661966815,0.04353547667085754,152,
exact,2024,epan,12,1,0.06565608183633977,0.04343679875289258,152,
exact,2024,epan,12,2,0.06770454760789099,0.044741570440618994,152,
exact,2024,epan,16,0,0.06121715638228758,0.04232744496361639,152,
exact,2024,epan,16,1,0.06192026806999509,0.041802234869980553,152,
exact,2024,epan,16,2,0.060864747743915586,0.04166818422636724,152,
exact,2024,epan,20,0,0.0622993863564312,0.043418605620950866,152,
exact,2024,epan,20,1,0.06241197881263115,0.042457629493577474,152,
exact,2024,epan,20,2,0.06055592329510995,0.04176518332590119,152,
exact,2024,epan,30,0,0.0665168988334692,0.04661902251088984,152,
exact,2024,epan,30,1,0.06533003805379835,0.04564269499453044,152,
exact,2024,epan,30,2,0.06129094534735796,0.04082773640806125,152,
exact,2024,median,2,0,0.07026069697988171,0.04808112705935766,152,
exact,2024,median,3,0,0.06952281517593821,0.04681098694518285,152,
exact,2024,median,4,0,0.06650115415044026,0.043876649009790755,152,
exact,2024,median,5,0,0.06444919717970582,0.0428940407799638,152,
exact,2024,median,6,0,0.06563292263491807,0.04408364810886704,152,
exact,2024,median,8,0,0.06247686929646977,0.04203936406202045,152,
exact,2024,median,10,0,0.06158575588770649,0.041500335109869724,152,
exact,2024,median,12,0,0.0665653455135259,0.04391841003875582,152,
exact,2024,median,16,0,0.06728048613557917,0.04456078002775296,152,
exact,2024,median,20,0,0.0724342898141502,0.0464097220439518,152,
exact,2024,median,30,0,0.07715076911906303,0.05046818119984015,152,
random,0,gauss,3,0,0.08444102618382938,0.05532748627618823,2647,0.0
random,0,gauss,5,0,0.08039334627504555,0.05299321598546141,2647,0.0
random,0,gauss,8,0,0.0784474182347023,0.05231372501239207,2647,0.0
random,0,gauss,12,0,0.08004822407998106,0.05416537325313574,2647,0.0
random,0,gauss,8,1,0.07695550582813074,0.05154410926619085,2647,0.0
random,0,tricube,8,1,0.0879140184533909,0.057478963996814215,2647,0.0
random,0,median,8,0,0.0816051505732909,0.05290163112055867,2647,0.0
random,0,gauss,16,1,0.08021224960825442,0.05567515757423084,2647,0.0
random2025,2025,gauss,3,0,0.06727550728041612,0.04278813856040437,756,0.0
random2025,2025,gauss,5,0,0.06357392773262578,0.04128465693641715,756,0.0
random2025,2025,gauss,8,0,0.06288431216395303,0.04169548965120577,756,0.0
random2025,2025,gauss,12,0,0.06735803438584911,0.04551802676826562,756,0.0
random2025,2025,gauss,8,1,0.0629766548543692,0.04154864446595505,756,0.0
random2025,2025,tricube,8,1,0.06975780302921003,0.0449145514602009,756,0.0
random2025,2025,median,8,0,0.0622761430663198,0.03998564503930776,756,0.0
random2025,2025,gauss,16,1,0.07072544942494241,0.04902591626387417,756,0.0
random,0,gauss,3,0,0.08170055310117462,0.053520394574433694,2647,1.0
random,0,gauss,5,0,0.07758389583727815,0.051408195645239935,2647,1.0
random,0,gauss,8,0,0.07468570559471602,0.050317673511122187,2647,1.0
random,0,gauss,12,0,0.07643536419426324,0.05258419287079437,2647,1.0
random,0,gauss,8,1,0.07524077861460844,0.05000676923318698,2647,1.0
random,0,tricube,8,1,0.086384395306306,0.05667651152290309,2647,1.0
random,0,median,8,0,0.08047337114884309,0.05230982212668509,2647,1.0
random,0,gauss,16,1,0.07871068456165879,0.05537914058795568,2647,1.0
random2025,2025,gauss,3,0,0.07110155154706704,0.044535205495871186,756,1.0
random2025,2025,gauss,5,0,0.06872773915422299,0.04379719713357196,756,1.0
random2025,2025,gauss,8,0,0.06792575118350039,0.04410287173571985,756,1.0
random2025,2025,gauss,12,0,0.07009800692919241,0.046384968340533364,756,1.0
random2025,2025,gauss,8,1,0.06645959259786959,0.04320407718923651,756,1.0
random2025,2025,tricube,8,1,0.07188865400622865,0.04530467670134752,756,1.0
random2025,2025,median,8,0,0.06971794714788226,0.04376359630207746,756,1.0
random2025,2025,gauss,16,1,0.07253723580859336,0.04887240158937318,756,1.0
random,0,gauss,3,0,0.08678167049445659,0.05526683812986168,2647,2.0
random,0,gauss,5,0,0.08073234061025013,0.05287887239900829,2647,2.0
random,0,gauss,8,0,0.0772170152095894,0.051904476140831664,2647,2.0
random,0,gauss,12,0,0.07849805266632717,0.05395637789045745,2647,2.0
random,0,gauss,8,1,0.0790185133600808,0.05201245681699846,2647,2.0
random,0,tricube,8,1,0.0931786736121834,0.05877809136273097,2647,2.0
random,0,median,8,0,0.08522526594567255,0.053797441499916665,2647,2.0
random,0,gauss,16,1,0.08189376100191165,0.05681178898444335,2647,2.0
random2025,2025,gauss,3,0,0.07000495147758874,0.044572786010743354,756,2.0
random2025,2025,gauss,5,0,0.06686581274216846,0.043046470020694456,756,2.0
random2025,2025,gauss,8,0,0.06600242926713959,0.043261220415206525,756,2.0
random2025,2025,gauss,12,0,0.06925207011123811,0.04632909677996322,756,2.0
random2025,2025,gauss,8,1,0.06395327438306722,0.04244787882293809,756,2.0
random2025,2025,tricube,8,1,0.07378427372335566,0.0471997284623981,756,2.0
random2025,2025,median,8,0,0.06853669158134824,0.042351630806373296,756,2.0
random2025,2025,gauss,16,1,0.07140389566000667,0.04929016562772607,756,2.0
