protocol,partition,candidate,n,rmse,mae
exact_hidden_doy,exact2019,factor_abs_w0.000,249,0.05718105612325281,0.039427367948714015
exact_hidden_doy,exact2019,factor_abs_w0.025,249,0.05873293529674062,0.04079434362124762
exact_hidden_doy,exact2019,factor_abs_w0.050,249,0.06205084714318499,0.04406516810450272
exact_hidden_doy,exact2019,factor_abs_w0.075,249,0.0668724383226599,0.04905298915233347
exact_hidden_doy,exact2019,factor_abs_w0.100,249,0.07289995759027748,0.05511739173314547
exact_hidden_doy,exact2019,factor_abs_w0.125,249,0.07986081679726183,0.061995229913060876
exact_hidden_doy,exact2019,factor_abs_w0.150,249,0.08753263240530719,0.06945193838504797
exact_hidden_doy,exact2019,factor_abs_w0.175,249,0.09574465439644508,0.07718113058457286
exact_hidden_doy,exact2019,factor_abs_w0.200,249,0.10436944662400983,0.08516724515789889
exact_hidden_doy,exact2019,factor_abs_w0.225,249,0.11331279435758622,0.09338079910061989
exact_hidden_doy,exact2019,factor_abs_w0.250,249,0.1225049500022855,0.10171220409897105
exact_hidden_doy,exact2019,factor_abs_w0.275,249,0.13189390288567387,0.11030485554327313
exact_hidden_doy,exact2019,factor_abs_w0.300,249,0.14144046767168134,0.11900379154164045
exact_hidden_doy,exact2019,factor_abs_w0.325,249,0.15111477626416134,0.12771750353955438
exact_hidden_doy,exact2019,factor_abs_w0.350,249,0.16089378716708247,0.13650009495215878
exact_hidden_doy,exact2019,factor_abs_w0.375,249,0.17075951313464366,0.14541503084355886
exact_hidden_doy,exact2019,factor_abs_w0.400,249,0.18069775133191318,0.1543584927836854
exact_hidden_doy,exact2019,factor_abs_w0.425,249,0.19069716510807017,0.1633092922743602
exact_hidden_doy,exact2019,factor_abs_w0.450,249,0.20074861308989028,0.17229950254775084
exact_hidden_doy,exact2019,factor_abs_w0.475,249,0.2108446536390943,0.18137558738377943
exact_hidden_doy,exact2019,factor_abs_w0.500,249,0.22097917483844498,0.190465391763021
exact_hidden_doy,exact2019,factor_z_w0.000,249,0.05718105612325281,0.039427367948714015
exact_hidden_doy,exact2019,factor_z_w0.025,249,0.05743189020112573,0.039606587248127725
exact_hidden_doy,exact2019,factor_z_w0.050,249,0.05780615690853113,0.039924516126174085
exact_hidden_doy,exact2019,factor_z_w0.075,249,0.05830147916433394,0.04027948749207265
exact_hidden_doy,exact2019,factor_z_w0.100,249,0.058914803748470496,0.04079085173353079
exact_hidden_doy,exact2019,factor_z_w0.125,249,0.05964249039441852,0.041428042864823954
exact_hidden_doy,exact2019,factor_z_w0.150,249,0.06048041130756141,0.04224456317741277
exact_hidden_doy,exact2019,factor_z_w0.175,249,0.061424055346185696,0.04317165685414769
exact_hidden_doy,exact2019,factor_z_w0.200,249,0.06246863156950654,0.04417764623365493
exact_hidden_doy,exact2019,factor_z_w0.225,249,0.06360916771125212,0.04527107475828178
exact_hidden_doy,exact2019,factor_z_w0.250,249,0.064840600208709,0.04642180475620736
exact_hidden_doy,exact2019,factor_z_w0.275,249,0.06615785354505581,0.04763489320682111
exact_hidden_doy,exact2019,factor_z_w0.300,249,0.06755590771878103,0.048897900909841814
exact_hidden_doy,exact2019,factor_z_w0.325,249,0.06902985355253077,0.05020263308880207
exact_hidden_doy,exact2019,factor_z_w0.350,249,0.070574936252293,0.05152602154476177
exact_hidden_doy,exact2019,factor_z_w0.375,249,0.07218658811928,0.0528591121948616
exact_hidden_doy,exact2019,factor_z_w0.400,249,0.0738604516188868,0.05421311987623143
exact_hidden_doy,exact2019,factor_z_w0.425,249,0.07559239415539928,0.05559778007975476
exact_hidden_doy,exact2019,factor_z_w0.450,249,0.07737851592464508,0.057034334790921265
exact_hidden_doy,exact2019,factor_z_w0.475,249,0.07921515215545477,0.05852440706502902
exact_hidden_doy,exact2019,factor_z_w0.500,249,0.08109887093590841,0.06003092103175964
exact_hidden_doy,exact2019,factor_robust_w0.000,249,0.05718105612325281,0.039427367948714015
exact_hidden_doy,exact2019,factor_robust_w0.025,249,0.058773069554976506,0.04085376304695539
exact_hidden_doy,exact2019,factor_robust_w0.050,249,0.06215147883694098,0.04421323846361518
exact_hidden_doy,exact2019,factor_robust_w0.075,249,0.06704678239471625,0.04921985293916584
exact_hidden_doy,exact2019,factor_robust_w0.100,249,0.07315509434421669,0.05534561845170647
exact_hidden_doy,exact2019,factor_robust_w0.125,249,0.08019973016599966,0.06227973870882241
exact_hidden_doy,exact2019,factor_robust_w0.150,249,0.0879559986586939,0.06981577071322581
exact_hidden_doy,exact2019,factor_robust_w0.175,249,0.09625201697916916,0.07760346297404004
exact_hidden_doy,exact2019,factor_robust_w0.200,249,0.10495987774492434,0.08558394397561309
exact_hidden_doy,exact2019,factor_robust_w0.225,249,0.11398523233762242,0.09390863196854601
exact_hidden_doy,exact2019,factor_robust_w0.250,249,0.12325835686498163,0.10238039738279381
exact_hidden_doy,exact2019,factor_robust_w0.275,249,0.13272732941715382,0.11101295024973065
exact_hidden_doy,exact2019,factor_robust_w0.300,249,0.1423530733862998,0.11974768788204727
exact_hidden_doy,exact2019,factor_robust_w0.325,249,0.15210582869174322,0.12855567253099617
exact_hidden_doy,exact2019,factor_robust_w0.350,249,0.16196265258583456,0.13748438469956029
exact_hidden_doy,exact2019,factor_robust_w0.375,249,0.17190564456828814,0.1465233803438918
exact_hidden_doy,exact2019,factor_robust_w0.400,249,0.18192067647026436,0.1556014795206207
exact_hidden_doy,exact2019,factor_robust_w0.425,249,0.19199647525806218,0.1646880370985597
exact_hidden_doy,exact2019,factor_robust_w0.450,249,0.20212395352061033,0.17384760057022097
exact_hidden_doy,exact2019,factor_robust_w0.475,249,0.2122957153435866,0.1830241725920006
exact_hidden_doy,exact2019,factor_robust_w0.500,249,0.22250568759213663,0.19220074461378014
exact_hidden_doy,exact2019,factor_peer_w0.000,249,0.05718105612325281,0.039427367948714015
exact_hidden_doy,exact2019,factor_peer_w0.025,249,0.057449117081702965,0.03968140538739128
exact_hidden_doy,exact2019,factor_peer_w0.050,249,0.05784695239707084,0.040071400800859566
exact_hidden_doy,exact2019,factor_peer_w0.075,249,0.058371908687791595,0.04053503806295638
exact_hidden_doy,exact2019,factor_peer_w0.100,249,0.059020594034183665,0.041130545221017806
exact_hidden_doy,exact2019,factor_peer_w0.125,249,0.059788981346942924,0.041826511198784375
exact_hidden_doy,exact2019,factor_peer_w0.150,249,0.06067252289898119,0.04265522206670495
exact_hidden_doy,exact2019,factor_peer_w0.175,249,0.06166626917055094,0.04362110105383953
exact_hidden_doy,exact2019,factor_peer_w0.200,249,0.06276498582782777,0.04469393574954954
exact_hidden_doy,exact2019,factor_peer_w0.225,249,0.0639632637737095,0.04581261365754115
exact_hidden_doy,exact2019,factor_peer_w0.250,249,0.06525561855708664,0.04701578650554209
exact_hidden_doy,exact2019,factor_peer_w0.275,249,0.06663657680295393,0.04832094624610087
exact_hidden_doy,exact2019,factor_peer_w0.300,249,0.06810074857759718,0.04965133950047129
exact_hidden_doy,exact2019,factor_peer_w0.325,249,0.06964288563598843,0.05103531422886722
exact_hidden_doy,exact2019,factor_peer_w0.350,249,0.0712579262724559,0.05243219691131505
exact_hidden_doy,exact2019,factor_peer_w0.375,249,0.0729410280134527,0.053839322184980457
exact_hidden_doy,exact2019,factor_peer_w0.400,249,0.07468758968351409,0.05527813078999822
exact_hidden_doy,exact2019,factor_peer_w0.425,249,0.07649326448695837,0.056788722551900365
exact_hidden_doy,exact2019,factor_peer_w0.450,249,0.07835396572653935,0.05831503018562563
exact_hidden_doy,exact2019,factor_peer_w0.475,249,0.08026586667036482,0.05986200257619217
exact_hidden_doy,exact2019,factor_peer_w0.500,249,0.08222539591682726,0.06141085483416917
exact_hidden_doy,exact2020,factor_abs_w0.000,222,0.05531092808775867,0.037629656313872696
exact_hidden_doy,exact2020,factor_abs_w0.025,222,0.057702532297566944,0.038978082801969224
exact_hidden_doy,exact2020,factor_abs_w0.050,222,0.061720320477371506,0.04229940893050087
exact_hidden_doy,exact2020,factor_abs_w0.075,222,0.06707269149782406,0.047263529480836286
exact_hidden_doy,exact2020,factor_abs_w0.100,222,0.07346853876558497,0.05330323589328677
exact_hidden_doy,exact2020,factor_abs_w0.125,222,0.08066001915815164,0.060157994097471704
exact_hidden_doy,exact2020,factor_abs_w0.150,222,0.08845328400625761,0.06767369508703486
exact_hidden_doy,exact2020,factor_abs_w0.175,222,0.09670294965017918,0.07545877061545873
exact_hidden_doy,exact2020,factor_abs_w0.200,222,0.10530180316240388,0.08368152733312317
exact_hidden_doy,exact2020,factor_abs_w0.225,222,0.11417097392120892,0.09227779277667784
exact_hidden_doy,exact2020,factor_abs_w0.250,222,0.12325211998840517,0.10108321223250154
exact_hidden_doy,exact2020,factor_abs_w0.275,222,0.132501664652978,0.10994026398324697
exact_hidden_doy,exact2020,factor_abs_w0.300,222,0.14188667819298395,0.11890247670573512
exact_hidden_doy,exact2020,factor_abs_w0.325,222,0.1513819672884577,0.12799515886278787
exact_hidden_doy,exact2020,factor_abs_w0.350,222,0.16096801809758093,0.13714529511266627
exact_hidden_doy,exact2020,factor_abs_w0.375,222,0.1706295341934031,0.1462954313625445
exact_hidden_doy,exact2020,factor_abs_w0.400,222,0.18035438804339488,0.15544556761242284
exact_hidden_doy,exact2020,factor_abs_w0.425,222,0.19013286115927555,0.16459570386230118
exact_hidden_doy,exact2020,factor_abs_w0.450,222,0.19995708728967915,0.17374584011217947
exact_hidden_doy,exact2020,factor_abs_w0.475,222,0.209820639787385,0.18289597636205784
exact_hidden_doy,exact2020,factor_abs_w0.500,222,0.21971822241875585,0.19204611261193613
exact_hidden_doy,exact2020,factor_z_w0.000,222,0.05531092808775867,0.037629656313872696
exact_hidden_doy,exact2020,factor_z_w0.025,222,0.055042093538872926,0.03754806507713492
exact_hidden_doy,exact2020,factor_z_w0.050,222,0.054939742414541505,0.03757201581956101
exact_hidden_doy,exact2020,factor_z_w0.075,222,0.0550048040832036,0.03773371853201453
exact_hidden_doy,exact2020,factor_z_w0.100,222,0.055236686976215026,0.03795903181577057
exact_hidden_doy,exact2020,factor_z_w0.125,222,0.055633305170611796,0.03826573778981115
exact_hidden_doy,exact2020,factor_z_w0.150,222,0.05619117048545783,0.038699321431840565
exact_hidden_doy,exact2020,factor_z_w0.175,222,0.056905540829223854,0.03932998414392213
exact_hidden_doy,exact2020,factor_z_w0.200,222,0.05777061064095173,0.040069190378481945
exact_hidden_doy,exact2020,factor_z_w0.225,222,0.058779726699022136,0.04086313379767994
exact_hidden_doy,exact2020,factor_z_w0.250,222,0.05992561245424478,0.04172251413631426
exact_hidden_doy,exact2020,factor_z_w0.275,222,0.06120058598936978,0.04260310669791455
exact_hidden_doy,exact2020,factor_z_w0.300,222,0.06259676000472757,0.04354004878912734
exact_hidden_doy,exact2020,factor_z_w0.325,222,0.06410621608672581,0.04449600947415892
exact_hidden_doy,exact2020,factor_z_w0.350,222,0.06572114925233596,0.045476180907296354
exact_hidden_doy,exact2020,factor_z_w0.375,222,0.06743398191831,0.04650827096529052
exact_hidden_doy,exact2020,factor_z_w0.400,222,0.06923744879681376,0.04755911589626441
exact_hidden_doy,exact2020,factor_z_w0.425,222,0.07112465574359685,0.04863061987428953
exact_hidden_doy,exact2020,factor_z_w0.450,222,0.07308911638281196,0.04973097137381235
exact_hidden_doy,exact2020,factor_z_w0.475,222,0.07512477056748065,0.050852187326917105
exact_hidden_doy,exact2020,factor_z_w0.500,222,0.07722598858049204,0.051985344154763746
exact_hidden_doy,exact2020,factor_robust_w0.000,222,0.05531092808775867,0.037629656313872696
exact_hidden_doy,exact2020,factor_robust_w0.025,222,0.05775190312714429,0.03899740475369175
exact_hidden_doy,exact2020,factor_robust_w0.050,222,0.061844773635015844,0.04240468919089422
exact_hidden_doy,exact2020,factor_robust_w0.075,222,0.06728877989239429,0.04746722832437573
exact_hidden_doy,exact2020,factor_robust_w0.100,222,0.07378545883254552,0.05357855643916933
exact_hidden_doy,exact2020,factor_robust_w0.125,222,0.08108216902089446,0.06058846619962392
exact_hidden_doy,exact2020,factor_robust_w0.150,222,0.08898231562180191,0.0682116627600227
exact_hidden_doy,exact2020,factor_robust_w0.175,222,0.09733908267486648,0.07613750938457597
exact_hidden_doy,exact2020,factor_robust_w0.200,222,0.10604457412254738,0.08441577426237018
exact_hidden_doy,exact2020,factor_robust_w0.225,222,0.11501963548873667,0.09317831342012498
exact_hidden_doy,exact2020,factor_robust_w0.250,222,0.12420584349124926,0.10208379072522056
exact_hidden_doy,exact2020,factor_robust_w0.275,222,0.1335596373500056,0.11107070518413392
exact_hidden_doy,exact2020,factor_robust_w0.300,222,0.14304814596155643,0.12016379073376127
exact_hidden_doy,exact2020,factor_robust_w0.325,222,0.15264624973871427,0.12939015189798922
exact_hidden_doy,exact2020,factor_robust_w0.350,222,0.1623345102491475,0.13864759530442153
exact_hidden_doy,exact2020,factor_robust_w0.375,222,0.17209770201443317,0.14790503871085375
exact_hidden_doy,exact2020,factor_robust_w0.400,222,0.1819237615644206,0.15716248211728603
exact_hidden_doy,exact2020,factor_robust_w0.425,222,0.19180302700199792,0.1664199255237183
exact_hidden_doy,exact2020,factor_robust_w0.450,222,0.2017276814787488,0.17567736893015054
exact_hidden_doy,exact2020,factor_robust_w0.475,222,0.21169134121341715,0.18493481233658282
exact_hidden_doy,exact2020,factor_robust_w0.500,222,0.22168874706885938,0.19419225574301507
exact_hidden_doy,exact2020,factor_peer_w0.000,222,0.05531092808775867,0.037629656313872696
exact_hidden_doy,exact2020,factor_peer_w0.025,222,0.05510391523380547,0.037674331624578644
exact_hidden_doy,exact2020,factor_peer_w0.050,222,0.055051257499249266,0.03780095492210489
exact_hidden_doy,exact2020,factor_peer_w0.075,222,0.05515339699775436,0.03803454645499541
exact_hidden_doy,exact2020,factor_peer_w0.100,222,0.05540947769582541,0.03837764051209339
exact_hidden_doy,exact2020,factor_peer_w0.125,222,0.0558173808651523,0.03874399058059013
exact_hidden_doy,exact2020,factor_peer_w0.150,222,0.056373810983077845,0.03922153626941918
exact_hidden_doy,exact2020,factor_peer_w0.175,222,0.057074424157017384,0.03992606498891954
exact_hidden_doy,exact2020,factor_peer_w0.200,222,0.057913987869455966,0.04074356272515523
exact_hidden_doy,exact2020,factor_peer_w0.225,222,0.05888655923910717,0.04157669863109365
exact_hidden_doy,exact2020,factor_peer_w0.250,222,0.05998566909760435,0.042433800215985126
exact_hidden_doy,exact2020,factor_peer_w0.275,222,0.06120450069351694,0.04336408880534034
exact_hidden_doy,exact2020,factor_peer_w0.300,222,0.06253605426621645,0.044339218830470026
exact_hidden_doy,exact2020,factor_peer_w0.325,222,0.06397329154593065,0.045379877806173696
exact_hidden_doy,exact2020,factor_peer_w0.350,222,0.06550925697367617,0.046518873362285024
exact_hidden_doy,exact2020,factor_peer_w0.375,222,0.06713717477861768,0.04768181208338324
exact_hidden_doy,exact2020,factor_peer_w0.400,222,0.06885052283937428,0.04886043906302886
exact_hidden_doy,exact2020,factor_peer_w0.425,222,0.0706430854595463,0.050087721350566314
exact_hidden_doy,exact2020,factor_peer_w0.450,222,0.07250898786511467,0.05132564275757227
exact_hidden_doy,exact2020,factor_peer_w0.475,222,0.07444271548775579,0.052569252597973584
exact_hidden_doy,exact2020,factor_peer_w0.500,222,0.07643912105164204,0.05384959842384835
exact_hidden_doy,exact2021,factor_abs_w0.000,130,0.07722274795685638,0.056872823530196855
exact_hidden_doy,exact2021,factor_abs_w0.025,130,0.07746043854813235,0.05810041341808333
exact_hidden_doy,exact2021,factor_abs_w0.050,130,0.07919771205599682,0.06020751543484184
exact_hidden_doy,exact2021,factor_abs_w0.075,130,0.08233970467833215,0.06289102831419421
exact_hidden_doy,exact2021,factor_abs_w0.100,130,0.08673388988682627,0.06685756355075263
exact_hidden_doy,exact2021,factor_abs_w0.125,130,0.09220140812406301,0.07149006947240306
exact_hidden_doy,exact2021,factor_abs_w0.150,130,0.09856380158047244,0.07716170278450302
exact_hidden_doy,exact2021,factor_abs_w0.175,130,0.10565953634530213,0.08354351666057719
exact_hidden_doy,exact2021,factor_abs_w0.200,130,0.11335097518851998,0.09023553092121478
exact_hidden_doy,exact2021,factor_abs_w0.225,130,0.12152506263502812,0.0975465837443164
exact_hidden_doy,exact2021,factor_abs_w0.250,130,0.1300908507062711,0.10539056216295183
exact_hidden_doy,exact2021,factor_abs_w0.275,130,0.13897593080562515,0.11362135437588426
exact_hidden_doy,exact2021,factor_abs_w0.300,130,0.1481228563249888,0.12196075858476929
exact_hidden_doy,exact2021,factor_abs_w0.325,130,0.157486009236476,0.130488957453553
exact_hidden_doy,exact2021,factor_abs_w0.350,130,0.16702903029522842,0.13945376773198936
exact_hidden_doy,exact2021,factor_abs_w0.375,130,0.17672278329143648,0.14847095811012495
exact_hidden_doy,exact2021,factor_abs_w0.400,130,0.1865437713351869,0.1578481045264446
exact_hidden_doy,exact2021,factor_abs_w0.425,130,0.19647291525910573,0.16727205653882146
exact_hidden_doy,exact2021,factor_abs_w0.450,130,0.2064946138610975,0.17669600855119824
exact_hidden_doy,exact2021,factor_abs_w0.475,130,0.21659602026272454,0.18619164184419384
exact_hidden_doy,exact2021,factor_abs_w0.500,130,0.22676648286383094,0.19593744069926342
exact_hidden_doy,exact2021,factor_z_w0.000,130,0.07722274795685638,0.056872823530196855
exact_hidden_doy,exact2021,factor_z_w0.025,130,0.07706976458741885,0.05684566705034156
exact_hidden_doy,exact2021,factor_z_w0.050,130,0.0770006648912491,0.05683109963328088
exact_hidden_doy,exact2021,factor_z_w0.075,130,0.0770156746540015,0.0568409356021043
exact_hidden_doy,exact2021,factor_z_w0.100,130,0.07711474476200943,0.05689195364176086
exact_hidden_doy,exact2021,factor_z_w0.125,130,0.0772975520025764,0.0570171309951174
exact_hidden_doy,exact2021,factor_z_w0.150,130,0.07756350430488831,0.0572157558570804
exact_hidden_doy,exact2021,factor_z_w0.175,130,0.07791175022485466,0.05742725434830679
exact_hidden_doy,exact2021,factor_z_w0.200,130,0.07834119232388628,0.057705242181568264
exact_hidden_doy,exact2021,factor_z_w0.225,130,0.07885050396122034,0.058077253487758496
exact_hidden_doy,exact2021,factor_z_w0.250,130,0.07943814891933847,0.05852548723616881
exact_hidden_doy,exact2021,factor_z_w0.275,130,0.08010240321679402,0.059024959865608635
exact_hidden_doy,exact2021,factor_z_w0.300,130,0.08084137843371424,0.059530779633847786
exact_hidden_doy,exact2021,factor_z_w0.325,130,0.08165304588074121,0.060061939106701136
exact_hidden_doy,exact2021,factor_z_w0.350,130,0.08253526097810647,0.06062738879332043
exact_hidden_doy,exact2021,factor_z_w0.375,130,0.08348578727201504,0.0612837426444291
exact_hidden_doy,exact2021,factor_z_w0.400,130,0.08450231959369185,0.06202482229399388
exact_hidden_doy,exact2021,factor_z_w0.425,130,0.08558250595526527,0.06280394027673547
exact_hidden_doy,exact2021,factor_z_w0.450,130,0.08672396786952195,0.06367444374668052
exact_hidden_doy,exact2021,factor_z_w0.475,130,0.08792431887178329,0.06462799223487102
exact_hidden_doy,exact2021,factor_z_w0.500,130,0.08918118110724067,0.06565976509045568
exact_hidden_doy,exact2021,factor_robust_w0.000,130,0.07722274795685638,0.056872823530196855
exact_hidden_doy,exact2021,factor_robust_w0.025,130,0.07763636072763079,0.05827655861323833
exact_hidden_doy,exact2021,factor_robust_w0.050,130,0.07967138031243222,0.060608680377385774
exact_hidden_doy,exact2021,factor_robust_w0.075,130,0.08320892862896603,0.06360902056623319
exact_hidden_doy,exact2021,factor_robust_w0.100,130,0.08806812928129712,0.06798688000935213
exact_hidden_doy,exact2021,factor_robust_w0.125,130,0.09404433856149408,0.07301528514124907
exact_hidden_doy,exact2021,factor_robust_w0.150,130,0.10093935042720123,0.0791290522035014
exact_hidden_doy,exact2021,factor_robust_w0.175,130,0.10857826643806988,0.0860646494743779
exact_hidden_doy,exact2021,factor_robust_w0.200,130,0.11681523894407955,0.09321934911599647
exact_hidden_doy,exact2021,factor_robust_w0.225,130,0.12553259650490411,0.10105140470849867
exact_hidden_doy,exact2021,factor_robust_w0.250,130,0.13463706083318397,0.1094408599112839
exact_hidden_doy,exact2021,factor_robust_w0.275,130,0.1440552537853745,0.11817578894745245
exact_hidden_doy,exact2021,factor_robust_w0.300,130,0.1537295247028806,0.12696613689702999
exact_hidden_doy,exact2021,factor_robust_w0.325,130,0.16361445540175612,0.13611658786318434
exact_hidden_doy,exact2021,factor_robust_w0.350,130,0.17367407951760588,0.14566942425607668
exact_hidden_doy,exact2021,factor_robust_w0.375,130,0.18387972809691897,0.1553913876255522
exact_hidden_doy,exact2021,factor_robust_w0.400,130,0.19420838175151142,0.1652798219786947
exact_hidden_doy,exact2021,factor_robust_w0.425,130,0.20464141640664893,0.1751682563318372
exact_hidden_doy,exact2021,factor_robust_w0.450,130,0.21516364865871954,0.18508985056754354
exact_hidden_doy,exact2021,factor_robust_w0.475,130,0.22576260701936696,0.1952200710485435
exact_hidden_doy,exact2021,factor_robust_w0.500,130,0.23642797292423762,0.2054410503880525
exact_hidden_doy,exact2021,factor_peer_w0.000,130,0.07722274795685638,0.056872823530196855
exact_hidden_doy,exact2021,factor_peer_w0.025,130,0.07719977845008902,0.057000274329860684
exact_hidden_doy,exact2021,factor_peer_w0.050,130,0.07725355366359632,0.05716149300256025
exact_hidden_doy,exact2021,factor_peer_w0.075,130,0.07738391360445748,0.05739072670130356
exact_hidden_doy,exact2021,factor_peer_w0.100,130,0.07759047226307356,0.057685214257490826
exact_hidden_doy,exact2021,factor_peer_w0.125,130,0.07787262328603098,0.058047202908997945
exact_hidden_doy,exact2021,factor_peer_w0.150,130,0.07822954875918732,0.05842676929587035
exact_hidden_doy,exact2021,factor_peer_w0.175,130,0.07866023080859029,0.05886283620965306
exact_hidden_doy,exact2021,factor_peer_w0.200,130,0.0791634656443993,0.059304082101331604
exact_hidden_doy,exact2021,factor_peer_w0.225,130,0.07973787961176257,0.05974532799301016
exact_hidden_doy,exact2021,factor_peer_w0.250,130,0.08038194677478615,0.06018657388468871
exact_hidden_doy,exact2021,factor_peer_w0.275,130,0.08109400754559999,0.06063210722420464
exact_hidden_doy,exact2021,factor_peer_w0.300,130,0.08187228787864527,0.06112313355744788
exact_hidden_doy,exact2021,factor_peer_w0.325,130,0.08271491857783797,0.0616800192114358
exact_hidden_doy,exact2021,factor_peer_w0.350,130,0.0836199543073878,0.062287807728399994
exact_hidden_doy,exact2021,factor_peer_w0.375,130,0.08458539195143297,0.06295619836322859
exact_hidden_doy,exact2021,factor_peer_w0.400,130,0.08560918802886829,0.06368330656943899
exact_hidden_doy,exact2021,factor_peer_w0.425,130,0.08668927493365813,0.0645198731862057
exact_hidden_doy,exact2021,factor_peer_w0.450,130,0.08782357583394833,0.06541244990089602
exact_hidden_doy,exact2021,factor_peer_w0.475,130,0.08901001812254526,0.06638337341680407
exact_hidden_doy,exact2021,factor_peer_w0.500,130,0.0902465453647233,0.06741648690827741
exact_hidden_doy,exact2022,factor_abs_w0.000,192,0.06659808703830404,0.04766860741555279
exact_hidden_doy,exact2022,factor_abs_w0.025,192,0.0681347764424585,0.04953296718371181
exact_hidden_doy,exact2022,factor_abs_w0.050,192,0.07146540188399547,0.05258753542187292
exact_hidden_doy,exact2022,factor_abs_w0.075,192,0.07635556897760032,0.0570973865723939
exact_hidden_doy,exact2022,factor_abs_w0.100,192,0.08252851327401999,0.06316224792855844
exact_hidden_doy,exact2022,factor_abs_w0.125,192,0.08971984972358134,0.07043417714792444
exact_hidden_doy,exact2022,factor_abs_w0.150,192,0.09770496767052766,0.07845748307944532
exact_hidden_doy,exact2022,factor_abs_w0.175,192,0.10630514250237666,0.08703621400501178
exact_hidden_doy,exact2022,factor_abs_w0.200,192,0.11538292455678727,0.09592337187028843
exact_hidden_doy,exact2022,factor_abs_w0.225,192,0.12483416430600575,0.10507698404725395
exact_hidden_doy,exact2022,factor_abs_w0.250,192,0.13458020366515772,0.1145321383236637
exact_hidden_doy,exact2022,factor_abs_w0.275,192,0.14456143054427323,0.12411532279384026
exact_hidden_doy,exact2022,factor_abs_w0.300,192,0.15473233833085134,0.13374003529133768
exact_hidden_doy,exact2022,factor_abs_w0.325,192,0.16505786619102483,0.14336474778883504
exact_hidden_doy,exact2022,factor_abs_w0.350,192,0.17551072673660267,0.153083707071205
exact_hidden_doy,exact2022,factor_abs_w0.375,192,0.1860694616253872,0.16313868466291406
exact_hidden_doy,exact2022,factor_abs_w0.400,192,0.19671702326282647,0.17323772113593452
exact_hidden_doy,exact2022,factor_abs_w0.425,192,0.20743973407977626,0.18336513325382073
exact_hidden_doy,exact2022,factor_abs_w0.450,192,0.21822651683666688,0.1935189776578604
exact_hidden_doy,exact2022,factor_abs_w0.475,192,0.22906832030666044,0.20370389357538657
exact_hidden_doy,exact2022,factor_abs_w0.500,192,0.23995768674380985,0.21390803481175666
exact_hidden_doy,exact2022,factor_z_w0.000,192,0.06659808703830404,0.04766860741555279
exact_hidden_doy,exact2022,factor_z_w0.025,192,0.06625721239414796,0.047578680167249726
exact_hidden_doy,exact2022,factor_z_w0.050,192,0.06607088873948484,0.047585758110012956
exact_hidden_doy,exact2022,factor_z_w0.075,192,0.06604042421811035,0.04762406692894413
exact_hidden_doy,exact2022,factor_z_w0.100,192,0.06616603411487655,0.04772314267441819
exact_hidden_doy,exact2022,factor_z_w0.125,192,0.0664468333148727,0.04792678048224306
exact_hidden_doy,exact2022,factor_z_w0.150,192,0.0668808671606341,0.048203716859678
exact_hidden_doy,exact2022,factor_z_w0.175,192,0.06746517823472145,0.04848751100215123
exact_hidden_doy,exact2022,factor_z_w0.200,192,0.06819590386399697,0.04897038849276574
exact_hidden_doy,exact2022,factor_z_w0.225,192,0.0690683971213517,0.04961798516562368
exact_hidden_doy,exact2022,factor_z_w0.250,192,0.0700773630033152,0.05035405328626665
exact_hidden_doy,exact2022,factor_z_w0.275,192,0.07121700132401332,0.05125066823548552
exact_hidden_doy,exact2022,factor_z_w0.300,192,0.07248114856409947,0.05222153935948562
exact_hidden_doy,exact2022,factor_z_w0.325,192,0.07386341221645559,0.0532813377679767
exact_hidden_doy,exact2022,factor_z_w0.350,192,0.07535729280464808,0.05441505955013822
exact_hidden_doy,exact2022,factor_z_w0.375,192,0.07695629045720255,0.055579529609324274
exact_hidden_doy,exact2022,factor_z_w0.400,192,0.07865399449819205,0.056795431022163084
exact_hidden_doy,exact2022,factor_z_w0.425,192,0.0804441558325424,0.05818090559452701
exact_hidden_doy,exact2022,factor_z_w0.450,192,0.08232074290359352,0.05960701242918581
exact_hidden_doy,exact2022,factor_z_w0.475,192,0.0842779826780943,0.061064264255517586
exact_hidden_doy,exact2022,factor_z_w0.500,192,0.0863103885049721,0.06264345594282335
exact_hidden_doy,exact2022,factor_robust_w0.000,192,0.06659808703830404,0.04766860741555279
exact_hidden_doy,exact2022,factor_robust_w0.025,192,0.06813228971056749,0.04951832994195771
exact_hidden_doy,exact2022,factor_robust_w0.050,192,0.0714872285407294,0.05258953113186571
exact_hidden_doy,exact2022,factor_robust_w0.075,192,0.07642349132858856,0.057121610394624406
exact_hidden_doy,exact2022,factor_robust_w0.100,192,0.08265825698896524,0.06325549590539344
exact_hidden_doy,exact2022,factor_robust_w0.125,192,0.08992183332897186,0.07060272262928462
exact_hidden_doy,exact2022,factor_robust_w0.150,192,0.09798569288023411,0.07869047832337023
exact_hidden_doy,exact2022,factor_robust_w0.175,192,0.10666849182576048,0.08737333403314372
exact_hidden_doy,exact2022,factor_robust_w0.200,192,0.11583112503438654,0.09642998418555376
exact_hidden_doy,exact2022,factor_robust_w0.225,192,0.12536842961554415,0.10572546149669222
exact_hidden_doy,exact2022,factor_robust_w0.250,192,0.13520113905211825,0.11525018264398973
exact_hidden_doy,exact2022,factor_robust_w0.275,192,0.14526928132574818,0.12490188967778977
exact_hidden_doy,exact2022,factor_robust_w0.300,192,0.15552714049964117,0.13459810825564625
exact_hidden_doy,exact2022,factor_robust_w0.325,192,0.1659395372003835,0.14429432683350268
exact_hidden_doy,exact2022,factor_robust_w0.350,192,0.17647912006735086,0.15422002352864025
exact_hidden_doy,exact2022,factor_robust_w0.375,192,0.18712439945769224,0.16435678083706115
exact_hidden_doy,exact2022,factor_robust_w0.400,192,0.19785831588347286,0.17453702372169141
exact_hidden_doy,exact2022,factor_robust_w0.425,192,0.20866719122869523,0.1847826987230808
exact_hidden_doy,exact2022,factor_robust_w0.450,192,0.2195399541438601,0.19507431570182932
exact_hidden_doy,exact2022,factor_robust_w0.475,192,0.2304675627390765,0.20536593268057793
exact_hidden_doy,exact2022,factor_robust_w0.500,192,0.24144257023871885,0.2156575496593265
exact_hidden_doy,exact2022,factor_peer_w0.000,192,0.06659808703830404,0.04766860741555279
exact_hidden_doy,exact2022,factor_peer_w0.025,192,0.06629760517509073,0.04763377254348585
exact_hidden_doy,exact2022,factor_peer_w0.050,192,0.06614889564704815,0.047697125377285286
exact_hidden_doy,exact2022,factor_peer_w0.075,192,0.06615298199837304,0.04778728008200952
exact_hidden_doy,exact2022,factor_peer_w0.100,192,0.0663098359808801,0.04791849764887717
exact_hidden_doy,exact2022,factor_peer_w0.125,192,0.06661837852219556,0.04812323706596575
exact_hidden_doy,exact2022,factor_peer_w0.150,192,0.06707651641687264,0.04843112764199727
exact_hidden_doy,exact2022,factor_peer_w0.175,192,0.06768121187523606,0.04880117823836594
exact_hidden_doy,exact2022,factor_peer_w0.200,192,0.06842857967077319,0.04927772961039061
exact_hidden_doy,exact2022,factor_peer_w0.225,192,0.06931400492829187,0.04995425456116246
exact_hidden_doy,exact2022,factor_peer_w0.250,192,0.07033227375266875,0.05071609344812766
exact_hidden_doy,exact2022,factor_peer_w0.275,192,0.07147770891559518,0.05154615462415892
exact_hidden_doy,exact2022,factor_peer_w0.300,192,0.0727443035639625,0.05264198974986817
exact_hidden_doy,exact2022,factor_peer_w0.325,192,0.07412584717067625,0.0537940361032346
exact_hidden_doy,exact2022,factor_peer_w0.350,192,0.07561603946991755,0.05496421770255892
exact_hidden_doy,exact2022,factor_peer_w0.375,192,0.07720858967785228,0.056174877350963125
exact_hidden_doy,exact2022,factor_peer_w0.400,192,0.07889729972281015,0.0574984010785586
exact_hidden_doy,exact2022,factor_peer_w0.425,192,0.08067613138741887,0.058871413690869394
exact_hidden_doy,exact2022,factor_peer_w0.450,192,0.08253925815216874,0.0602796103951238
exact_hidden_doy,exact2022,factor_peer_w0.475,192,0.08448110312704135,0.06172535651243614
exact_hidden_doy,exact2022,factor_peer_w0.500,192,0.08649636479872656,0.06325309848571599
exact_hidden_doy,exact2023,factor_abs_w0.000,169,0.07085721568596635,0.04507310811478096
exact_hidden_doy,exact2023,factor_abs_w0.025,169,0.07033267070676427,0.04654321058140862
exact_hidden_doy,exact2023,factor_abs_w0.050,169,0.07172113866006077,0.049904100039818225
exact_hidden_doy,exact2023,factor_abs_w0.075,169,0.07491632999964788,0.054297867071552534
exact_hidden_doy,exact2023,factor_abs_w0.100,169,0.07970124765966696,0.059984926564046324
exact_hidden_doy,exact2023,factor_abs_w0.125,169,0.08581036571632791,0.0663813924694431
exact_hidden_doy,exact2023,factor_abs_w0.150,169,0.09298304392846725,0.07335455608588703
exact_hidden_doy,exact2023,factor_abs_w0.175,169,0.1009929287624017,0.08078425555277924
exact_hidden_doy,exact2023,factor_abs_w0.200,169,0.1096567119230864,0.08858572650548205
exact_hidden_doy,exact2023,factor_abs_w0.225,169,0.11883145579992249,0.09653902505602784
exact_hidden_doy,exact2023,factor_abs_w0.250,169,0.1284076824541509,0.10479721495661008
exact_hidden_doy,exact2023,factor_abs_w0.275,169,0.13830201931618397,0.11329793669541958
exact_hidden_doy,exact2023,factor_abs_w0.300,169,0.14845087331704435,0.12183800600408642
exact_hidden_doy,exact2023,factor_abs_w0.325,169,0.1588054553163181,0.13071992251081127
exact_hidden_doy,exact2023,factor_abs_w0.350,169,0.16932802808697686,0.1397970064840568
exact_hidden_doy,exact2023,factor_abs_w0.375,169,0.17998913067570466,0.14904438911702808
exact_hidden_doy,exact2023,factor_abs_w0.400,169,0.19076553890820716,0.15837238504992285
exact_hidden_doy,exact2023,factor_abs_w0.425,169,0.2016387664028236,0.16796826842246923
exact_hidden_doy,exact2023,factor_abs_w0.450,169,0.2125939580654567,0.17770232026882665
exact_hidden_doy,exact2023,factor_abs_w0.475,169,0.22361906784394045,0.18743665906771803
exact_hidden_doy,exact2023,factor_abs_w0.500,169,0.2347042428436679,0.19733612415581778
exact_hidden_doy,exact2023,factor_z_w0.000,169,0.07085721568596635,0.04507310811478096
exact_hidden_doy,exact2023,factor_z_w0.025,169,0.07117398156494775,0.04563230143112117
exact_hidden_doy,exact2023,factor_z_w0.050,169,0.07172841335877009,0.046538450866584695
exact_hidden_doy,exact2023,factor_z_w0.075,169,0.0725150598720345,0.04751551609475744
exact_hidden_doy,exact2023,factor_z_w0.100,169,0.07352646821139994,0.048531671516383885
exact_hidden_doy,exact2023,factor_z_w0.125,169,0.07475351591168379,0.04961944960909282
exact_hidden_doy,exact2023,factor_z_w0.150,169,0.07618578442723953,0.05081135860449989
exact_hidden_doy,exact2023,factor_z_w0.175,169,0.07781194221035974,0.05215893838646714
exact_hidden_doy,exact2023,factor_z_w0.200,169,0.07962011018845684,0.05364804650545678
exact_hidden_doy,exact2023,factor_z_w0.225,169,0.08159818954128059,0.055209854064818625
exact_hidden_doy,exact2023,factor_z_w0.250,169,0.08373413951624865,0.05680560999170724
exact_hidden_doy,exact2023,factor_z_w0.275,169,0.08601620021110867,0.0585044063891908
exact_hidden_doy,exact2023,factor_z_w0.300,169,0.08843306096199299,0.06023708807148634
exact_hidden_doy,exact2023,factor_z_w0.325,169,0.09097397890373213,0.06205790585843259
exact_hidden_doy,exact2023,factor_z_w0.350,169,0.09362885451699669,0.06392581270660253
exact_hidden_doy,exact2023,factor_z_w0.375,169,0.0963882718637089,0.06589112898793137
exact_hidden_doy,exact2023,factor_z_w0.400,169,0.09924351113145223,0.06787430466491061
exact_hidden_doy,exact2023,factor_z_w0.425,169,0.10218654042800453,0.06986392567397749
exact_hidden_doy,exact2023,factor_z_w0.450,169,0.1052099927844728,0.07186339576568365
exact_hidden_doy,exact2023,factor_z_w0.475,169,0.10830713325027368,0.07387515311763782
exact_hidden_doy,exact2023,factor_z_w0.500,169,0.11147181992860504,0.07593559797986245
exact_hidden_doy,exact2023,factor_robust_w0.000,169,0.07085721568596635,0.04507310811478096
exact_hidden_doy,exact2023,factor_robust_w0.025,169,0.07036582089211187,0.04658069053730021
exact_hidden_doy,exact2023,factor_robust_w0.050,169,0.071813701657732,0.05002539344182544
exact_hidden_doy,exact2023,factor_robust_w0.075,169,0.07508876082785278,0.054509636232951936
exact_hidden_doy,exact2023,factor_robust_w0.100,169,0.07996681512009204,0.06024086874154567
exact_hidden_doy,exact2023,factor_robust_w0.125,169,0.08617607730194762,0.06671369650105327
exact_hidden_doy,exact2023,factor_robust_w0.150,169,0.09345157215779351,0.07374434989407425
exact_hidden_doy,exact2023,factor_robust_w0.175,169,0.10156442112908973,0.08128671413791054
exact_hidden_doy,exact2023,factor_robust_w0.200,169,0.11033006027698272,0.0891451638960839
exact_hidden_doy,exact2023,factor_robust_w0.225,169,0.119605050157048,0.09719714145347605
exact_hidden_doy,exact2023,factor_robust_w0.250,169,0.12927980935292668,0.10561056000215963
exact_hidden_doy,exact2023,factor_robust_w0.275,169,0.13927105029581677,0.11422187146646459
exact_hidden_doy,exact2023,factor_robust_w0.300,169,0.1495153405359549,0.12296791394175527
exact_hidden_doy,exact2023,factor_robust_w0.325,169,0.15996407072082444,0.13203858682743475
exact_hidden_doy,exact2023,factor_robust_w0.350,169,0.17057967653997674,0.14124694652981573
exact_hidden_doy,exact2023,factor_robust_w0.375,169,0.18133285261171236,0.15065752686649425
exact_hidden_doy,exact2023,factor_robust_w0.400,169,0.19220051010606265,0.16017396914706955
exact_hidden_doy,exact2023,factor_robust_w0.425,169,0.20316427834309883,0.16992479497383883
exact_hidden_doy,exact2023,factor_robust_w0.450,169,0.2142094002727829,0.17973778016905764
exact_hidden_doy,exact2023,factor_robust_w0.475,169,0.2253239126162386,0.1895852000735174
exact_hidden_doy,exact2023,factor_robust_w0.500,169,0.2364980323154234,0.19957988272061292
exact_hidden_doy,exact2023,factor_peer_w0.000,169,0.07085721568596635,0.04507310811478096
exact_hidden_doy,exact2023,factor_peer_w0.025,169,0.07108164839018541,0.0457072775734916
exact_hidden_doy,exact2023,factor_peer_w0.050,169,0.07153460403385059,0.0466847178409615
exact_hidden_doy,exact2023,factor_peer_w0.075,169,0.07221178244586607,0.04773148683263482
exact_hidden_doy,exact2023,factor_peer_w0.100,169,0.07310695306914275,0.04881144352125458
exact_hidden_doy,exact2023,factor_peer_w0.125,169,0.07421222785642566,0.049921175355472455
exact_hidden_doy,exact2023,factor_peer_w0.150,169,0.07551838221975953,0.05119500491420116
exact_hidden_doy,exact2023,factor_peer_w0.175,169,0.07701519626723544,0.05254813105959081
exact_hidden_doy,exact2023,factor_peer_w0.200,169,0.07869179101016414,0.05401023292596449
exact_hidden_doy,exact2023,factor_peer_w0.225,169,0.0805369393633093,0.05560006137301421
exact_hidden_doy,exact2023,factor_peer_w0.250,169,0.08253933816639687,0.05728882232666534
exact_hidden_doy,exact2023,factor_peer_w0.275,169,0.08468783384406364,0.05900165883232203
exact_hidden_doy,exact2023,factor_peer_w0.300,169,0.08697159979423223,0.060772477345546694
exact_hidden_doy,exact2023,factor_peer_w0.325,169,0.08938026769736097,0.06259900821384655
exact_hidden_doy,exact2023,factor_peer_w0.350,169,0.09190401759363505,0.06443657827291056
exact_hidden_doy,exact2023,factor_peer_w0.375,169,0.09453363295338807,0.06627696055945688
exact_hidden_doy,exact2023,factor_peer_w0.400,169,0.0972605273592328,0.06814506712173733
exact_hidden_doy,exact2023,factor_peer_w0.425,169,0.10007674913955636,0.07002014366731782
exact_hidden_doy,exact2023,factor_peer_w0.450,169,0.10297496961787737,0.0718952202128983
exact_hidden_doy,exact2023,factor_peer_w0.475,169,0.10594845978389351,0.07380856440787333
exact_hidden_doy,exact2023,factor_peer_w0.500,169,0.10899105929695004,0.07584394251965638
exact_hidden_doy,exact2024,factor_abs_w0.000,152,0.05115447818690075,0.035562735654354104
exact_hidden_doy,exact2024,factor_abs_w0.025,152,0.05209690580960433,0.036155023063996906
exact_hidden_doy,exact2024,factor_abs_w0.050,152,0.0549744349753139,0.0386535073080822
exact_hidden_doy,exact2024,factor_abs_w0.075,152,0.05950700258234148,0.04305945611589078
exact_hidden_doy,exact2024,factor_abs_w0.100,152,0.0653511450655161,0.04856254333633919
exact_hidden_doy,exact2024,factor_abs_w0.125,152,0.07218902212921999,0.05472985274471419
exact_hidden_doy,exact2024,factor_abs_w0.150,152,0.07976547887483312,0.061687218317482105
exact_hidden_doy,exact2024,factor_abs_w0.175,152,0.08788971654209288,0.06925752654468822
exact_hidden_doy,exact2024,factor_abs_w0.200,152,0.09642337308519633,0.07710837295877232
exact_hidden_doy,exact2024,factor_abs_w0.225,152,0.10526692467230175,0.08518650725835077
exact_hidden_doy,exact2024,factor_abs_w0.250,152,0.11434849335413513,0.09372359691088203
exact_hidden_doy,exact2024,factor_abs_w0.275,152,0.12361563163417835,0.10248949987670077
exact_hidden_doy,exact2024,factor_abs_w0.300,152,0.1330295635782987,0.1113862584885115
exact_hidden_doy,exact2024,factor_abs_w0.325,152,0.14256121189477836,0.120359215562106
exact_hidden_doy,exact2024,factor_abs_w0.350,152,0.15218846026405136,0.12940767576857057
exact_hidden_doy,exact2024,factor_abs_w0.375,152,0.16189425464709095,0.13858743891610445
exact_hidden_doy,exact2024,factor_abs_w0.400,152,0.1716652728058039,0.14778797348504638
exact_hidden_doy,exact2024,factor_abs_w0.425,152,0.1814909805935396,0.15698850805398828
exact_hidden_doy,exact2024,factor_abs_w0.450,152,0.19136295392702735,0.166222171736605
exact_hidden_doy,exact2024,factor_abs_w0.475,152,0.20127438531544498,0.17548167196037742
exact_hidden_doy,exact2024,factor_abs_w0.500,152,0.21121972015439833,0.18474117218414976
exact_hidden_doy,exact2024,factor_z_w0.000,152,0.05115447818690075,0.035562735654354104
exact_hidden_doy,exact2024,factor_z_w0.025,152,0.05094636177710396,0.03525480241326727
exact_hidden_doy,exact2024,factor_z_w0.050,152,0.0508489306148624,0.03502986576256114
exact_hidden_doy,exact2024,factor_z_w0.075,152,0.05086282077931479,0.03487649220966692
exact_hidden_doy,exact2024,factor_z_w0.100,152,0.05098794129188174,0.03482610394652809
exact_hidden_doy,exact2024,factor_z_w0.125,152,0.051223477071965146,0.035022619342482866
exact_hidden_doy,exact2024,factor_z_w0.150,152,0.05156791518087554,0.03544722559216844
exact_hidden_doy,exact2024,factor_z_w0.175,152,0.05201909241291975,0.03596001734726413
exact_hidden_doy,exact2024,factor_z_w0.200,152,0.052574260826262424,0.0365867687761805
exact_hidden_doy,exact2024,factor_z_w0.225,152,0.05323016676654259,0.03725097930688619
exact_hidden_doy,exact2024,factor_z_w0.250,152,0.05398313841526885,0.037996198010505
exact_hidden_doy,exact2024,factor_z_w0.275,152,0.05482917689453572,0.03875628930113444
exact_hidden_doy,exact2024,factor_z_w0.300,152,0.055764046403615486,0.039552162407541946
exact_hidden_doy,exact2024,factor_z_w0.325,152,0.05678335962479631,0.040375501593227565
exact_hidden_doy,exact2024,factor_z_w0.350,152,0.05788265557017397,0.04123137459350512
exact_hidden_doy,exact2024,factor_z_w0.375,152,0.059057468012385275,0.04209787484445737
exact_hidden_doy,exact2024,factor_z_w0.400,152,0.06030338354366616,0.042984155901642895
exact_hidden_doy,exact2024,factor_z_w0.425,152,0.06161608906931028,0.043896657232878056
exact_hidden_doy,exact2024,factor_z_w0.450,152,0.06299140912999107,0.04491583944265943
exact_hidden_doy,exact2024,factor_z_w0.475,152,0.06442533385841899,0.045964035044970084
exact_hidden_doy,exact2024,factor_z_w0.500,152,0.06591403862575594,0.04702652639645869
exact_hidden_doy,exact2024,factor_robust_w0.000,152,0.05115447818690075,0.035562735654354104
exact_hidden_doy,exact2024,factor_robust_w0.025,152,0.05213302194994534,0.0361543640509818
exact_hidden_doy,exact2024,factor_robust_w0.050,152,0.05507287687807737,0.03868299070310797
exact_hidden_doy,exact2024,factor_robust_w0.075,152,0.05968492279091312,0.04315336639553896
exact_hidden_doy,exact2024,factor_robust_w0.100,152,0.06561750300355587,0.048779913932198195
exact_hidden_doy,exact2024,factor_robust_w0.125,152,0.07254737654265021,0.05503406165085269
exact_hidden_doy,exact2024,factor_robust_w0.150,152,0.08021649105361997,0.06215471422083765
exact_hidden_doy,exact2024,factor_robust_w0.175,152,0.08843272856598354,0.06984482658036761
exact_hidden_doy,exact2024,factor_robust_w0.200,152,0.0970572407254057,0.07783053782344491
exact_hidden_doy,exact2024,factor_robust_w0.225,152,0.1059904095839279,0.08602782433564503
exact_hidden_doy,exact2024,factor_robust_w0.250,152,0.11516042862564921,0.09459899025940217
exact_hidden_doy,exact2024,factor_robust_w0.275,152,0.12451497969984458,0.10342444972267656
exact_hidden_doy,exact2024,factor_robust_w0.300,152,0.13401542623518078,0.11241911419794004
exact_hidden_doy,exact2024,factor_robust_w0.325,152,0.14363282082893397,0.121502196403479
exact_hidden_doy,exact2024,factor_robust_w0.350,152,0.15334516105991455,0.1307298062467032
exact_hidden_doy,exact2024,factor_robust_w0.375,152,0.16313548992368465,0.14002626237989801
exact_hidden_doy,exact2024,factor_robust_w0.400,152,0.17299056672467755,0.14935057647850383
exact_hidden_doy,exact2024,factor_robust_w0.425,152,0.18289992545035286,0.15873142906862622
exact_hidden_doy,exact2024,factor_robust_w0.450,152,0.192855198879105,0.16813128133798308
exact_hidden_doy,exact2024,factor_robust_w0.475,152,0.20284962704079265,0.17753113360734005
exact_hidden_doy,exact2024,factor_robust_w0.500,152,0.21287769516183044,0.18693098587669688
exact_hidden_doy,exact2024,factor_peer_w0.000,152,0.05115447818690075,0.035562735654354104
exact_hidden_doy,exact2024,factor_peer_w0.025,152,0.05090326792976198,0.03538731018778504
exact_hidden_doy,exact2024,factor_peer_w0.050,152,0.0507545862775183,0.03529687081181303
exact_hidden_doy,exact2024,factor_peer_w0.075,152,0.05070933509121223,0.03524821531304161
exact_hidden_doy,exact2024,factor_peer_w0.100,152,0.05076779094565306,0.03526664143426727
exact_hidden_doy,exact2024,factor_peer_w0.125,152,0.05092959674421252,0.03545736847983108
exact_hidden_doy,exact2024,factor_peer_w0.150,152,0.05119377253604736,0.035903653051638486
exact_hidden_doy,exact2024,factor_peer_w0.175,152,0.051558744780443366,0.03642037550726336
exact_hidden_doy,exact2024,factor_peer_w0.200,152,0.05202239205491342,0.03701348767227255
exact_hidden_doy,exact2024,factor_peer_w0.225,152,0.05258210419727636,0.03767968527865285
exact_hidden_doy,exact2024,factor_peer_w0.250,152,0.053234851210736206,0.038369364125999054
exact_hidden_doy,exact2024,factor_peer_w0.275,152,0.05397725798855571,0.03916996120394058
exact_hidden_doy,exact2024,factor_peer_w0.300,152,0.0548056810140597,0.03999434869124685
exact_hidden_doy,exact2024,factor_peer_w0.325,152,0.055716283596310624,0.04086632728113988
exact_hidden_doy,exact2024,factor_peer_w0.350,152,0.05670510681651209,0.041766227839388395
exact_hidden_doy,exact2024,factor_peer_w0.375,152,0.05776813408166706,0.0426697757996219
exact_hidden_doy,exact2024,factor_peer_w0.400,152,0.05890134791667137,0.04360749705957497
exact_hidden_doy,exact2024,factor_peer_w0.425,152,0.0601007783014659,0.044581300840035365
exact_hidden_doy,exact2024,factor_peer_w0.450,152,0.061362542429409056,0.045562521025888286
exact_hidden_doy,exact2024,factor_peer_w0.475,152,0.06268287620457429,0.0466058272226153
exact_hidden_doy,exact2024,factor_peer_w0.500,152,0.0640581581070891,0.04769388000698584
random_private_like,random0,factor_abs_w0.000,2644,0.0734093265663058,0.0434699149392176
random_private_like,random0,factor_abs_w0.025,2644,0.0742383949118497,0.04501543850883834
random_private_like,random0,factor_abs_w0.050,2644,0.07663293230583237,0.048148335404032995
random_private_like,random0,factor_abs_w0.075,2644,0.0804532804242694,0.052515932725784864
random_private_like,random0,factor_abs_w0.100,2644,0.08550854536708764,0.05800730526887321
random_private_like,random0,factor_abs_w0.125,2644,0.09159448298395353,0.06445310674721644
random_private_like,random0,factor_abs_w0.150,2644,0.09852027343614884,0.07152693051057468
random_private_like,random0,factor_abs_w0.175,2644,0.10612161054800585,0.07912133882972533
random_private_like,random0,factor_abs_w0.200,2644,0.11426375258674565,0.08714213363039634
random_private_like,random0,factor_abs_w0.225,2644,0.12283920818550052,0.09547356892904178
random_private_like,random0,factor_abs_w0.250,2644,0.13176340145355145,0.10403748468413036
random_private_like,random0,factor_abs_w0.275,2644,0.14097011683371802,0.11283308620424415
random_private_like,random0,factor_abs_w0.300,2644,0.15040748219469585,0.1217819564199152
random_private_like,random0,factor_abs_w0.325,2644,0.16003469793365657,0.13086152093246495
random_private_like,random0,factor_abs_w0.350,2644,0.1698194787644191,0.14009167511761703
random_private_like,random0,factor_abs_w0.375,2644,0.1797360931350589,0.14941311579950142
random_private_like,random0,factor_abs_w0.400,2644,0.18976387423749405,0.15879365886680952
random_private_like,random0,factor_abs_w0.425,2644,0.1998860919081807,0.16822703953519477
random_private_like,random0,factor_abs_w0.450,2644,0.21008909656039068,0.17769146978496525
random_private_like,random0,factor_abs_w0.475,2644,0.2203616668827181,0.18717908219476007
random_private_like,random0,factor_abs_w0.500,2644,0.23069451001623803,0.19668802054139178
random_private_like,random0,factor_z_w0.000,2644,0.0734093265663058,0.0434699149392176
random_private_like,random0,factor_z_w0.025,2644,0.07341360203916471,0.04376099115304568
random_private_like,random0,factor_z_w0.050,2644,0.07358667014632665,0.04426604479945123
random_private_like,random0,factor_z_w0.075,2644,0.07392734543791513,0.044967972772947874
random_private_like,random0,factor_z_w0.100,2644,0.07443332657608749,0.04576702956093419
random_private_like,random0,factor_z_w0.125,2644,0.07510127248110562,0.046691353423455276
random_private_like,random0,factor_z_w0.150,2644,0.07592690875304464,0.04773023863105552
random_private_like,random0,factor_z_w0.175,2644,0.07690515677585072,0.04885161874626954
random_private_like,random0,factor_z_w0.200,2644,0.07803027698308077,0.05003749948809917
random_private_like,random0,factor_z_w0.225,2644,0.07929601777395598,0.05129391191799832
random_private_like,random0,factor_z_w0.250,2644,0.0806957623730757,0.05263482287201538
random_private_like,random0,factor_z_w0.275,2644,0.08222266729162567,0.054041432705367876
random_private_like,random0,factor_z_w0.300,2644,0.08386978770415457,0.05548400892318257
random_private_like,random0,factor_z_w0.325,2644,0.08563018675644506,0.05696542122529033
random_private_like,random0,factor_z_w0.350,2644,0.0874970273767085,0.05850165339144514
random_private_like,random0,factor_z_w0.375,2644,0.08946364645480537,0.060077186408755166
random_private_like,random0,factor_z_w0.400,2644,0.09152361223003305,0.06168364569028346
random_private_like,random0,factor_z_w0.425,2644,0.09367076638786309,0.06332219377498338
random_private_like,random0,factor_z_w0.450,2644,0.09589925274557096,0.06498707794801781
random_private_like,random0,factor_z_w0.475,2644,0.09820353455981762,0.06668905749261715
random_private_like,random0,factor_z_w0.500,2644,0.10057840247457107,0.06841955721969024
random_private_like,random0,factor_robust_w0.000,2644,0.0734093265663058,0.0434699149392176
random_private_like,random0,factor_robust_w0.025,2644,0.07423693083453223,0.045007357963417205
random_private_like,random0,factor_robust_w0.050,2644,0.0766243985843709,0.04813327501164575
random_private_like,random0,factor_robust_w0.075,2644,0.08043294662621023,0.0525036247119522
random_private_like,random0,factor_robust_w0.100,2644,0.0854728216066713,0.05796809063461931
random_private_like,random0,factor_robust_w0.125,2644,0.09154087310982871,0.06438265320821547
random_private_like,random0,factor_robust_w0.150,2644,0.09844716121801833,0.07146464765283071
random_private_like,random0,factor_robust_w0.175,2644,0.10602801299626459,0.07905497470235344
random_private_like,random0,factor_robust_w0.200,2644,0.1141491104383141,0.08708544009795081
random_private_like,random0,factor_robust_w0.225,2644,0.12270323212390799,0.09544966331697516
random_private_like,random0,factor_robust_w0.250,2644,0.13160596802319297,0.10403305271558076
random_private_like,random0,factor_robust_w0.275,2644,0.14079120125513014,0.11283248359519195
random_private_like,random0,factor_robust_w0.300,2644,0.15020711623713526,0.12179820519992007
random_private_like,random0,factor_robust_w0.325,2644,0.1598129440050548,0.13090934886856237
random_private_like,random0,factor_robust_w0.350,2644,0.16957641422297545,0.1401550881912924
random_private_like,random0,factor_robust_w0.375,2644,0.1794718009486569,0.14950376440830565
random_private_like,random0,factor_robust_w0.400,2644,0.18947843755071267,0.15891443596728136
random_private_like,random0,factor_robust_w0.425,2644,0.1995795909992732,0.168376674503441
random_private_like,random0,factor_robust_w0.450,2644,0.2097616072499632,0.17787303430411527
random_private_like,random0,factor_robust_w0.475,2644,0.2200132598154287,0.18738278935851232
random_private_like,random0,factor_robust_w0.500,2644,0.23032525045901425,0.19690773016965832
random_private_like,random0,factor_peer_w0.000,2644,0.0734093265663058,0.0434699149392176
random_private_like,random0,factor_peer_w0.025,2644,0.07345228568660023,0.04380086868818729
random_private_like,random0,factor_peer_w0.050,2644,0.07366111402853458,0.04435987014104729
random_private_like,random0,factor_peer_w0.075,2644,0.07403440800691954,0.04509303912806401
random_private_like,random0,factor_peer_w0.100,2644,0.0745696977304905,0.04596529178980051
random_private_like,random0,factor_peer_w0.125,2644,0.07526352683717283,0.04693866274101865
random_private_like,random0,factor_peer_w0.150,2644,0.07611155973959788,0.04803121456993296
random_private_like,random0,factor_peer_w0.175,2644,0.07710870885762738,0.049209356363913194
random_private_like,random0,factor_peer_w0.200,2644,0.0782492737286279,0.050492230626623294
random_private_like,random0,factor_peer_w0.225,2644,0.07952708405377729,0.05185096517928013
random_private_like,random0,factor_peer_w0.250,2644,0.0809356396083135,0.053283000124027646
random_private_like,random0,factor_peer_w0.275,2644,0.08246824128831948,0.054769586913394126
random_private_like,random0,factor_peer_w0.300,2644,0.08411810913971841,0.05630678134116175
random_private_like,random0,factor_peer_w0.325,2644,0.08587848479663639,0.0579013489559527
random_private_like,random0,factor_peer_w0.350,2644,0.08774271718132542,0.05954405551056492
random_private_like,random0,factor_peer_w0.375,2644,0.08970433148644183,0.06122261214970557
random_private_like,random0,factor_peer_w0.400,2644,0.0917570823324731,0.06293490476971099
random_private_like,random0,factor_peer_w0.425,2644,0.09389499257456961,0.06466765386894348
random_private_like,random0,factor_peer_w0.450,2644,0.09611237955986804,0.06641516967232543
random_private_like,random0,factor_peer_w0.475,2644,0.09840387075930107,0.06818537702279269
random_private_like,random0,factor_peer_w0.500,2644,0.10076441067082037,0.06998209954017742
random_private_like,random1,factor_abs_w0.000,2644,0.06654105909924508,0.04336477478155467
random_private_like,random1,factor_abs_w0.025,2644,0.06723469023937086,0.044755130602597955
random_private_like,random1,factor_abs_w0.050,2644,0.06966840963828493,0.04784575644537838
random_private_like,random1,factor_abs_w0.075,2644,0.07366996495099194,0.05224888765111563
random_private_like,random1,factor_abs_w0.100,2644,0.07900147387638848,0.05772023497585341
random_private_like,random1,factor_abs_w0.125,2644,0.0854142535986342,0.06396121004355965
random_private_like,random1,factor_abs_w0.150,2644,0.09268413707528757,0.07093530167641478
random_private_like,random1,factor_abs_w0.175,2644,0.10062552617193307,0.0783600493741617
random_private_like,random1,factor_abs_w0.200,2644,0.10909187171267559,0.08614502589158257
random_private_like,random1,factor_abs_w0.225,2644,0.11797020443561228,0.09433584195588873
random_private_like,random1,factor_abs_w0.250,2644,0.12717426822983585,0.10280395910592761
random_private_like,random1,factor_abs_w0.275,2644,0.1366382544144103,0.11146587255732884
random_private_like,random1,factor_abs_w0.300,2644,0.14631173344420734,0.12029079331997886
random_private_like,random1,factor_abs_w0.325,2644,0.15615577742078338,0.129238887534824
random_private_like,random1,factor_abs_w0.350,2644,0.16614007043678086,0.13829301431921195
random_private_like,random1,factor_abs_w0.375,2644,0.17624077817575748,0.14742172536714124
random_private_like,random1,factor_abs_w0.400,2644,0.1864389805906034,0.15663645101925733
random_private_like,random1,factor_abs_w0.425,2644,0.19671951550301014,0.16588734970194452
random_private_like,random1,factor_abs_w0.450,2644,0.20707012044286704,0.17519597318150393
random_private_like,random1,factor_abs_w0.475,2644,0.21748079107157195,0.18454415371229838
random_private_like,random1,factor_abs_w0.500,2644,0.22794329754221493,0.19395144805347017
random_private_like,random1,factor_z_w0.000,2644,0.06654105909924508,0.04336477478155467
random_private_like,random1,factor_z_w0.025,2644,0.06661694947392931,0.043694677405749525
random_private_like,random1,factor_z_w0.050,2644,0.06688692617576003,0.04421234983845098
random_private_like,random1,factor_z_w0.075,2644,0.06734865517690605,0.04488187851330231
random_private_like,random1,factor_z_w0.100,2644,0.0679982304174213,0.045658861755527864
random_private_like,random1,factor_z_w0.125,2644,0.06883033379644722,0.046567490862428555
random_private_like,random1,factor_z_w0.150,2644,0.06983844132014023,0.047616801309148755
random_private_like,random1,factor_z_w0.175,2644,0.07101505788485775,0.048781073120253184
random_private_like,random1,factor_z_w0.200,2644,0.07235196287330029,0.050015084581924066
random_private_like,random1,factor_z_w0.225,2644,0.07384045057904137,0.05129611878400918
random_private_like,random1,factor_z_w0.250,2644,0.07547155276446207,0.05264366326979712
random_private_like,random1,factor_z_w0.275,2644,0.07723623460856188,0.05406754457948448
random_private_like,random1,factor_z_w0.300,2644,0.07912555921575117,0.05557133215471373
random_private_like,random1,factor_z_w0.325,2644,0.08113081924132515,0.05713836993449907
random_private_like,random1,factor_z_w0.350,2644,0.08324363678503305,0.058783901630683484
random_private_like,random1,factor_z_w0.375,2644,0.08545603445336755,0.06046380971178782
random_private_like,random1,factor_z_w0.400,2644,0.08776048147462771,0.06218344887058148
random_private_like,random1,factor_z_w0.425,2644,0.09014991912191886,0.06393407889176864
random_private_like,random1,factor_z_w0.450,2644,0.09261776963188675,0.06571970680223507
random_private_like,random1,factor_z_w0.475,2644,0.09515793246150678,0.0675405573578711
random_private_like,random1,factor_z_w0.500,2644,0.09776477123166002,0.06938805706530914
random_private_like,random1,factor_robust_w0.000,2644,0.06654105909924508,0.04336477478155467
random_private_like,random1,factor_robust_w0.025,2644,0.06725142656890272,0.044768129311351594
random_private_like,random1,factor_robust_w0.050,2644,0.06969322881033568,0.047840601758410206
random_private_like,random1,factor_robust_w0.075,2644,0.07369455777342783,0.05223542334006174
random_private_like,random1,factor_robust_w0.100,2644,0.07901885525484655,0.057691562297228126
random_private_like,random1,factor_robust_w0.125,2644,0.08541909074150632,0.06390408691301826
random_private_like,random1,factor_robust_w0.150,2644,0.09267260963941283,0.07087093221972936
random_private_like,random1,factor_robust_w0.175,2644,0.10059500001792486,0.07830955543268157
random_private_like,random1,factor_robust_w0.200,2644,0.10904056775708573,0.08610639692645676
random_private_like,random1,factor_robust_w0.225,2644,0.1178969327078653,0.09430467642846094
random_private_like,random1,factor_robust_w0.250,2644,0.12707823576054336,0.10280231924231678
random_private_like,random1,factor_robust_w0.275,2644,0.1365189334966237,0.11150391055363362
random_private_like,random1,factor_robust_w0.300,2644,0.14616877347454513,0.12035592339462307
random_private_like,random1,factor_robust_w0.325,2644,0.15598894644174058,0.12933211945423795
random_private_like,random1,factor_robust_w0.350,2644,0.1659492163943824,0.13841351534678567
random_private_like,random1,factor_robust_w0.375,2644,0.1760258031334295,0.14757807765888087
random_private_like,random1,factor_robust_w0.400,2644,0.18619982344938518,0.15683938537027012
random_private_like,random1,factor_robust_w0.425,2644,0.19645614032997177,0.16614779463361742
random_private_like,random1,factor_robust_w0.450,2644,0.2067825085230153,0.1755140240506097
random_private_like,random1,factor_robust_w0.475,2644,0.21716893545290097,0.18491667923589186
random_private_like,random1,factor_robust_w0.500,2644,0.22760719926525966,0.1943700341130721
random_private_like,random1,factor_peer_w0.000,2644,0.06654105909924508,0.04336477478155467
random_private_like,random1,factor_peer_w0.025,2644,0.06667316965733397,0.04372922199210922
random_private_like,random1,factor_peer_w0.050,2644,0.06698731904277132,0.04430806054992488
random_private_like,random1,factor_peer_w0.075,2644,0.06748096492490611,0.04504648641838068
random_private_like,random1,factor_peer_w0.100,2644,0.06815020686785014,0.04588913192058192
random_private_like,random1,factor_peer_w0.125,2644,0.06898993491329813,0.046846514473993135
random_private_like,random1,factor_peer_w0.150,2644,0.06999401329276268,0.04793402920571418
random_private_like,random1,factor_peer_w0.175,2644,0.07115548488057508,0.04912357248754943
random_private_like,random1,factor_peer_w0.200,2644,0.07246678214622228,0.05039210917541571
random_private_like,random1,factor_peer_w0.225,2644,0.07391993205450284,0.05172848630230048
random_private_like,random1,factor_peer_w0.250,2644,0.07550674505984598,0.053128602017194215
random_private_like,random1,factor_peer_w0.275,2644,0.07721898146439654,0.05460149634602914
random_private_like,random1,factor_peer_w0.300,2644,0.07904849145645373,0.05617440472909526
random_private_like,random1,factor_peer_w0.325,2644,0.08098732776773936,0.0578088469176158
random_private_like,random1,factor_peer_w0.350,2644,0.08302783190384679,0.059485073186147965
random_private_like,random1,factor_peer_w0.375,2644,0.0851626962738006,0.06120269826406543
random_private_like,random1,factor_peer_w0.400,2644,0.08738500533197768,0.06296445860631676
random_private_like,random1,factor_peer_w0.425,2644,0.08968825916134124,0.06475638005335456
random_private_like,random1,factor_peer_w0.450,2644,0.09206638289946026,0.06658610259799086
random_private_like,random1,factor_peer_w0.475,2644,0.0945137251581173,0.06844493250518513
random_private_like,random1,factor_peer_w0.500,2644,0.09702504821237774,0.07032449913739568
random_private_like,random2,factor_abs_w0.000,2644,0.06821208638790288,0.04083501769879138
random_private_like,random2,factor_abs_w0.025,2644,0.06938351290111464,0.042645156567216284
random_private_like,random2,factor_abs_w0.050,2644,0.07223451946791715,0.0461030211073471
random_private_like,random2,factor_abs_w0.075,2644,0.07657774187174758,0.05096216393777948
random_private_like,random2,factor_abs_w0.100,2644,0.08217691953793628,0.05687205739773003
random_private_like,random2,factor_abs_w0.125,2644,0.08879477724768642,0.0636700264533472
random_private_like,random2,factor_abs_w0.150,2644,0.09622135748024652,0.07110826663764787
random_private_like,random2,factor_abs_w0.175,2644,0.10428402375901057,0.07897929555190161
random_private_like,random2,factor_abs_w0.200,2644,0.11284651698015186,0.08717115843672428
random_private_like,random2,factor_abs_w0.225,2644,0.1218034727948546,0.09568130687617327
random_private_like,random2,factor_abs_w0.250,2644,0.1310740492331545,0.10440417954571908
random_private_like,random2,factor_abs_w0.275,2644,0.14059622180918402,0.11328436612041395
random_private_like,random2,factor_abs_w0.300,2644,0.15032218598334876,0.12231131907852591
random_private_like,random2,factor_abs_w0.325,2644,0.1602148320779354,0.13143130832029723
random_private_like,random2,factor_abs_w0.350,2644,0.17024510578534396,0.1406720390033809
random_private_like,random2,factor_abs_w0.375,2644,0.18039005093717944,0.14998482365436144
random_private_like,random2,factor_abs_w0.400,2644,0.1906313607923072,0.15936843448014773
random_private_like,random2,factor_abs_w0.425,2644,0.20095430267871534,0.1688109206619215
random_private_like,random2,factor_abs_w0.450,2644,0.21134691533070457,0.17829219622776424
random_private_like,random2,factor_abs_w0.475,2644,0.22179940550342475,0.18779064300467352
random_private_like,random2,factor_abs_w0.500,2644,0.23230369078147384,0.19732409542697937
random_private_like,random2,factor_z_w0.000,2644,0.06821208638790288,0.04083501769879138
random_private_like,random2,factor_z_w0.025,2644,0.06825191119377816,0.041090201321677663
random_private_like,random2,factor_z_w0.050,2644,0.0684944221754527,0.04158778423135287
random_private_like,random2,factor_z_w0.075,2644,0.0689374803138904,0.042305522386797176
random_private_like,random2,factor_z_w0.100,2644,0.0695772545465831,0.04313515911721602
random_private_like,random2,factor_z_w0.125,2644,0.07040838262440861,0.04410250254714354
random_private_like,random2,factor_z_w0.150,2644,0.07142418478823083,0.045189155453015446
random_private_like,random2,factor_z_w0.175,2644,0.07261691150740766,0.04637598684670235
random_private_like,random2,factor_z_w0.200,2644,0.07397800576130124,0.04763794843655739
random_private_like,random2,factor_z_w0.225,2644,0.07549836204379987,0.04898016284220696
random_private_like,random2,factor_z_w0.250,2644,0.07716856770413295,0.05040960775425958
random_private_like,random2,factor_z_w0.275,2644,0.07897911652488356,0.05189308385555711
random_private_like,random2,factor_z_w0.300,2644,0.08092058877645437,0.05341311692744999
random_private_like,random2,factor_z_w0.325,2644,0.08298379579254038,0.05499352096538342
random_private_like,random2,factor_z_w0.350,2644,0.08515989006381566,0.05663385323950986
random_private_like,random2,factor_z_w0.375,2644,0.08744044386070672,0.05832039252026379
random_private_like,random2,factor_z_w0.400,2644,0.08981750054842738,0.060040979182042785
random_private_like,random2,factor_z_w0.425,2644,0.09228360321481394,0.06179573906596645
random_private_like,random2,factor_z_w0.450,2644,0.09483180518784187,0.06359100551102773
random_private_like,random2,factor_z_w0.475,2644,0.09745566665614414,0.06543421473232439
random_private_like,random2,factor_z_w0.500,2644,0.10014924107019126,0.06731276452151104
random_private_like,random2,factor_robust_w0.000,2644,0.06821208638790288,0.04083501769879138
random_private_like,random2,factor_robust_w0.025,2644,0.06939524200160208,0.04264886297604135
random_private_like,random2,factor_robust_w0.050,2644,0.07224765677436433,0.04612255252401971
random_private_like,random2,factor_robust_w0.075,2644,0.07658303741800157,0.05095856367459458
random_private_like,random2,factor_robust_w0.100,2644,0.08216698086703045,0.05686952867540913
random_private_like,random2,factor_robust_w0.125,2644,0.08876416666253399,0.0636338722021835
random_private_like,random2,factor_robust_w0.150,2644,0.09616628949710246,0.07107890089097384
random_private_like,random2,factor_robust_w0.175,2644,0.10420195104623602,0.07895721712212127
random_private_like,random2,factor_robust_w0.200,2644,0.11273575910907352,0.08717797581965524
random_private_like,random2,factor_robust_w0.225,2644,0.12166293427256793,0.09571177289984906
random_private_like,random2,factor_robust_w0.250,2644,0.1309030220567064,0.10443042303627406
random_private_like,random2,factor_robust_w0.275,2644,0.14039425274989423,0.11331895379153283
random_private_like,random2,factor_robust_w0.300,2644,0.15008898907208032,0.12235547723808668
random_private_like,random2,factor_robust_w0.325,2644,0.15995023129089916,0.13150666321113094
random_private_like,random2,factor_robust_w0.350,2644,0.16994899750572376,0.14077530308463276
random_private_like,random2,factor_robust_w0.375,2644,0.18006237927519472,0.150142245035946
random_private_like,random2,factor_robust_w0.400,2644,0.19027210126853308,0.15957676930006684
random_private_like,random2,factor_robust_w0.425,2644,0.2005634513711234,0.16906708001578682
random_private_like,random2,factor_robust_w0.450,2644,0.21092448161488103,0.1785944988625555
random_private_like,random2,factor_robust_w0.475,2644,0.22134540717388035,0.1881277454187364
random_private_like,random2,factor_robust_w0.500,2644,0.23181815076324516,0.19768200327617083
random_private_like,random2,factor_peer_w0.000,2644,0.06821208638790288,0.04083501769879138
random_private_like,random2,factor_peer_w0.025,2644,0.06826062266588045,0.041151897160176545
random_private_like,random2,factor_peer_w0.050,2644,0.06849414215591854,0.041679576492529055
random_private_like,random2,factor_peer_w0.075,2644,0.06891076431309631,0.04243578669916293
random_private_like,random2,factor_peer_w0.100,2644,0.06950719669468418,0.04332012202308471
random_private_like,random2,factor_peer_w0.125,2644,0.07027886148829102,0.04434626133066311
random_private_like,random2,factor_peer_w0.150,2644,0.0712200630259883,0.0454849186077618
random_private_like,random2,factor_peer_w0.175,2644,0.07232418273551089,0.046719845443683655
random_private_like,random2,factor_peer_w0.200,2644,0.07358388726407342,0.04802601772302706
random_private_like,random2,factor_peer_w0.225,2644,0.0749913364797737,0.04939321389074859
random_private_like,random2,factor_peer_w0.250,2644,0.07653838027259187,0.050843621939503994
random_private_like,random2,factor_peer_w0.275,2644,0.07821673598456788,0.05236344029838074
random_private_like,random2,factor_peer_w0.300,2644,0.08001814136185484,0.05392028336959133
random_private_like,random2,factor_peer_w0.325,2644,0.08193448072411542,0.055541340801672785
random_private_like,random2,factor_peer_w0.350,2644,0.08395788433288191,0.05720533827359944
random_private_like,random2,factor_peer_w0.375,2644,0.08608080260647658,0.05892032209850448
random_private_like,random2,factor_peer_w0.400,2644,0.08829605788876002,0.060668197631042954
random_private_like,random2,factor_peer_w0.425,2644,0.09059687701909935,0.062444072051243804
random_private_like,random2,factor_peer_w0.450,2644,0.092976908090831,0.06425365636638702
random_private_like,random2,factor_peer_w0.475,2644,0.09543022464736386,0.06610545357008016
random_private_like,random2,factor_peer_w0.500,2644,0.09795132025634112,0.06799572897398361
