anon_polygon_id,date,primary_ndvi_pred
AOI-0001,2010-08-29,0.211373097
AOI-0001,2010-10-25,0.172304567
AOI-0001,2011-06-13,0.659521673
AOI-0001,2011-09-18,0.253429087
AOI-0001,2011-09-26,0.251773861
AOI-0001,2011-09-30,0.402966609
AOI-0001,2012-05-24,0.718457012
AOI-0001,2012-07-09,0.252000218
AOI-0001,2012-07-11,0.338893464
AOI-0001,2012-08-10,0.197968459
AOI-0001,2012-08-12,0.287395485
AOI-0001,2012-10-15,0.340429458
AOI-0001,2013-05-01,0.820030025
AOI-0001,2013-07-12,0.300611398
AOI-0001,2013-09-30,0.522121541
AOI-0001,2014-04-18,0.242243594
AOI-0001,2014-05-25,0.655996250
AOI-0001,2014-06-26,0.783711943
AOI-0001,2014-07-15,0.742835876
AOI-0001,2014-07-28,0.613091461
AOI-0001,2014-08-09,0.442955959
AOI-0001,2014-08-13,0.413296502
AOI-0001,2014-10-03,0.196237776
AOI-0001,2014-10-16,0.322725438
AOI-0001,2015-04-13,0.416898352
AOI-0001,2015-08-11,0.221642976
AOI-0001,2015-08-12,0.203859736
AOI-0001,2015-08-27,0.212378078
AOI-0001,2015-09-20,0.183131325
AOI-0001,2015-09-28,0.201161552
AOI-0001,2016-06-27,0.277394046
AOI-0001,2016-07-04,0.289107088
AOI-0001,2016-07-20,0.284056807
AOI-0001,2016-07-27,0.360842218
AOI-0001,2016-08-29,0.303115148
AOI-0001,2016-08-30,0.272575861
AOI-0001,2016-09-15,0.307348652
AOI-0001,2016-09-29,0.594934547
AOI-0001,2017-05-12,0.745031835
AOI-0001,2017-06-29,0.524730426
AOI-0001,2017-07-12,0.470363978
AOI-0001,2017-08-09,0.296906921
AOI-0001,2017-08-29,0.244593049
AOI-0001,2017-09-08,0.199473421
AOI-0001,2017-09-14,0.303500468
AOI-0001,2018-04-05,0.503710752
AOI-0001,2018-04-23,0.801513064
AOI-0001,2018-05-01,0.798838167
AOI-0001,2018-06-08,0.625334447
AOI-0001,2018-07-12,0.321701295
AOI-0001,2018-09-28,0.168892765
AOI-0001,2018-10-13,0.177830325
AOI-0001,2019-05-11,0.507704434
AOI-0001,2019-05-31,0.717174079
AOI-0001,2019-06-04,0.712487563
AOI-0001,2019-06-05,0.702624334
AOI-0001,2019-06-25,0.356074296
AOI-0001,2019-07-12,0.468775300
AOI-0001,2019-07-22,0.344214496
AOI-0001,2019-07-29,0.454358374
AOI-0001,2019-08-30,0.273800049
AOI-0001,2019-09-07,0.277700361
AOI-0001,2019-09-08,0.237016095
AOI-0001,2019-09-18,0.097668532
AOI-0001,2020-04-03,0.545807774
AOI-0001,2020-04-26,0.677720028
AOI-0001,2020-05-30,0.816791071
AOI-0001,2020-06-09,0.785223796
AOI-0001,2020-07-14,0.172996200
AOI-0001,2020-07-23,0.228034138
AOI-0001,2020-07-27,0.299875685
AOI-0001,2020-08-08,0.186922381
AOI-0001,2020-09-01,0.306234185
AOI-0001,2020-09-02,0.288116545
AOI-0001,2020-09-12,0.233980728
AOI-0001,2020-09-22,0.216874780
AOI-0001,2020-09-29,0.266555576
AOI-0001,2020-10-11,0.202713906
AOI-0001,2020-10-12,0.146369419
AOI-0001,2020-10-19,0.168686333
AOI-0001,2021-05-15,0.472075029
AOI-0001,2021-05-20,0.459654870
AOI-0001,2021-06-10,0.602905240
AOI-0001,2021-07-02,0.607619221
AOI-0001,2021-07-24,0.650869601
AOI-0001,2021-09-17,0.233948715
AOI-0001,2022-04-25,0.609987196
AOI-0001,2022-06-03,0.790855833
AOI-0001,2022-09-02,0.229030143
AOI-0001,2022-09-30,0.290515324
AOI-0001,2022-10-01,0.255510676
AOI-0001,2022-10-17,0.220136528
AOI-0001,2023-05-25,0.822236996
AOI-0001,2023-06-23,0.781301198
AOI-0001,2023-07-15,0.273249110
AOI-0001,2023-07-29,0.198062977
AOI-0001,2023-08-03,0.184462649
AOI-0001,2023-08-08,0.212549456
AOI-0001,2023-08-13,0.242107691
AOI-0001,2023-08-17,0.268812205
AOI-0001,2023-08-28,0.216991951
AOI-0001,2023-08-29,0.321846373
AOI-0001,2023-09-12,0.229865342
AOI-0001,2024-04-06,0.677551763
AOI-0001,2024-05-24,0.772859658
AOI-0001,2024-06-01,0.748233488
AOI-0001,2024-06-03,0.711806250
AOI-0001,2024-06-09,0.567715533
AOI-0001,2024-06-13,0.501155098
AOI-0001,2024-06-17,0.507163420
AOI-0001,2024-06-23,0.358436369
AOI-0001,2024-06-25,0.377097551
AOI-0001,2024-07-03,0.284216121
AOI-0001,2024-09-11,0.154373501
AOI-0001,2024-09-13,0.182603865
AOI-0001,2024-09-16,0.158993178
AOI-0001,2024-09-29,0.208973996
AOI-0001,2025-04-23,0.531270962
AOI-0001,2025-05-03,0.378136500
AOI-0001,2025-06-03,0.442922115
AOI-0001,2025-06-27,0.667962324
AOI-0001,2025-07-05,0.598248478
AOI-0001,2025-07-12,0.490168057
AOI-0001,2025-07-13,0.484672314
AOI-0001,2025-07-23,0.393026565
AOI-0001,2025-07-28,0.369904414
AOI-0001,2025-07-29,0.402096322
AOI-0001,2025-08-02,0.288838534
AOI-0001,2025-10-28,0.239959089
AOI-0002,2025-05-03,0.848162839
AOI-0002,2025-06-03,0.582311210
AOI-0002,2025-06-26,0.427602665
AOI-0002,2025-07-29,0.261462492
AOI-0002,2025-08-02,0.158894865
AOI-0002,2025-08-13,0.273594355
AOI-0002,2025-08-19,0.155998413
AOI-0003,2025-04-01,0.553175981
AOI-0003,2025-04-18,0.824672526
AOI-0003,2025-04-19,0.849131783
AOI-0003,2025-05-06,0.828589950
AOI-0003,2025-06-04,0.759811795
AOI-0003,2025-06-13,0.565904703
AOI-0003,2025-07-07,0.170117031
AOI-0003,2025-07-13,0.171758132
AOI-0003,2025-07-15,0.162581110
AOI-0003,2025-08-04,0.132478813
AOI-0003,2025-08-07,0.184083349
AOI-0003,2025-08-14,0.211067281
AOI-0003,2025-08-22,0.157843806
AOI-0003,2025-08-23,0.215304099
AOI-0004,2025-04-23,0.679351082
AOI-0004,2025-05-04,0.635622778
AOI-0004,2025-05-24,0.669267234
AOI-0004,2025-05-25,0.701988867
AOI-0004,2025-06-30,0.592895414
AOI-0004,2025-07-12,0.491461938
AOI-0004,2025-07-23,0.465341270
AOI-0004,2025-08-02,0.397767813
AOI-0004,2025-09-14,0.388408180
AOI-0004,2025-09-23,0.359518767
AOI-0005,2025-05-01,0.667516281
AOI-0005,2025-05-03,0.669041585
AOI-0005,2025-05-14,0.564667688
AOI-0005,2025-06-11,0.612899304
AOI-0005,2025-07-21,0.418967907
AOI-0005,2025-08-17,0.316237111
AOI-0005,2025-09-01,0.244888864
AOI-0006,2025-04-01,0.189647698
AOI-0006,2025-05-09,0.385011780
AOI-0006,2025-05-25,0.578202624
AOI-0006,2025-07-28,0.411891873
AOI-0006,2025-08-09,0.299892855
AOI-0006,2025-08-22,0.257982733
AOI-0006,2025-08-30,0.254005883
AOI-0006,2025-09-07,0.235171064
AOI-0006,2025-10-28,0.245240949
AOI-0007,2025-04-01,0.230173755
AOI-0007,2025-04-18,0.278567212
AOI-0007,2025-04-29,0.413943580
AOI-0007,2025-05-01,0.424124143
AOI-0007,2025-06-26,0.334400621
AOI-0007,2025-07-28,0.150080450
AOI-0007,2025-08-13,0.240922832
AOI-0007,2025-08-14,0.154781517
AOI-0007,2025-08-16,0.149230019
AOI-0007,2025-09-11,0.155842647
AOI-0007,2025-09-26,0.173138849
AOI-0008,2025-04-17,0.827626937
AOI-0008,2025-04-24,0.853882865
AOI-0008,2025-05-19,0.876902683
AOI-0008,2025-07-08,0.194223447
AOI-0008,2025-07-15,0.176334074
AOI-0008,2025-07-17,0.173295925
AOI-0008,2025-08-13,0.244885022
AOI-0008,2025-09-01,0.134635061
AOI-0008,2025-09-30,0.262662867
AOI-0008,2025-10-16,0.222008844
AOI-0009,2025-04-01,0.452108383
AOI-0009,2025-04-23,0.817337854
AOI-0009,2025-05-04,0.862312562
AOI-0009,2025-06-30,0.189512638
AOI-0009,2025-07-05,0.189955454
AOI-0009,2025-07-10,0.158333619
AOI-0009,2025-07-25,0.157586688
AOI-0009,2025-08-12,0.156306268
AOI-0009,2025-08-17,0.167985521
AOI-0009,2025-08-22,0.158572555
AOI-0009,2025-08-24,0.144649201
AOI-0009,2025-09-14,0.244657801
AOI-0009,2025-09-16,0.182914835
AOI-0009,2025-09-25,0.157935040
AOI-0009,2025-10-03,0.157438536
AOI-0010,2010-06-19,0.353094514
AOI-0010,2010-08-06,0.216232202
AOI-0010,2010-08-22,0.196073876
AOI-0010,2011-06-14,0.513756042
AOI-0010,2011-07-12,0.379348340
AOI-0010,2011-08-09,0.247980730
AOI-0010,2011-08-13,0.317981478
AOI-0010,2011-09-10,0.203024632
AOI-0010,2012-04-13,0.244774410
AOI-0010,2012-08-03,0.209274095
AOI-0010,2013-04-16,0.680283652
AOI-0010,2013-05-25,0.643396735
AOI-0010,2013-06-26,0.314109770
AOI-0010,2013-07-12,0.294821945
AOI-0010,2014-05-29,0.643704962
AOI-0010,2014-06-06,0.509187985
AOI-0010,2014-06-10,0.388808812
AOI-0010,2014-08-29,0.256310166
AOI-0010,2014-09-30,0.254701119
AOI-0010,2015-04-07,0.319082646
AOI-0010,2015-04-14,0.220203962
AOI-0010,2015-05-25,0.396788917
AOI-0010,2015-10-07,0.205945942
AOI-0010,2016-07-27,0.326281030
AOI-0010,2016-08-12,0.316592267
AOI-0010,2016-09-13,0.276679149
AOI-0010,2017-04-03,0.347379976
AOI-0010,2017-04-07,0.537344034
AOI-0010,2017-08-01,0.153614890
AOI-0010,2017-08-04,0.143255991
AOI-0010,2017-08-13,0.250502024
AOI-0010,2017-08-29,0.197659491
AOI-0010,2018-05-16,0.809887777
AOI-0010,2018-07-28,0.256778871
AOI-0010,2018-08-28,0.178346872
AOI-0010,2018-09-14,0.242161979
AOI-0010,2019-04-06,0.418707183
AOI-0010,2019-04-28,0.708573403
AOI-0010,2019-05-19,0.837586732
AOI-0010,2019-06-20,0.209456892
AOI-0010,2019-06-26,0.264608955
AOI-0010,2019-06-27,0.157134960
AOI-0010,2019-07-20,0.176307382
AOI-0010,2019-08-13,0.306048435
AOI-0010,2019-08-19,0.164335984
AOI-0010,2019-08-21,0.177767445
AOI-0010,2019-09-23,0.103550851
AOI-0010,2020-06-06,0.332901328
AOI-0010,2020-06-09,0.333587515
AOI-0010,2020-07-16,0.143414008
AOI-0010,2020-07-19,0.139680618
AOI-0010,2020-07-26,0.145385600
AOI-0010,2020-07-31,0.154334129
AOI-0010,2020-09-09,0.170785553
AOI-0010,2020-09-13,0.256102738
AOI-0010,2020-09-19,0.122758723
AOI-0010,2020-09-27,0.148671098
AOI-0010,2021-05-05,0.328050243
AOI-0010,2021-05-09,0.522168644
AOI-0010,2021-07-28,0.322424147
AOI-0010,2021-08-05,0.234574015
AOI-0010,2021-09-04,0.318064678
AOI-0010,2021-09-17,0.338996394
AOI-0010,2021-10-27,0.363859416
AOI-0010,2022-06-06,0.713614724
AOI-0010,2022-06-10,0.633788369
AOI-0010,2022-06-11,0.660025696
AOI-0010,2022-07-17,0.305732168
AOI-0010,2022-07-28,0.365473402
AOI-0010,2022-09-08,0.295228370
AOI-0010,2023-04-02,0.504456106
AOI-0010,2023-04-27,0.672665668
AOI-0010,2023-06-08,0.727799410
AOI-0010,2023-06-16,0.607069046
AOI-0010,2023-08-23,0.241253712
AOI-0010,2023-08-30,0.252549187
AOI-0010,2023-09-19,0.264058870
AOI-0010,2024-04-04,0.591255461
AOI-0010,2024-04-26,0.678507976
AOI-0010,2024-05-08,0.759084357
AOI-0010,2024-05-21,0.726496373
AOI-0010,2024-06-18,0.250470467
AOI-0010,2024-06-20,0.231953704
AOI-0010,2024-07-08,0.175305840
AOI-0010,2024-07-15,0.176602836
AOI-0010,2024-08-12,0.215062964
AOI-0010,2024-09-06,0.202520122
AOI-0010,2024-09-28,0.202980839
AOI-0010,2024-10-01,0.188392068
AOI-0010,2024-10-15,0.261614388
AOI-0010,2024-10-23,0.220360744
AOI-0010,2025-04-16,0.385129293
AOI-0010,2025-04-18,0.425714006
AOI-0010,2025-05-09,0.766193709
AOI-0010,2025-06-05,0.498933584
AOI-0010,2025-06-07,0.444596479
AOI-0010,2025-06-28,0.197151639
AOI-0010,2025-07-05,0.188588612
AOI-0010,2025-07-06,0.257233527
AOI-0010,2025-07-07,0.179742099
AOI-0010,2025-07-25,0.155371333
AOI-0010,2025-07-30,0.161951984
AOI-0010,2025-08-16,0.177998795
AOI-0010,2025-08-27,0.171160855
AOI-0010,2025-09-16,0.227692621
AOI-0010,2025-09-30,0.318806725
AOI-0010,2025-10-05,0.181024663
AOI-0011,2025-04-07,0.717002425
AOI-0011,2025-04-17,0.772428823
AOI-0011,2025-04-23,0.849348844
AOI-0011,2025-04-28,0.851186663
AOI-0011,2025-05-24,0.829357123
AOI-0011,2025-06-03,0.591408175
AOI-0011,2025-07-12,0.304107451
AOI-0011,2025-08-06,0.217850435
AOI-0011,2025-08-14,0.225210687
AOI-0011,2025-08-19,0.202422741
AOI-0011,2025-08-27,0.182263232
AOI-0011,2025-09-30,0.274228868
AOI-0011,2025-10-03,0.163000738
AOI-0011,2025-10-05,0.110881249
AOI-0012,2025-04-01,0.204480213
AOI-0012,2025-04-28,0.481604674
AOI-0012,2025-05-16,0.727201351
AOI-0012,2025-06-03,0.637861012
AOI-0012,2025-06-05,0.562716306
AOI-0012,2025-06-15,0.242633770
AOI-0012,2025-06-26,0.313942526
AOI-0012,2025-07-10,0.165646860
AOI-0012,2025-07-18,0.143201166
AOI-0012,2025-07-30,0.148362089
AOI-0013,2010-04-16,0.688823221
AOI-0013,2010-06-10,0.506209027
AOI-0013,2010-06-19,0.354392300
AOI-0013,2010-10-24,0.209673668
AOI-0013,2011-04-18,0.205662098
AOI-0013,2011-04-26,0.223702853
AOI-0013,2012-05-08,0.531359826
AOI-0013,2012-06-23,0.560851919
AOI-0013,2012-08-12,0.466412186
AOI-0013,2013-04-16,0.269118119
AOI-0013,2013-04-24,0.291422306
AOI-0013,2013-05-02,0.300058666
AOI-0013,2013-05-09,0.411019091
AOI-0013,2013-06-11,0.500309965
AOI-0013,2013-07-12,0.491126455
AOI-0013,2013-07-28,0.463466434
AOI-0013,2014-05-29,0.470104841
AOI-0013,2014-06-10,0.479769022
AOI-0013,2014-07-28,0.422041448
AOI-0013,2014-08-01,0.342970883
AOI-0013,2014-08-08,0.342706565
AOI-0013,2014-08-13,0.418099999
AOI-0013,2015-05-09,0.557975586
AOI-0013,2015-05-23,0.475090724
AOI-0013,2015-07-12,0.554437791
AOI-0013,2015-08-20,0.391495335
AOI-0013,2015-10-07,0.315621416
AOI-0013,2015-10-16,0.369699434
AOI-0013,2016-05-09,0.458084741
AOI-0013,2016-05-10,0.445729203
AOI-0013,2016-08-12,0.614297028
AOI-0013,2016-08-21,0.674369116
AOI-0013,2016-09-13,0.579137563
AOI-0013,2016-10-09,0.533697518
AOI-0013,2017-04-11,0.206108327
AOI-0013,2017-04-28,0.372152362
AOI-0013,2017-05-01,0.371959514
AOI-0013,2017-05-21,0.611259337
AOI-0013,2017-05-29,0.573117537
AOI-0013,2017-06-30,0.658296449
AOI-0013,2017-07-27,0.498676108
AOI-0013,2017-08-08,0.468314912
AOI-0013,2017-08-24,0.421793663
AOI-0013,2017-09-13,0.458343061
AOI-0013,2017-09-17,0.496247307
AOI-0013,2017-09-30,0.422418617
AOI-0013,2018-05-25,0.516671085
AOI-0013,2018-06-08,0.400342418
AOI-0013,2018-06-15,0.348944736
AOI-0013,2018-07-12,0.456511021
AOI-0013,2018-08-13,0.450012967
AOI-0013,2018-08-27,0.414885696
AOI-0013,2018-09-28,0.410546970
AOI-0013,2018-10-06,0.416070874
AOI-0013,2019-04-01,0.257333140
AOI-0013,2019-05-06,0.390336151
AOI-0013,2019-06-02,0.415774741
AOI-0013,2019-06-05,0.420930840
AOI-0013,2019-06-12,0.415168061
AOI-0013,2019-06-25,0.389658159
AOI-0013,2019-07-17,0.448198298
AOI-0013,2019-07-28,0.593579652
AOI-0013,2019-08-24,0.467101324
AOI-0013,2019-08-31,0.530535166
AOI-0013,2019-09-08,0.504297881
AOI-0013,2019-09-13,0.485602073
AOI-0013,2019-10-02,0.503232714
AOI-0013,2019-10-10,0.527683736
AOI-0013,2019-10-17,0.490541597
AOI-0013,2020-04-22,0.374902950
AOI-0013,2020-05-12,0.370330873
AOI-0013,2020-06-24,0.449588217
AOI-0013,2020-06-26,0.479202109
AOI-0013,2020-08-12,0.470187505
AOI-0013,2020-08-15,0.391224339
AOI-0013,2020-08-16,0.425764028
AOI-0013,2020-08-20,0.395187601
AOI-0013,2020-10-27,0.326481406
AOI-0013,2021-04-23,0.511891559
AOI-0013,2021-06-10,0.597059096
AOI-0013,2021-06-11,0.535352159
AOI-0013,2021-06-21,0.536136477
AOI-0013,2021-07-12,0.538895538
AOI-0013,2021-07-14,0.540224064
AOI-0013,2021-08-20,0.479176641
AOI-0013,2021-10-14,0.415164907
AOI-0013,2021-10-16,0.480586889
AOI-0013,2022-04-02,0.551633677
AOI-0013,2022-04-17,0.596170608
AOI-0013,2022-04-24,0.578128807
AOI-0013,2022-04-25,0.566246515
AOI-0013,2022-06-10,0.548632511
AOI-0013,2022-06-16,0.369340845
AOI-0013,2022-06-26,0.545794353
AOI-0013,2022-07-05,0.530794480
AOI-0013,2022-07-17,0.581895046
AOI-0013,2022-07-22,0.563192626
AOI-0013,2022-08-14,0.571873217
AOI-0013,2022-09-14,0.433073202
AOI-0013,2022-10-07,0.380297116
AOI-0013,2022-10-14,0.387645515
AOI-0013,2023-04-10,0.437016525
AOI-0013,2023-06-21,0.533962053
AOI-0013,2023-06-29,0.518133630
AOI-0013,2023-07-06,0.441022912
AOI-0013,2023-07-12,0.548324626
AOI-0013,2023-07-24,0.509743452
AOI-0013,2023-08-05,0.526710606
AOI-0013,2023-08-20,0.516040894
AOI-0013,2023-08-23,0.508546310
AOI-0013,2023-08-26,0.508627756
AOI-0013,2023-09-11,0.538389488
AOI-0013,2023-09-14,0.505588783
AOI-0013,2023-09-24,0.496056917
AOI-0013,2023-10-05,0.482880494
AOI-0013,2023-10-14,0.402209822
AOI-0013,2023-10-17,0.307558085
AOI-0013,2023-10-19,0.362219166
AOI-0013,2024-04-26,0.411587412
AOI-0013,2024-05-04,0.481441972
AOI-0013,2024-05-23,0.537024984
AOI-0013,2024-05-24,0.531513339
AOI-0013,2024-06-30,0.488793646
AOI-0013,2024-07-02,0.559687136
AOI-0013,2024-07-11,0.502930953
AOI-0013,2024-07-26,0.445144906
AOI-0013,2024-07-27,0.470509406
AOI-0013,2024-08-09,0.463780871
AOI-0013,2024-08-11,0.538936418
AOI-0013,2024-09-03,0.469873878
AOI-0013,2024-09-06,0.520119643
AOI-0013,2024-09-26,0.457408886
AOI-0013,2024-10-08,0.358736998
AOI-0013,2025-04-01,0.504225038
AOI-0013,2025-04-28,0.565471893
AOI-0013,2025-05-16,0.493350525
AOI-0013,2025-05-19,0.501111428
AOI-0013,2025-05-24,0.480931869
AOI-0013,2025-07-07,0.494342413
AOI-0013,2025-07-08,0.489710599
AOI-0013,2025-07-14,0.516058782
AOI-0013,2025-07-21,0.551488546
AOI-0013,2025-07-27,0.514123714
AOI-0013,2025-08-15,0.522020590
AOI-0013,2025-09-03,0.462684152
AOI-0013,2025-09-07,0.518884070
AOI-0014,2010-04-07,0.471132414
AOI-0014,2010-04-24,0.727577061
AOI-0014,2010-06-10,0.696651826
AOI-0014,2010-09-23,0.182194592
AOI-0014,2011-04-19,0.213060357
AOI-0014,2011-04-26,0.233780424
AOI-0014,2011-05-09,0.606808912
AOI-0014,2011-05-28,0.618095942
AOI-0014,2011-06-14,0.736526311
AOI-0014,2011-08-01,0.450699734
AOI-0014,2011-09-14,0.300745744
AOI-0014,2011-09-17,0.201493819
AOI-0014,2011-10-27,0.324279115
AOI-0014,2012-05-06,0.681742116
AOI-0014,2012-06-25,0.392169375
AOI-0014,2012-08-28,0.308203530
AOI-0014,2012-09-04,0.205440235
AOI-0014,2012-09-11,0.204474574
AOI-0014,2012-09-27,0.174046609
AOI-0014,2013-05-09,0.388134152
AOI-0014,2013-06-11,0.581316668
AOI-0014,2013-06-19,0.683144715
AOI-0014,2013-07-28,0.698936386
AOI-0014,2013-09-14,0.365396194
AOI-0014,2013-09-23,0.242303217
AOI-0014,2014-06-26,0.439816593
AOI-0014,2014-06-29,0.341000627
AOI-0014,2014-08-17,0.213332060
AOI-0014,2014-09-30,0.305922203
AOI-0014,2014-10-27,0.225501665
AOI-0014,2015-04-14,0.385683687
AOI-0014,2015-06-16,0.605465158
AOI-0014,2015-06-26,0.473241682
AOI-0014,2015-07-12,0.434342605
AOI-0014,2015-07-27,0.343008959
AOI-0014,2015-08-28,0.217457061
AOI-0014,2016-04-22,0.443717591
AOI-0014,2016-05-09,0.338604820
AOI-0014,2016-06-03,0.644324624
AOI-0014,2016-06-19,0.826591194
AOI-0014,2016-08-13,0.462704816
AOI-0014,2016-08-30,0.319775986
AOI-0014,2017-04-26,0.790331261
AOI-0014,2017-04-28,0.791757637
AOI-0014,2017-05-21,0.903243730
AOI-0014,2017-05-29,0.860506812
AOI-0014,2017-07-23,0.252105374
AOI-0014,2017-07-31,0.234590423
AOI-0014,2017-08-06,0.147750076
AOI-0014,2017-08-21,0.137309017
AOI-0014,2017-09-10,0.158705863
AOI-0014,2017-09-30,0.256432714
AOI-0014,2017-10-08,0.169752455
AOI-0014,2018-04-07,0.576344728
AOI-0014,2018-05-03,0.811800463
AOI-0014,2018-06-24,0.274619218
AOI-0014,2018-07-18,0.236633140
AOI-0014,2018-08-27,0.199167288
AOI-0014,2018-10-06,0.219661139
AOI-0014,2019-04-01,0.205916982
AOI-0014,2019-04-21,0.198837076
AOI-0014,2019-05-01,0.188925298
AOI-0014,2019-05-09,0.561705235
AOI-0014,2019-05-27,0.708933036
AOI-0014,2019-05-28,0.647636147
AOI-0014,2019-06-04,0.796940055
AOI-0014,2019-06-11,0.848677581
AOI-0014,2019-06-15,0.850587221
AOI-0014,2019-06-22,0.790441109
AOI-0014,2019-07-06,0.643471806
AOI-0014,2019-08-14,0.322715468
AOI-0014,2019-08-26,0.176014010
AOI-0014,2020-04-06,0.682773661
AOI-0014,2020-04-07,0.712997500
AOI-0014,2020-04-17,0.665336145
AOI-0014,2020-04-22,0.689017682
AOI-0014,2020-04-25,0.715110348
AOI-0014,2020-05-15,0.625445214
AOI-0014,2020-05-17,0.656436857
AOI-0014,2020-06-04,0.652096044
AOI-0014,2020-06-25,0.340141311
AOI-0014,2020-07-11,0.174624601
AOI-0014,2020-07-27,0.277367566
AOI-0014,2020-08-16,0.200769211
AOI-0014,2020-09-09,0.156101502
AOI-0014,2020-09-24,0.147380954
AOI-0014,2021-04-07,0.468264497
AOI-0014,2021-04-29,0.702561464
AOI-0014,2021-05-25,0.802661709
AOI-0014,2021-08-13,0.269910760
AOI-0014,2021-08-18,0.154347084
AOI-0014,2021-09-14,0.180711960
AOI-0014,2021-10-12,0.095310006
AOI-0014,2021-10-14,0.168117760
AOI-0014,2022-05-15,0.230716230
AOI-0014,2022-05-26,0.391564914
AOI-0014,2022-05-27,0.299165744
AOI-0014,2022-06-24,0.690333046
AOI-0014,2022-07-14,0.816882948
AOI-0014,2022-07-24,0.763780317
AOI-0014,2022-08-22,0.347714812
AOI-0014,2022-08-29,0.304584610
AOI-0014,2022-09-02,0.186968205
AOI-0014,2022-09-08,0.223086617
AOI-0014,2022-09-14,0.242732871
AOI-0014,2023-06-07,0.843447087
AOI-0014,2023-08-10,0.236086456
AOI-0014,2024-04-04,0.715664550
AOI-0014,2024-05-08,0.858384523
AOI-0014,2024-05-09,0.824014127
AOI-0014,2024-05-21,0.848075691
AOI-0014,2024-05-23,0.854148251
AOI-0014,2024-06-08,0.580047317
AOI-0014,2024-07-25,0.146644568
AOI-0014,2024-08-11,0.217047845
AOI-0014,2024-09-01,0.140156559
AOI-0014,2024-09-08,0.147679639
AOI-0014,2024-09-11,0.143779935
AOI-0014,2024-09-18,0.149138848
AOI-0014,2024-09-29,0.200259182
AOI-0014,2024-10-07,0.196134902
AOI-0014,2024-10-30,0.211265867
AOI-0014,2025-04-23,0.437262554
AOI-0014,2025-05-01,0.202882477
AOI-0014,2025-05-27,0.420650387
AOI-0014,2025-06-13,0.402784865
AOI-0014,2025-08-12,0.221736727
AOI-0014,2025-08-15,0.280428044
AOI-0014,2025-08-24,0.211851606
AOI-0014,2025-09-11,0.149471900
AOI-0014,2025-09-14,0.253776683
AOI-0014,2025-09-23,0.187171088
AOI-0014,2025-09-24,0.222515504
AOI-0015,2025-05-04,0.365301397
AOI-0015,2025-05-27,0.553542493
AOI-0015,2025-06-07,0.409171138
AOI-0015,2025-07-03,0.338647184
AOI-0015,2025-07-05,0.374297713
AOI-0015,2025-07-08,0.315873198
AOI-0015,2025-07-13,0.251268586
AOI-0015,2025-07-15,0.230972622
AOI-0015,2025-07-18,0.247067758
AOI-0015,2025-07-21,0.334463197
AOI-0015,2025-07-23,0.262800956
AOI-0015,2025-09-07,0.213263449
AOI-0015,2025-10-13,0.211859259
AOI-0015,2025-10-16,0.279604071
AOI-0015,2025-10-18,0.226183034
AOI-0016,2025-04-19,0.260173954
AOI-0016,2025-05-25,0.522987930
AOI-0016,2025-06-11,0.527940292
AOI-0016,2025-06-26,0.740016607
AOI-0016,2025-07-10,0.788582245
AOI-0016,2025-07-17,0.723567367
AOI-0016,2025-07-18,0.746331045
AOI-0016,2025-08-19,0.375494053
AOI-0016,2025-08-29,0.337036785
AOI-0016,2025-10-17,0.267216679
AOI-0017,2010-06-10,0.609353852
AOI-0017,2010-07-29,0.552150603
AOI-0017,2010-09-23,0.354721728
AOI-0017,2011-04-18,0.294638917
AOI-0017,2011-09-17,0.528896964
AOI-0017,2011-09-26,0.521425974
AOI-0017,2011-09-30,0.501242881
AOI-0017,2011-10-11,0.492629273
AOI-0017,2011-10-27,0.483747728
AOI-0017,2012-07-18,0.596727544
AOI-0017,2012-07-27,0.490816130
AOI-0017,2012-08-28,0.461317691
AOI-0017,2012-09-29,0.426791879
AOI-0017,2013-05-25,0.637626664
AOI-0017,2013-07-12,0.540251111
AOI-0017,2013-08-14,0.431521402
AOI-0017,2013-09-14,0.586608987
AOI-0017,2013-09-30,0.600526652
AOI-0017,2013-10-09,0.644075681
AOI-0017,2013-10-25,0.615400601
AOI-0017,2014-04-23,0.700133470
AOI-0017,2014-06-06,0.637864808
AOI-0017,2014-07-24,0.450421794
AOI-0017,2014-10-04,0.404754461
AOI-0017,2015-04-23,0.467990353
AOI-0017,2015-04-30,0.420884915
AOI-0017,2015-07-11,0.685651756
AOI-0017,2015-07-27,0.617535929
AOI-0017,2015-08-03,0.577717992
AOI-0017,2015-08-29,0.421585041
AOI-0017,2015-10-16,0.410269155
AOI-0017,2016-04-06,0.536139489
AOI-0017,2016-04-07,0.419766331
AOI-0017,2016-06-18,0.628275744
AOI-0017,2016-07-05,0.542235564
AOI-0017,2016-07-27,0.569869085
AOI-0017,2016-08-21,0.573305963
AOI-0017,2016-09-15,0.515687088
AOI-0017,2016-10-15,0.515579308
AOI-0017,2016-10-17,0.536409018
AOI-0017,2017-06-06,0.675076835
AOI-0017,2017-07-31,0.630192762
AOI-0017,2017-08-01,0.613908907
AOI-0017,2017-09-02,0.574449323
AOI-0017,2018-04-05,0.451333581
AOI-0017,2018-05-09,0.656815725
AOI-0017,2018-05-23,0.605161858
AOI-0017,2018-06-20,0.544806711
AOI-0017,2018-07-11,0.444440034
AOI-0017,2018-07-12,0.493765425
AOI-0017,2019-04-25,0.448170237
AOI-0017,2019-04-28,0.461001664
AOI-0017,2019-05-13,0.495133779
AOI-0017,2019-05-18,0.611995001
AOI-0017,2019-05-28,0.669985172
AOI-0017,2019-06-04,0.642271775
AOI-0017,2019-06-12,0.642758204
AOI-0017,2019-06-17,0.601906194
AOI-0017,2019-07-17,0.622203277
AOI-0017,2019-08-06,0.649460048
AOI-0017,2019-08-11,0.682439576
AOI-0017,2019-08-24,0.437722422
AOI-0017,2019-08-29,0.519136749
AOI-0017,2019-08-31,0.480356582
AOI-0017,2019-09-13,0.519777968
AOI-0017,2020-04-25,0.333379295
AOI-0017,2020-04-30,0.400591827
AOI-0017,2020-05-08,0.608486620
AOI-0017,2020-06-06,0.603492439
AOI-0017,2020-06-26,0.542855488
AOI-0017,2020-07-26,0.416933858
AOI-0017,2020-08-18,0.440241396
AOI-0017,2020-09-02,0.418813241
AOI-0017,2020-09-04,0.388143406
AOI-0017,2020-09-09,0.416607239
AOI-0017,2020-09-10,0.418615439
AOI-0017,2020-09-19,0.350938007
AOI-0017,2020-10-12,0.360310487
AOI-0017,2021-04-07,0.370324574
AOI-0017,2021-05-20,0.522605404
AOI-0017,2021-07-02,0.636314451
AOI-0017,2021-08-29,0.498684316
AOI-0017,2021-09-04,0.516742057
AOI-0017,2021-09-27,0.456669622
AOI-0017,2021-10-06,0.381290455
AOI-0017,2021-10-27,0.486074295
AOI-0017,2022-04-17,0.648866714
AOI-0017,2022-04-23,0.659416238
AOI-0017,2022-05-26,0.659789907
AOI-0017,2022-05-27,0.614337038
AOI-0017,2022-06-03,0.628088200
AOI-0017,2022-06-11,0.602247694
AOI-0017,2022-06-30,0.611640398
AOI-0017,2022-07-12,0.581430961
AOI-0017,2022-07-19,0.548677227
AOI-0017,2022-07-24,0.554707643
AOI-0017,2022-08-07,0.563493413
AOI-0017,2022-08-14,0.565557452
AOI-0017,2022-08-15,0.526193005
AOI-0017,2022-08-23,0.537823778
AOI-0017,2022-08-30,0.543754225
AOI-0017,2022-09-17,0.415012420
AOI-0017,2022-10-19,0.430482034
AOI-0017,2023-04-02,0.541989286
AOI-0017,2023-05-06,0.634104917
AOI-0017,2023-06-11,0.616644891
AOI-0017,2023-06-19,0.651926293
AOI-0017,2023-06-22,0.672242384
AOI-0017,2023-07-24,0.598160090
AOI-0017,2023-09-19,0.483519417
AOI-0017,2023-10-12,0.283983656
AOI-0017,2023-10-16,0.358908751
AOI-0017,2023-10-21,0.297264323
AOI-0017,2024-04-04,0.507218404
AOI-0017,2024-06-05,0.239484864
AOI-0017,2024-06-13,0.211822561
AOI-0017,2024-06-28,0.222836237
AOI-0017,2024-07-19,0.261424342
AOI-0017,2024-08-22,0.209640106
AOI-0017,2024-09-01,0.250556614
AOI-0017,2024-09-21,0.261626876
AOI-0017,2024-09-29,0.265063186
AOI-0017,2024-10-08,0.170221843
AOI-0017,2024-10-22,0.274565476
AOI-0017,2025-05-04,0.877707137
AOI-0017,2025-05-27,0.791158329
AOI-0017,2025-06-07,0.626736735
AOI-0017,2025-06-28,0.324125358
AOI-0017,2025-07-07,0.254365635
AOI-0017,2025-08-23,0.228501245
AOI-0017,2025-09-01,0.165041440
AOI-0017,2025-10-02,0.296615861
AOI-0018,2025-04-19,0.848659976
AOI-0018,2025-05-27,0.703391801
AOI-0018,2025-06-13,0.265063899
AOI-0018,2025-06-15,0.246370470
AOI-0018,2025-07-05,0.242930731
AOI-0018,2025-07-07,0.233737429
AOI-0018,2025-07-14,0.265074211
AOI-0018,2025-07-21,0.309493277
AOI-0018,2025-08-19,0.166306552
AOI-0018,2025-08-27,0.168495461
AOI-0018,2025-09-08,0.140797950
AOI-0018,2025-09-24,0.228019560
AOI-0018,2025-10-17,0.245595850
AOI-0019,2025-04-14,0.504291393
AOI-0019,2025-04-17,0.543144080
AOI-0019,2025-04-28,0.551014808
AOI-0019,2025-05-14,0.585469002
AOI-0019,2025-05-25,0.657122217
AOI-0019,2025-06-15,0.369103840
AOI-0019,2025-06-27,0.435250884
AOI-0019,2025-06-30,0.377590140
AOI-0019,2025-07-10,0.282725126
AOI-0019,2025-07-14,0.313533801
AOI-0019,2025-08-14,0.314083565
AOI-0019,2025-08-31,0.231281594
AOI-0019,2025-09-15,0.224395832
AOI-0019,2025-09-23,0.230321452
AOI-0019,2025-09-24,0.261201694
AOI-0019,2025-10-18,0.219297284
AOI-0020,2025-04-18,0.255738491
AOI-0020,2025-04-23,0.540273424
AOI-0020,2025-05-03,0.446074362
AOI-0020,2025-06-03,0.658580646
AOI-0020,2025-06-11,0.431178478
AOI-0020,2025-07-12,0.420389646
AOI-0020,2025-07-21,0.399733119
AOI-0020,2025-07-29,0.351662386
AOI-0020,2025-07-30,0.269491595
AOI-0020,2025-08-19,0.236186441
AOI-0020,2025-10-13,0.122178907
AOI-0021,2025-04-28,0.363415908
AOI-0021,2025-05-27,0.539795410
AOI-0021,2025-06-03,0.561975464
AOI-0021,2025-07-06,0.388073137
AOI-0021,2025-07-18,0.320982602
AOI-0021,2025-07-29,0.355383679
AOI-0021,2025-08-07,0.259550593
AOI-0021,2025-08-22,0.228559488
AOI-0021,2025-08-30,0.269779609
AOI-0021,2025-09-15,0.214396867
AOI-0021,2025-09-24,0.262836546
AOI-0021,2025-10-03,0.198425745
AOI-0022,2025-04-01,0.513220186
AOI-0022,2025-05-03,0.849345760
AOI-0022,2025-05-06,0.835983914
AOI-0022,2025-05-25,0.840669674
AOI-0022,2025-05-28,0.834566962
AOI-0022,2025-07-08,0.186392410
AOI-0022,2025-07-17,0.131841369
AOI-0022,2025-07-21,0.225250292
AOI-0022,2025-08-27,0.146560263
AOI-0022,2025-08-31,0.192502324
AOI-0022,2025-09-23,0.164656085
AOI-0022,2025-09-24,0.201180547
AOI-0022,2025-09-30,0.261485678
AOI-0023,2025-04-16,0.183366168
AOI-0023,2025-04-17,0.236380843
AOI-0023,2025-04-24,0.188607639
AOI-0023,2025-05-01,0.189151221
AOI-0023,2025-05-04,0.202565260
AOI-0023,2025-06-27,0.755524554
AOI-0023,2025-07-05,0.732832677
AOI-0023,2025-07-14,0.365402605
AOI-0023,2025-07-15,0.310325701
AOI-0023,2025-08-14,0.158696001
AOI-0023,2025-08-22,0.146040063
AOI-0023,2025-08-30,0.201656532
AOI-0023,2025-09-21,0.167712383
AOI-0023,2025-09-23,0.178377221
AOI-0023,2025-10-17,0.230091858
AOI-0024,2025-04-07,0.347911042
AOI-0024,2025-04-23,0.365255427
AOI-0024,2025-05-25,0.442644121
AOI-0024,2025-05-28,0.269059006
AOI-0024,2025-06-05,0.317462597
AOI-0024,2025-07-03,0.522740323
AOI-0024,2025-07-21,0.419091717
AOI-0024,2025-07-25,0.327314150
AOI-0024,2025-08-06,0.328696081
AOI-0024,2025-08-09,0.287848429
AOI-0024,2025-09-14,0.287941017
AOI-0024,2025-09-21,0.196506579
AOI-0024,2025-09-30,0.247525657
AOI-0024,2025-10-02,0.209425471
AOI-0024,2025-10-18,0.196544960
AOI-0025,2025-04-14,0.173846223
AOI-0025,2025-04-23,0.345882153
AOI-0025,2025-04-24,0.181296265
AOI-0025,2025-04-29,0.191529966
AOI-0025,2025-05-09,0.353641852
AOI-0025,2025-06-03,0.184263498
AOI-0025,2025-06-13,0.175419945
AOI-0025,2025-06-27,0.222810035
AOI-0025,2025-07-21,0.215000757
AOI-0025,2025-08-07,0.154162501
AOI-0025,2025-08-30,0.193420959
AOI-0025,2025-09-07,0.197838417
AOI-0025,2025-09-14,0.266319663
AOI-0025,2025-10-17,0.433948705
AOI-0026,2025-04-07,0.664087038
AOI-0026,2025-04-24,0.840053434
AOI-0026,2025-05-09,0.877866851
AOI-0026,2025-06-13,0.615700197
AOI-0026,2025-07-08,0.220670932
AOI-0026,2025-07-10,0.202781594
AOI-0026,2025-07-12,0.280470873
AOI-0026,2025-07-13,0.199502605
AOI-0026,2025-07-18,0.180559226
AOI-0026,2025-07-30,0.131977600
AOI-0026,2025-08-19,0.150021603
AOI-0026,2025-09-08,0.120096012
AOI-0026,2025-09-23,0.180229989
AOI-0026,2025-09-30,0.314909510
AOI-0027,2025-04-16,0.752940437
AOI-0027,2025-04-24,0.799555042
AOI-0027,2025-06-13,0.488416725
AOI-0027,2025-06-27,0.423320291
AOI-0027,2025-07-05,0.325426337
AOI-0027,2025-07-12,0.387664608
AOI-0027,2025-07-13,0.253746703
AOI-0027,2025-07-23,0.237128008
AOI-0027,2025-07-29,0.309944654
AOI-0027,2025-08-19,0.253756183
AOI-0027,2025-08-30,0.263909823
AOI-0027,2025-09-16,0.231546321
AOI-0027,2025-10-16,0.544945348
AOI-0028,2010-04-07,0.587342256
AOI-0028,2010-04-15,0.563377210
AOI-0028,2010-10-24,0.185330207
AOI-0028,2011-05-25,0.546342900
AOI-0028,2011-07-28,0.595623603
AOI-0028,2011-08-08,0.548481352
AOI-0028,2011-10-11,0.217151641
AOI-0028,2012-04-22,0.797519847
AOI-0028,2012-09-27,0.158005922
AOI-0028,2012-10-15,0.272217187
AOI-0028,2013-04-07,0.310470057
AOI-0028,2013-06-10,0.331265095
AOI-0028,2013-06-26,0.283322743
AOI-0028,2013-08-29,0.287298791
AOI-0028,2014-04-07,0.712596333
AOI-0028,2014-05-04,0.896214705
AOI-0028,2014-07-28,0.275953788
AOI-0028,2014-10-11,0.194391777
AOI-0028,2015-04-13,0.195324496
AOI-0028,2015-08-27,0.302238980
AOI-0028,2015-09-28,0.191408491
AOI-0028,2016-04-07,0.674075329
AOI-0028,2016-04-23,0.786790630
AOI-0028,2016-06-09,0.643532097
AOI-0028,2016-06-10,0.709591267
AOI-0028,2016-06-25,0.354197858
AOI-0028,2016-07-27,0.280073723
AOI-0028,2016-09-06,0.185921343
AOI-0028,2017-04-26,0.287809323
AOI-0028,2017-07-23,0.225651801
AOI-0028,2017-08-09,0.156914926
AOI-0028,2017-08-13,0.262514404
AOI-0028,2017-08-29,0.191771057
AOI-0028,2017-09-17,0.243514663
AOI-0028,2018-05-11,0.877050661
AOI-0028,2018-08-19,0.212241305
AOI-0028,2018-08-29,0.242530439
AOI-0028,2018-09-12,0.207679304
AOI-0028,2018-10-08,0.166243435
AOI-0028,2019-04-06,0.145506488
AOI-0028,2019-05-02,0.265156358
AOI-0028,2019-05-25,0.423858739
AOI-0028,2019-06-27,0.173439707
AOI-0028,2019-08-09,0.179358252
AOI-0028,2019-08-24,0.119809350
AOI-0028,2019-10-17,0.638744183
AOI-0028,2020-04-25,0.845808245
AOI-0028,2020-05-04,0.877168738
AOI-0028,2020-05-08,0.876919411
AOI-0028,2020-05-30,0.849607428
AOI-0028,2020-07-14,0.180030803
AOI-0028,2020-08-03,0.139401754
AOI-0028,2020-08-08,0.148553288
AOI-0028,2020-09-02,0.155829026
AOI-0028,2020-09-13,0.243827820
AOI-0028,2021-06-14,0.696510717
AOI-0028,2021-06-16,0.713926206
AOI-0028,2021-06-24,0.820697191
AOI-0028,2021-06-26,0.822228167
AOI-0028,2021-07-24,0.750891891
AOI-0028,2021-10-27,0.318841282
AOI-0028,2022-04-07,0.651013675
AOI-0028,2022-04-23,0.872039210
AOI-0028,2022-06-09,0.883042552
AOI-0028,2022-06-29,0.339437258
AOI-0028,2022-07-28,0.251784954
AOI-0028,2022-08-03,0.120806059
AOI-0028,2022-08-08,0.155492810
AOI-0028,2022-08-30,0.155960956
AOI-0028,2022-10-01,0.209039244
AOI-0028,2023-04-07,0.334482371
AOI-0028,2023-04-11,0.211039706
AOI-0028,2023-05-05,0.232746919
AOI-0028,2023-05-09,0.469390846
AOI-0028,2023-06-09,0.232257254
AOI-0028,2023-08-06,0.206799606
AOI-0028,2023-08-23,0.136882089
AOI-0028,2023-08-29,0.246047993
AOI-0028,2023-09-22,0.173741237
AOI-0028,2023-09-24,0.181076131
AOI-0028,2023-09-30,0.303639362
AOI-0028,2024-05-07,0.876154634
AOI-0028,2024-05-23,0.833942588
AOI-0028,2024-05-24,0.815938505
AOI-0028,2024-07-27,0.199558208
AOI-0028,2024-08-03,0.184118375
AOI-0028,2024-08-12,0.144590442
AOI-0028,2024-09-11,0.126824920
AOI-0028,2024-09-16,0.130299272
AOI-0028,2025-04-07,0.365909897
AOI-0028,2025-05-24,0.623467274
AOI-0028,2025-05-31,0.584300050
AOI-0028,2025-06-11,0.676102824
AOI-0028,2025-06-26,0.541535207
AOI-0028,2025-06-27,0.583364059
AOI-0028,2025-07-10,0.266890267
AOI-0028,2025-07-13,0.210138924
AOI-0028,2025-07-23,0.162644403
AOI-0028,2025-08-13,0.230928442
AOI-0028,2025-09-08,0.128348618
AOI-0028,2025-09-11,0.142117113
AOI-0028,2025-10-16,0.203764804
AOI-0028,2025-10-28,0.262063734
AOI-0029,2025-04-04,0.506279572
AOI-0029,2025-04-24,0.833850239
AOI-0029,2025-06-08,0.728934508
AOI-0029,2025-06-10,0.612676009
AOI-0029,2025-06-11,0.702239318
AOI-0029,2025-06-13,0.595456256
AOI-0029,2025-07-29,0.194720499
AOI-0029,2025-08-02,0.125106836
AOI-0029,2025-08-19,0.125977705
AOI-0029,2025-09-11,0.135700261
AOI-0029,2025-09-16,0.142384220
AOI-0030,2025-04-21,0.535553258
AOI-0030,2025-04-24,0.587511462
AOI-0030,2025-06-10,0.681822453
AOI-0030,2025-08-07,0.652307465
AOI-0031,2010-06-04,0.566850736
AOI-0031,2010-09-14,0.199163507
AOI-0031,2011-04-23,0.336958791
AOI-0031,2011-06-10,0.521536953
AOI-0031,2011-07-09,0.221333414
AOI-0031,2011-08-11,0.209748141
AOI-0031,2011-08-18,0.198704521
AOI-0031,2011-08-19,0.180159454
AOI-0031,2011-09-19,0.218013469
AOI-0031,2012-04-06,0.284282509
AOI-0031,2012-04-15,0.189376951
AOI-0031,2013-04-07,0.508735504
AOI-0031,2013-05-09,0.665679629
AOI-0031,2013-05-12,0.623357049
AOI-0031,2013-05-25,0.546399696
AOI-0031,2013-06-12,0.267100344
AOI-0031,2013-06-28,0.194832239
AOI-0031,2013-07-23,0.219104659
AOI-0031,2013-08-13,0.277001130
AOI-0031,2013-10-16,0.325035224
AOI-0031,2014-05-23,0.385976915
AOI-0031,2014-06-23,0.299809772
AOI-0031,2014-07-17,0.146545639
AOI-0031,2014-07-28,0.211167910
AOI-0031,2014-08-02,0.139670386
AOI-0031,2014-08-13,0.202824194
AOI-0031,2014-10-14,0.146057215
AOI-0031,2015-09-22,0.203676850
AOI-0031,2015-10-16,0.210847600
AOI-0031,2016-04-01,0.247432599
AOI-0031,2016-04-17,0.420399126
AOI-0031,2016-04-22,0.618542311
AOI-0031,2016-05-03,0.610182553
AOI-0031,2016-05-24,0.735720278
AOI-0031,2016-06-09,0.564035207
AOI-0031,2016-06-12,0.628301595
AOI-0031,2016-06-20,0.358177782
AOI-0031,2016-06-25,0.320719596
AOI-0031,2016-07-30,0.240499806
AOI-0031,2017-05-06,0.713261276
AOI-0031,2017-06-07,0.710118904
AOI-0031,2017-08-03,0.181287279
AOI-0031,2017-08-13,0.175329249
AOI-0031,2017-09-04,0.182190666
AOI-0031,2017-09-22,0.274361079
AOI-0031,2018-04-23,0.564235320
AOI-0031,2018-05-02,0.685903759
AOI-0031,2018-05-18,0.618230567
AOI-0031,2018-06-03,0.291784632
AOI-0031,2018-06-10,0.279848509
AOI-0031,2018-06-11,0.256737815
AOI-0031,2018-07-13,0.257837954
AOI-0031,2018-09-06,0.208828274
AOI-0031,2018-09-14,0.236739619
AOI-0031,2018-10-07,0.164982694
AOI-0031,2018-10-12,0.196926864
AOI-0031,2019-04-10,0.427913992
AOI-0031,2019-06-14,0.204832914
AOI-0031,2019-06-22,0.147339116
AOI-0031,2019-07-09,0.133234054
AOI-0031,2019-07-23,0.229097771
AOI-0031,2019-08-08,0.435798929
AOI-0031,2019-08-31,0.228105196
AOI-0031,2019-09-17,0.177156947
AOI-0031,2019-10-03,0.256726857
AOI-0031,2019-10-10,0.380229078
AOI-0031,2019-10-12,0.273362438
AOI-0031,2019-10-22,0.527653990
AOI-0031,2020-04-13,0.455444040
AOI-0031,2020-06-01,0.480696649
AOI-0031,2020-06-06,0.507533550
AOI-0031,2020-07-11,0.134593436
AOI-0031,2020-07-18,0.105367293
AOI-0031,2020-07-28,0.114125509
AOI-0031,2020-08-07,0.132875485
AOI-0031,2020-08-17,0.123465295
AOI-0031,2020-08-22,0.111283722
AOI-0031,2020-09-27,0.145533559
AOI-0031,2020-10-13,0.169896564
AOI-0031,2020-10-19,0.060002656
AOI-0031,2020-10-21,0.154149138
AOI-0031,2021-04-07,0.253726260
AOI-0031,2021-05-17,0.293968140
AOI-0031,2021-06-11,0.160388578
AOI-0031,2021-07-01,0.143711132
AOI-0031,2021-07-16,0.120969522
AOI-0031,2021-07-21,0.120315727
AOI-0031,2021-08-06,0.174856314
AOI-0031,2021-08-25,0.134870497
AOI-0031,2021-08-30,0.130312005
AOI-0031,2022-05-14,0.829172934
AOI-0031,2022-06-10,0.613256075
AOI-0031,2022-06-11,0.738231585
AOI-0031,2022-06-20,0.434715679
AOI-0031,2022-06-21,0.371321430
AOI-0031,2022-07-08,0.144219050
AOI-0031,2022-07-12,0.229278964
AOI-0031,2022-09-08,0.136683816
AOI-0031,2022-09-09,0.112824157
AOI-0031,2022-09-10,0.154069431
AOI-0031,2022-09-11,0.134592626
AOI-0031,2022-09-26,0.124821857
AOI-0031,2022-09-29,0.125159077
AOI-0031,2023-04-04,0.340484692
AOI-0031,2023-04-27,0.414303046
AOI-0031,2023-05-17,0.438409454
AOI-0031,2023-06-17,0.329030197
AOI-0031,2023-06-23,0.247611051
AOI-0031,2023-06-26,0.259569704
AOI-0031,2023-07-11,0.285810871
AOI-0031,2023-08-15,0.245635470
AOI-0031,2023-09-19,0.169636161
AOI-0031,2023-09-20,0.213331298
AOI-0031,2023-09-30,0.236472801
AOI-0031,2023-10-15,0.202547862
AOI-0031,2023-10-24,0.166782895
AOI-0031,2024-05-03,0.201716104
AOI-0031,2024-06-02,0.180765874
AOI-0031,2024-07-02,0.154238079
AOI-0031,2024-07-10,0.128316385
AOI-0031,2024-07-13,0.168811444
AOI-0031,2024-08-09,0.141594424
AOI-0031,2024-08-16,0.137742484
AOI-0031,2024-08-26,0.148470517
AOI-0031,2025-04-19,0.509090162
AOI-0031,2025-04-23,0.549002893
AOI-0031,2025-06-21,0.506263732
AOI-0031,2025-07-12,0.229177566
AOI-0031,2025-07-15,0.192155068
AOI-0031,2025-08-06,0.178930381
AOI-0031,2025-08-09,0.167807243
AOI-0031,2025-09-08,0.128184039
AOI-0031,2025-09-15,0.145726870
AOI-0031,2025-09-17,0.191214591
AOI-0031,2025-10-02,0.187227110
AOI-0031,2025-10-22,0.190488685
AOI-0032,2010-06-04,0.250158302
AOI-0032,2010-06-10,0.292484804
AOI-0032,2010-06-20,0.201731229
AOI-0032,2010-07-12,0.227315281
AOI-0032,2010-08-16,0.140465744
AOI-0032,2010-09-14,0.206561426
AOI-0032,2010-09-30,0.214123422
AOI-0032,2011-07-12,0.307686246
AOI-0032,2011-08-29,0.291045745
AOI-0032,2011-09-11,0.175466529
AOI-0032,2011-09-28,0.199706574
AOI-0032,2012-04-06,0.299749271
AOI-0032,2012-05-01,0.358087129
AOI-0032,2012-06-25,0.322753616
AOI-0032,2012-10-08,0.144217599
AOI-0032,2013-05-19,0.440955717
AOI-0032,2013-05-20,0.426155801
AOI-0032,2013-06-10,0.331376873
AOI-0032,2013-06-12,0.305922081
AOI-0032,2013-06-13,0.295354383
AOI-0032,2013-07-22,0.332477669
AOI-0032,2013-07-30,0.327219186
AOI-0032,2013-08-13,0.294140698
AOI-0032,2013-08-29,0.264686588
AOI-0032,2013-09-14,0.273560917
AOI-0032,2014-06-16,0.257411877
AOI-0032,2014-06-26,0.225241776
AOI-0032,2014-07-12,0.202454482
AOI-0032,2014-09-03,0.130744640
AOI-0032,2015-04-23,0.231961631
AOI-0032,2015-06-18,0.514205426
AOI-0032,2015-07-13,0.310471066
AOI-0032,2015-09-15,0.158049517
AOI-0032,2015-09-23,0.204440327
AOI-0032,2015-09-30,0.205950565
AOI-0032,2016-04-06,0.301836350
AOI-0032,2016-04-10,0.200596924
AOI-0032,2016-05-03,0.230465332
AOI-0032,2016-06-09,0.330036244
AOI-0032,2016-06-28,0.205448552
AOI-0032,2016-07-15,0.163709518
AOI-0032,2016-07-30,0.191198855
AOI-0032,2016-08-16,0.167805727
AOI-0032,2016-09-09,0.179051489
AOI-0032,2016-10-18,0.404511108
AOI-0032,2017-04-04,0.433988395
AOI-0032,2017-04-28,0.723078958
AOI-0032,2017-05-09,0.809763417
AOI-0032,2017-07-02,0.225954769
AOI-0032,2017-08-02,0.182724409
AOI-0032,2017-08-11,0.136223520
AOI-0032,2017-08-19,0.131460518
AOI-0032,2017-08-27,0.185657341
AOI-0032,2017-09-03,0.172999553
AOI-0032,2017-09-12,0.143228795
AOI-0032,2018-04-15,0.210711644
AOI-0032,2018-06-10,0.234871260
AOI-0032,2018-06-19,0.150975516
AOI-0032,2018-09-14,0.198485714
AOI-0032,2018-09-23,0.157178642
AOI-0032,2018-09-30,0.192220849
AOI-0032,2018-10-07,0.166849704
AOI-0032,2018-10-12,0.217190269
AOI-0032,2019-04-26,0.706267878
AOI-0032,2019-04-28,0.672441399
AOI-0032,2019-05-18,0.808212442
AOI-0032,2019-05-20,0.798570726
AOI-0032,2019-05-30,0.695499010
AOI-0032,2019-06-14,0.223812051
AOI-0032,2019-06-19,0.189289142
AOI-0032,2019-07-23,0.161762196
AOI-0032,2019-09-25,0.067423225
AOI-0032,2019-10-05,0.145870530
AOI-0032,2019-10-11,0.238170034
AOI-0032,2019-10-25,0.320811423
AOI-0032,2019-10-28,0.375414879
AOI-0032,2020-05-27,0.385261134
AOI-0032,2020-05-30,0.383022459
AOI-0032,2020-06-24,0.198166895
AOI-0032,2020-06-26,0.178161222
AOI-0032,2020-08-05,0.117164815
AOI-0032,2020-08-07,0.135871381
AOI-0032,2020-09-13,0.196614291
AOI-0032,2020-09-28,0.107170291
AOI-0032,2020-09-29,0.150332297
AOI-0032,2020-10-05,0.134978783
AOI-0032,2020-10-06,0.148106803
AOI-0032,2020-10-24,0.147172023
AOI-0032,2021-04-04,0.076523794
AOI-0032,2021-04-23,0.258138576
AOI-0032,2021-05-01,0.199255843
AOI-0032,2021-05-25,0.323127340
AOI-0032,2021-06-18,0.190169656
AOI-0032,2021-07-01,0.150440954
AOI-0032,2021-07-18,0.131932248
AOI-0032,2021-09-06,0.142250282
AOI-0032,2021-09-15,0.162613433
AOI-0032,2021-10-08,0.323940451
AOI-0032,2022-04-26,0.814267384
AOI-0032,2022-05-09,0.834861481
AOI-0032,2022-05-13,0.858659417
AOI-0032,2022-05-29,0.855241587
AOI-0032,2022-06-06,0.756151525
AOI-0032,2022-06-13,0.571546618
AOI-0032,2022-06-30,0.319713537
AOI-0032,2022-08-01,0.164761586
AOI-0032,2022-08-02,0.104603039
AOI-0032,2022-08-15,0.109255013
AOI-0032,2022-08-24,0.159871199
AOI-0032,2022-08-29,0.190398483
AOI-0032,2022-09-11,0.134516361
AOI-0032,2023-04-07,0.227839155
AOI-0032,2023-04-12,0.173801149
AOI-0032,2023-05-12,0.205944291
AOI-0032,2023-05-15,0.251172444
AOI-0032,2023-05-24,0.306889411
AOI-0032,2023-06-06,0.419083582
AOI-0032,2023-06-18,0.473845880
AOI-0032,2023-07-26,0.272232658
AOI-0032,2023-07-28,0.295516758
AOI-0032,2023-08-08,0.234046154
AOI-0032,2023-09-01,0.232861795
AOI-0032,2023-09-11,0.222850593
AOI-0032,2023-09-24,0.187057213
AOI-0032,2024-04-07,0.219613461
AOI-0032,2024-05-06,0.201749415
AOI-0032,2024-06-03,0.250148538
AOI-0032,2024-07-12,0.137189188
AOI-0032,2024-07-25,0.142200123
AOI-0032,2024-07-30,0.127807354
AOI-0032,2024-08-22,0.159005590
AOI-0032,2024-08-30,0.164724709
AOI-0032,2024-09-13,0.143530563
AOI-0032,2024-09-18,0.142803596
AOI-0032,2024-10-05,0.130527936
AOI-0032,2024-10-15,0.210935444
AOI-0032,2024-10-23,0.136798997
AOI-0032,2025-05-06,0.675144415
AOI-0032,2025-05-28,0.728038332
AOI-0032,2025-06-30,0.274192150
AOI-0032,2025-07-07,0.191129046
AOI-0032,2025-07-10,0.164609908
AOI-0032,2025-08-13,0.217467144
AOI-0032,2025-08-16,0.147381642
AOI-0032,2025-08-24,0.135238198
AOI-0032,2025-08-31,0.153023030
AOI-0032,2025-09-03,0.130802458
AOI-0032,2025-10-08,0.150840773
AOI-0033,2025-04-28,0.202006560
AOI-0033,2025-05-20,0.311835427
AOI-0033,2025-06-10,0.649248329
AOI-0033,2025-06-22,0.726601565
AOI-0033,2025-07-05,0.471992077
AOI-0033,2025-07-10,0.332733095
AOI-0033,2025-09-15,0.273830151
AOI-0034,2025-04-25,0.164757823
AOI-0034,2025-05-06,0.164632433
AOI-0034,2025-05-09,0.324961383
AOI-0034,2025-06-10,0.168939850
AOI-0034,2025-06-15,0.133784130
AOI-0034,2025-06-21,0.224893489
AOI-0034,2025-07-07,0.127693040
AOI-0034,2025-07-10,0.123906638
AOI-0034,2025-07-16,0.193286870
AOI-0034,2025-08-31,0.146469827
AOI-0034,2025-09-13,0.131889441
AOI-0034,2025-09-23,0.152410403
AOI-0034,2025-10-02,0.259555560
AOI-0034,2025-10-16,0.634804942
AOI-0035,2025-05-16,0.146578457
AOI-0035,2025-05-20,0.232273683
AOI-0035,2025-06-05,0.160212279
AOI-0035,2025-06-07,0.137020940
AOI-0035,2025-06-10,0.181466450
AOI-0035,2025-07-30,0.132003062
AOI-0035,2025-08-31,0.138419847
AOI-0035,2025-09-26,0.185672400
AOI-0035,2025-09-28,0.151211664
AOI-0035,2025-10-02,0.191789471
AOI-0035,2025-10-30,0.621078181
AOI-0036,2025-05-16,0.602853787
AOI-0036,2025-07-16,0.258265048
AOI-0036,2025-08-01,0.188442955
AOI-0036,2025-08-09,0.160843510
AOI-0036,2025-08-23,0.157885222
AOI-0036,2025-10-02,0.182435470
AOI-0037,2025-04-07,0.564148695
AOI-0037,2025-04-16,0.512408795
AOI-0037,2025-05-23,0.613094857
AOI-0037,2025-06-30,0.381164927
AOI-0037,2025-07-14,0.279251475
AOI-0037,2025-07-23,0.282701699
AOI-0037,2025-08-09,0.226800135
AOI-0037,2025-08-16,0.232908647
AOI-0037,2025-09-12,0.189384661
AOI-0037,2025-09-13,0.189963891
AOI-0037,2025-09-23,0.205208691
AOI-0037,2025-09-26,0.230681211
AOI-0037,2025-09-30,0.273818927
AOI-0037,2025-10-05,0.183498159
AOI-0038,2025-04-07,0.520157657
AOI-0038,2025-04-25,0.500992788
AOI-0038,2025-06-14,0.470062462
AOI-0038,2025-07-10,0.186790024
AOI-0038,2025-07-15,0.187946306
AOI-0038,2025-08-14,0.180728452
AOI-0038,2025-09-02,0.215548625
AOI-0038,2025-10-05,0.164051588
AOI-0038,2025-10-08,0.169633414
AOI-0038,2025-10-16,0.309436835
AOI-0039,2025-05-04,0.742452075
AOI-0039,2025-05-08,0.669110464
AOI-0039,2025-05-28,0.647755270
AOI-0039,2025-07-10,0.419225627
AOI-0039,2025-08-06,0.338758972
AOI-0039,2025-08-24,0.331768678
AOI-0039,2025-09-08,0.295444596
AOI-0039,2025-09-12,0.302697262
AOI-0039,2025-09-14,0.369258874
AOI-0039,2025-09-26,0.343536228
AOI-0039,2025-10-23,0.331651456
AOI-0040,2025-04-02,0.303994661
AOI-0040,2025-04-03,0.321775818
AOI-0040,2025-05-06,0.701336100
AOI-0040,2025-06-07,0.687909509
AOI-0040,2025-07-08,0.231134020
AOI-0040,2025-09-12,0.135273923
AOI-0040,2025-09-13,0.134185516
AOI-0040,2025-09-28,0.139591851
AOI-0040,2025-09-30,0.203266157
AOI-0040,2025-10-02,0.170272950
AOI-0041,2025-04-23,0.628514831
AOI-0041,2025-05-20,0.620212104
AOI-0041,2025-06-22,0.370350481
AOI-0041,2025-06-27,0.382873798
AOI-0041,2025-07-23,0.293600517
AOI-0041,2025-08-19,0.218931849
AOI-0041,2025-09-30,0.292598169
AOI-0042,2025-04-18,0.154334287
AOI-0042,2025-05-04,0.187756849
AOI-0042,2025-06-13,0.197745303
AOI-0042,2025-07-14,0.169272322
AOI-0042,2025-07-16,0.188802001
AOI-0042,2025-07-24,0.192007823
AOI-0042,2025-08-17,0.171653753
AOI-0042,2025-08-19,0.133916849
AOI-0042,2025-08-24,0.122954765
AOI-0042,2025-08-29,0.141193819
AOI-0042,2025-09-15,0.130849738
AOI-0042,2025-09-17,0.176769638
AOI-0042,2025-10-02,0.187330818
AOI-0043,2025-04-24,0.201637905
AOI-0043,2025-04-29,0.210672777
AOI-0043,2025-05-31,0.165405787
AOI-0043,2025-06-08,0.177681504
AOI-0043,2025-06-15,0.147519915
AOI-0043,2025-06-17,0.143137751
AOI-0043,2025-06-25,0.129548483
AOI-0043,2025-07-07,0.159404610
AOI-0043,2025-07-13,0.151396649
AOI-0043,2025-08-12,0.150174696
AOI-0043,2025-09-24,0.208215605
AOI-0043,2025-10-13,0.155165336
AOI-0043,2025-10-15,0.164969343
AOI-0044,2010-04-16,0.215709751
AOI-0044,2010-04-25,0.293456459
AOI-0044,2010-05-09,0.512101066
AOI-0044,2010-05-18,0.419025114
AOI-0044,2010-06-12,0.445560775
AOI-0044,2010-06-20,0.445517199
AOI-0044,2010-06-28,0.473568040
AOI-0044,2010-07-29,0.225999728
AOI-0044,2010-08-06,0.195246364
AOI-0044,2010-10-16,0.272834175
AOI-0044,2010-10-25,0.177797346
AOI-0044,2011-07-16,0.665160442
AOI-0044,2011-08-01,0.326374474
AOI-0044,2011-08-02,0.307424588
AOI-0044,2011-10-16,0.364435738
AOI-0044,2012-04-06,0.343040563
AOI-0044,2012-05-08,0.640147884
AOI-0044,2013-05-02,0.228923963
AOI-0044,2013-05-03,0.249185672
AOI-0044,2013-05-11,0.291957175
AOI-0044,2014-04-07,0.365438120
AOI-0044,2014-06-06,0.249051574
AOI-0044,2014-06-14,0.251019243
AOI-0044,2014-06-23,0.238903735
AOI-0044,2014-08-02,0.163711336
AOI-0044,2014-08-09,0.160503083
AOI-0044,2014-08-29,0.228590888
AOI-0044,2014-09-18,0.186853558
AOI-0044,2014-09-19,0.153285384
AOI-0044,2014-10-04,0.198042074
AOI-0044,2014-10-12,0.163770246
AOI-0044,2014-10-28,0.185981693
AOI-0044,2014-10-29,0.222682430
AOI-0044,2015-06-26,0.434923737
AOI-0044,2015-07-27,0.225779188
AOI-0044,2015-07-28,0.268814534
AOI-0044,2015-08-29,0.226111024
AOI-0044,2015-10-08,0.193939984
AOI-0044,2015-10-16,0.282256085
AOI-0044,2016-04-08,0.501763190
AOI-0044,2016-05-08,0.848901537
AOI-0044,2016-05-11,0.853260244
AOI-0044,2016-06-20,0.397605499
AOI-0044,2016-06-25,0.368105308
AOI-0044,2016-07-13,0.285344154
AOI-0044,2016-07-27,0.340786918
AOI-0044,2016-09-07,0.207679524
AOI-0044,2016-09-13,0.275001918
AOI-0044,2016-10-02,0.220054912
AOI-0044,2016-10-26,0.203889383
AOI-0044,2017-04-03,0.182351752
AOI-0044,2017-04-04,0.182972347
AOI-0044,2017-04-12,0.211939459
AOI-0044,2017-06-27,0.223898592
AOI-0044,2017-06-30,0.223415101
AOI-0044,2017-08-10,0.159763165
AOI-0044,2017-09-14,0.266828039
AOI-0044,2018-04-06,0.512287189
AOI-0044,2018-07-12,0.220180560
AOI-0044,2018-07-19,0.154476380
AOI-0044,2018-09-30,0.225910247
AOI-0044,2019-04-25,0.382726371
AOI-0044,2019-04-26,0.379554516
AOI-0044,2019-06-02,0.702804073
AOI-0044,2019-06-12,0.443849915
AOI-0044,2019-06-20,0.334899601
AOI-0044,2019-08-13,0.436367395
AOI-0044,2019-09-10,0.164150929
AOI-0044,2019-09-15,0.151191127
AOI-0044,2019-09-16,0.205860594
AOI-0044,2019-10-10,0.187297151
AOI-0044,2020-04-17,0.190186406
AOI-0044,2020-04-22,0.215641204
AOI-0044,2020-05-17,0.199141477
AOI-0044,2020-06-30,0.225278250
AOI-0044,2020-08-10,0.126045817
AOI-0044,2020-09-09,0.146647050
AOI-0044,2020-09-10,0.146158329
AOI-0044,2020-09-26,0.122771696
AOI-0044,2020-09-29,0.149031592
AOI-0044,2020-10-14,0.148955304
AOI-0044,2020-10-21,0.162037546
AOI-0044,2021-05-12,0.657921217
AOI-0044,2021-05-17,0.698810983
AOI-0044,2021-05-25,0.733565237
AOI-0044,2021-07-16,0.225542110
AOI-0044,2021-07-21,0.159323583
AOI-0044,2021-09-30,0.228984638
AOI-0044,2021-10-07,0.179030226
AOI-0044,2022-05-27,0.708764150
AOI-0044,2022-06-06,0.714049287
AOI-0044,2022-06-12,0.698542619
AOI-0044,2022-07-07,0.220940697
AOI-0044,2022-08-10,0.229681329
AOI-0044,2022-08-13,0.295055130
AOI-0044,2022-08-24,0.269945594
AOI-0044,2022-09-25,0.227141593
AOI-0044,2022-09-30,0.286366930
AOI-0044,2023-04-02,0.199856300
AOI-0044,2023-04-07,0.325779219
AOI-0044,2023-06-06,0.215623325
AOI-0044,2023-06-30,0.221025482
AOI-0044,2023-07-05,0.211367422
AOI-0044,2023-07-09,0.206292959
AOI-0044,2023-07-11,0.120759931
AOI-0044,2023-07-16,0.152648412
AOI-0044,2023-07-25,0.214269228
AOI-0044,2023-08-05,0.149596336
AOI-0044,2023-08-25,0.148616417
AOI-0044,2023-09-30,0.287660355
AOI-0044,2023-10-14,0.221315300
AOI-0044,2024-04-06,0.773089203
AOI-0044,2024-04-14,0.836529846
AOI-0044,2024-06-05,0.566004174
AOI-0044,2024-09-06,0.170154496
AOI-0044,2024-09-21,0.165867133
AOI-0044,2025-04-02,0.188173115
AOI-0044,2025-05-20,0.255292007
AOI-0044,2025-07-06,0.226117364
AOI-0044,2025-07-10,0.140886168
AOI-0044,2025-08-14,0.146086269
AOI-0044,2025-09-23,0.150449877
AOI-0044,2025-10-03,0.153614825
AOI-0044,2025-10-15,0.152964740
AOI-0045,2025-04-26,0.204567770
AOI-0045,2025-06-15,0.151840956
AOI-0045,2025-06-27,0.168095434
AOI-0045,2025-06-29,0.219569018
AOI-0045,2025-07-31,0.198818632
AOI-0045,2025-08-13,0.221042797
AOI-0045,2025-08-15,0.201916404
AOI-0045,2025-08-16,0.136927565
AOI-0045,2025-09-30,0.222373075
AOI-0045,2025-10-15,0.155432203
AOI-0046,2010-06-26,0.324830029
AOI-0046,2010-07-12,0.358426323
AOI-0046,2010-09-14,0.391092433
AOI-0046,2011-05-30,0.322446661
AOI-0046,2011-08-17,0.178943532
AOI-0046,2012-04-22,0.427850839
AOI-0046,2012-04-29,0.316689158
AOI-0046,2012-06-09,0.559337745
AOI-0046,2013-04-25,0.244709438
AOI-0046,2013-05-09,0.502290778
AOI-0046,2013-06-11,0.584881669
AOI-0046,2013-06-27,0.369720803
AOI-0046,2013-07-21,0.310293610
AOI-0046,2013-07-28,0.358303966
AOI-0046,2013-07-30,0.268126516
AOI-0046,2014-05-25,0.746657327
AOI-0046,2014-05-29,0.775514873
AOI-0046,2014-07-01,0.311822157
AOI-0046,2014-07-12,0.320212566
AOI-0046,2014-08-01,0.188629556
AOI-0046,2014-08-25,0.138597224
AOI-0046,2014-09-19,0.150032341
AOI-0046,2015-05-17,0.251404679
AOI-0046,2015-07-12,0.352932141
AOI-0046,2015-09-22,0.205589327
AOI-0046,2015-10-16,0.279629743
AOI-0046,2016-05-02,0.824544310
AOI-0046,2016-05-10,0.848113570
AOI-0046,2016-05-18,0.845477768
AOI-0046,2016-06-03,0.703790978
AOI-0046,2016-06-09,0.600952823
AOI-0046,2016-07-13,0.193812389
AOI-0046,2016-07-30,0.246709853
AOI-0046,2016-10-02,0.246238765
AOI-0046,2016-10-17,0.299386330
AOI-0046,2016-10-25,0.307668280
AOI-0046,2017-04-13,0.402070274
AOI-0046,2017-06-27,0.431752545
AOI-0046,2017-07-02,0.332646527
AOI-0046,2017-07-24,0.222198614
AOI-0046,2017-08-09,0.177289129
AOI-0046,2017-08-21,0.149000240
AOI-0046,2017-09-10,0.227575822
AOI-0046,2017-09-15,0.264370396
AOI-0046,2017-10-12,0.310732464
AOI-0046,2018-05-09,0.372826633
AOI-0046,2018-06-01,0.206168041
AOI-0046,2018-07-20,0.189002411
AOI-0046,2018-08-20,0.168699750
AOI-0046,2018-08-29,0.199263967
AOI-0046,2018-10-15,0.187809235
AOI-0046,2018-10-24,0.206907266
AOI-0046,2019-04-01,0.223065149
AOI-0046,2019-04-18,0.360523245
AOI-0046,2019-05-19,0.780919027
AOI-0046,2019-08-01,0.218926873
AOI-0046,2019-09-01,0.204075843
AOI-0046,2019-10-20,0.392496387
AOI-0046,2020-04-04,0.797772154
AOI-0046,2020-04-07,0.832335678
AOI-0046,2020-05-08,0.860744893
AOI-0046,2020-05-24,0.841809942
AOI-0046,2020-06-09,0.661671451
AOI-0046,2020-09-10,0.138809430
AOI-0046,2020-09-13,0.203536774
AOI-0046,2020-09-26,0.120817744
AOI-0046,2020-10-21,0.156814396
AOI-0046,2021-05-02,0.522844305
AOI-0046,2021-05-25,0.804409319
AOI-0046,2021-07-11,0.292395862
AOI-0046,2021-07-28,0.305983241
AOI-0046,2021-08-13,0.396222797
AOI-0046,2021-08-20,0.216059764
AOI-0046,2021-08-29,0.382018878
AOI-0046,2021-09-06,0.399220969
AOI-0046,2022-06-05,0.264704601
AOI-0046,2022-07-24,0.190364714
AOI-0046,2022-07-29,0.192754190
AOI-0046,2022-07-30,0.229795284
AOI-0046,2022-08-24,0.212678771
AOI-0046,2022-08-30,0.163401800
AOI-0046,2023-04-02,0.565058665
AOI-0046,2023-04-29,0.820848190
AOI-0046,2023-05-06,0.870233448
AOI-0046,2023-06-21,0.663671311
AOI-0046,2023-06-24,0.524664700
AOI-0046,2023-07-22,0.249769524
AOI-0046,2023-07-25,0.269135096
AOI-0046,2023-08-13,0.203562367
AOI-0046,2023-08-18,0.172875415
AOI-0046,2023-08-25,0.156028508
AOI-0046,2023-08-27,0.193167559
AOI-0046,2023-08-28,0.150922290
AOI-0046,2023-10-13,0.214237153
AOI-0046,2023-10-29,0.315124968
AOI-0046,2024-04-06,0.683309755
AOI-0046,2024-05-08,0.862063075
AOI-0046,2024-05-09,0.862813309
AOI-0046,2024-06-01,0.803222915
AOI-0046,2024-06-09,0.533255505
AOI-0046,2024-07-03,0.239440845
AOI-0046,2024-07-19,0.191528191
AOI-0046,2024-08-09,0.140303840
AOI-0046,2024-08-20,0.193503094
AOI-0046,2024-08-28,0.208130693
AOI-0046,2024-09-13,0.161776284
AOI-0046,2024-09-22,0.186662289
AOI-0046,2024-10-13,0.110507924
AOI-0046,2025-06-30,0.680114675
AOI-0046,2025-07-15,0.455531687
AOI-0046,2025-08-07,0.423603963
AOI-0046,2025-08-15,0.417188298
AOI-0046,2025-09-24,0.217902579
AOI-0046,2025-10-02,0.214959251
AOI-0047,2025-05-08,0.772607142
AOI-0047,2025-05-16,0.786864883
AOI-0047,2025-05-25,0.737050976
AOI-0047,2025-06-15,0.357810986
AOI-0047,2025-07-17,0.160954361
AOI-0047,2025-07-18,0.163639432
AOI-0047,2025-09-03,0.128593156
AOI-0047,2025-10-15,0.160617617
AOI-0047,2025-10-16,0.252245831
AOI-0048,2025-04-07,0.700978413
AOI-0048,2025-04-17,0.679683540
AOI-0048,2025-05-09,0.769603416
AOI-0048,2025-09-17,0.193845158
AOI-0048,2025-09-24,0.193732036
AOI-0049,2025-05-04,0.816230875
AOI-0049,2025-06-26,0.298152349
AOI-0049,2025-06-27,0.237695100
AOI-0049,2025-07-29,0.222648269
AOI-0049,2025-08-06,0.195511894
AOI-0049,2025-08-12,0.164273934
AOI-0049,2025-08-17,0.156912975
AOI-0049,2025-09-06,0.178206313
AOI-0049,2025-09-14,0.222989994
AOI-0049,2025-09-26,0.181869338
AOI-0049,2025-09-30,0.307908026
AOI-0049,2025-10-08,0.183092400
AOI-0049,2025-10-16,0.249001422
AOI-0049,2025-10-28,0.223891975
AOI-0050,2025-04-14,0.331484708
AOI-0050,2025-04-15,0.380419102
AOI-0050,2025-05-25,0.625329447
AOI-0050,2025-06-27,0.504522345
AOI-0050,2025-08-07,0.310805081
AOI-0050,2025-08-09,0.302832234
AOI-0050,2025-08-13,0.398081148
AOI-0050,2025-08-17,0.319396403
AOI-0050,2025-09-07,0.354505134
AOI-0050,2025-09-30,0.436482946
AOI-0050,2025-10-17,0.407045157
AOI-0050,2025-10-28,0.398613731
AOI-0051,2010-06-09,0.678265901
AOI-0051,2011-06-04,0.544953145
AOI-0051,2011-06-05,0.573354603
AOI-0051,2011-06-12,0.696370233
AOI-0051,2011-06-13,0.686392579
AOI-0051,2011-09-01,0.566723319
AOI-0051,2011-10-11,0.386301059
AOI-0051,2012-04-27,0.497458077
AOI-0051,2012-05-22,0.647118392
AOI-0051,2012-08-12,0.442733940
AOI-0051,2012-08-26,0.359587699
AOI-0051,2012-08-28,0.438717551
AOI-0051,2012-09-18,0.311867643
AOI-0051,2012-10-13,0.392423236
AOI-0051,2013-05-01,0.738608078
AOI-0051,2013-07-19,0.408419298
AOI-0051,2013-07-28,0.519286165
AOI-0051,2013-08-29,0.441203883
AOI-0051,2013-10-07,0.465960101
AOI-0051,2013-10-16,0.516009945
AOI-0051,2014-04-18,0.787270000
AOI-0051,2014-06-05,0.685732443
AOI-0051,2014-06-10,0.556146369
AOI-0051,2014-06-28,0.503926062
AOI-0051,2014-09-08,0.372450699
AOI-0051,2014-09-16,0.376724042
AOI-0051,2015-04-07,0.387284590
AOI-0051,2015-05-23,0.716253437
AOI-0051,2015-06-10,0.729610074
AOI-0051,2015-06-15,0.761533731
AOI-0051,2015-06-26,0.669480200
AOI-0051,2015-09-14,0.378895009
AOI-0051,2015-09-20,0.328430116
AOI-0051,2015-10-06,0.252735912
AOI-0051,2016-04-06,0.715873106
AOI-0051,2016-06-25,0.491532500
AOI-0051,2016-07-12,0.418844105
AOI-0051,2016-08-28,0.400914400
AOI-0051,2016-09-14,0.361881345
AOI-0051,2016-09-29,0.393085913
AOI-0051,2016-10-24,0.192070537
AOI-0051,2017-05-28,0.548547581
AOI-0051,2017-06-21,0.681321363
AOI-0051,2017-06-28,0.644794705
AOI-0051,2017-07-06,0.624482266
AOI-0051,2017-07-23,0.669173067
AOI-0051,2017-09-25,0.328873761
AOI-0051,2017-09-30,0.388994950
AOI-0051,2017-10-16,0.283499007
AOI-0051,2018-04-11,0.423111444
AOI-0051,2018-04-28,0.643557548
AOI-0051,2018-04-29,0.674416729
AOI-0051,2018-05-30,0.747099581
AOI-0051,2018-06-26,0.416403018
AOI-0051,2018-07-02,0.295430326
AOI-0051,2018-08-02,0.328978733
AOI-0051,2018-08-18,0.313346499
AOI-0051,2018-09-14,0.380414525
AOI-0051,2018-09-19,0.295076164
AOI-0051,2018-10-14,0.242664327
AOI-0051,2019-05-17,0.801839116
AOI-0051,2019-05-31,0.732585095
AOI-0051,2019-06-25,0.276343424
AOI-0051,2019-06-30,0.249200096
AOI-0051,2019-07-29,0.370054641
AOI-0051,2019-08-05,0.364811481
AOI-0051,2019-08-13,0.363366078
AOI-0051,2019-08-22,0.299841178
AOI-0051,2019-09-13,0.251132846
AOI-0051,2019-10-16,0.356668751
AOI-0051,2020-04-26,0.461886221
AOI-0051,2020-06-09,0.726156507
AOI-0051,2020-07-04,0.495338172
AOI-0051,2020-07-27,0.420196300
AOI-0051,2020-08-31,0.366709671
AOI-0051,2020-09-07,0.260553272
AOI-0051,2020-10-27,0.167898049
AOI-0051,2021-05-06,0.761022139
AOI-0051,2021-06-23,0.544945114
AOI-0051,2021-07-19,0.292087435
AOI-0051,2021-07-28,0.413970839
AOI-0051,2021-08-23,0.341874281
AOI-0051,2021-08-28,0.366904404
AOI-0051,2021-08-29,0.466456865
AOI-0051,2021-09-03,0.438357040
AOI-0051,2021-09-07,0.343876640
AOI-0051,2021-10-02,0.318452133
AOI-0051,2021-10-21,0.305332145
AOI-0051,2022-05-09,0.490591678
AOI-0051,2022-05-26,0.494858389
AOI-0051,2022-05-27,0.420577282
AOI-0051,2022-06-11,0.643098408
AOI-0051,2022-06-19,0.724487084
AOI-0051,2022-06-30,0.759475781
AOI-0051,2022-07-09,0.752377880
AOI-0051,2022-07-12,0.690901975
AOI-0051,2022-07-22,0.704679567
AOI-0051,2022-07-24,0.710960036
AOI-0051,2022-07-29,0.735867753
AOI-0051,2022-08-13,0.682509224
AOI-0051,2022-08-28,0.511080791
AOI-0051,2022-09-06,0.479915778
AOI-0051,2022-09-14,0.456130169
AOI-0051,2022-10-07,0.357195693
AOI-0051,2022-10-15,0.361613353
AOI-0051,2023-04-23,0.847872887
AOI-0051,2023-07-31,0.376808136
AOI-0051,2023-08-28,0.340344776
AOI-0051,2023-09-09,0.312742052
AOI-0051,2023-09-27,0.386969167
AOI-0051,2023-10-04,0.369470767
AOI-0051,2024-04-05,0.324676120
AOI-0051,2024-05-04,0.426572808
AOI-0051,2024-05-22,0.527793431
AOI-0051,2024-06-03,0.541635493
AOI-0051,2024-06-23,0.493936175
AOI-0051,2024-07-28,0.308636424
AOI-0051,2024-08-27,0.252425993
AOI-0051,2024-09-03,0.279939369
AOI-0051,2024-10-01,0.270676953
AOI-0051,2024-10-05,0.298890823
AOI-0051,2024-10-06,0.257035224
AOI-0051,2024-10-15,0.333219655
AOI-0051,2025-05-09,0.807782772
AOI-0051,2025-06-10,0.477910332
AOI-0051,2025-06-27,0.409327091
AOI-0051,2025-07-05,0.346707041
AOI-0051,2025-07-10,0.214433254
AOI-0051,2025-08-05,0.225928936
AOI-0051,2025-08-12,0.175474862
AOI-0051,2025-09-15,0.236768093
AOI-0051,2025-09-16,0.216084360
AOI-0052,2025-04-19,0.188825311
AOI-0052,2025-06-08,0.353898906
AOI-0052,2025-06-11,0.485110480
AOI-0052,2025-07-05,0.694528998
AOI-0052,2025-07-18,0.324401282
AOI-0052,2025-08-22,0.141315947
AOI-0052,2025-08-27,0.146518966
AOI-0052,2025-09-06,0.171770198
AOI-0052,2025-09-14,0.226865397
AOI-0052,2025-10-17,0.259796166
AOI-0053,2025-04-11,0.739734112
AOI-0053,2025-04-14,0.793902191
AOI-0053,2025-04-16,0.766564072
AOI-0053,2025-04-19,0.822913401
AOI-0053,2025-04-23,0.855363137
AOI-0053,2025-06-26,0.384703166
AOI-0053,2025-07-28,0.162204022
AOI-0053,2025-08-02,0.138595359
AOI-0053,2025-08-09,0.130468349
AOI-0053,2025-08-12,0.149837302
AOI-0053,2025-08-29,0.150123770
AOI-0053,2025-09-01,0.129450625
AOI-0053,2025-09-07,0.200090867
AOI-0053,2025-09-11,0.154023045
AOI-0053,2025-09-14,0.241335101
AOI-0053,2025-09-15,0.180172017
AOI-0053,2025-09-21,0.157613714
AOI-0053,2025-09-26,0.168658466
AOI-0053,2025-10-28,0.250621011
AOI-0054,2025-04-11,0.557035879
AOI-0054,2025-04-19,0.645491380
AOI-0054,2025-05-04,0.765172589
AOI-0054,2025-06-03,0.794076451
AOI-0054,2025-07-28,0.688644882
AOI-0054,2025-08-12,0.709721810
AOI-0054,2025-09-21,0.667431720
AOI-0054,2025-09-30,0.643096602
AOI-0054,2025-10-16,0.683749562
AOI-0055,2025-04-01,0.320232182
AOI-0055,2025-04-11,0.354777329
AOI-0055,2025-05-09,0.488483086
AOI-0055,2025-07-04,0.538652437
AOI-0055,2025-07-05,0.517528400
AOI-0055,2025-07-08,0.478436955
AOI-0055,2025-07-23,0.434484945
AOI-0055,2025-08-17,0.384636321
AOI-0055,2025-09-14,0.442284405
AOI-0055,2025-09-22,0.429877595
AOI-0056,2025-04-23,0.813149999
AOI-0056,2025-05-24,0.771783017
AOI-0056,2025-06-10,0.451398758
AOI-0056,2025-06-19,0.397230336
AOI-0056,2025-07-18,0.162002229
AOI-0056,2025-07-23,0.174648056
AOI-0056,2025-08-09,0.157035407
AOI-0056,2025-09-06,0.199505161
AOI-0056,2025-09-08,0.151424048
AOI-0056,2025-10-16,0.223049279
AOI-0057,2025-05-04,0.803772440
AOI-0057,2025-05-09,0.763568045
AOI-0057,2025-05-19,0.543277555
AOI-0057,2025-06-26,0.340762004
AOI-0057,2025-06-27,0.292600092
AOI-0057,2025-07-10,0.190277522
AOI-0057,2025-07-13,0.182190026
AOI-0057,2025-07-18,0.182392323
AOI-0057,2025-08-05,0.205586549
AOI-0057,2025-08-27,0.143148895
AOI-0057,2025-09-01,0.135031276
AOI-0057,2025-09-21,0.161674422
AOI-0058,2010-04-23,0.397817840
AOI-0058,2010-08-13,0.421179074
AOI-0058,2010-08-29,0.335997425
AOI-0058,2010-09-05,0.315694033
AOI-0058,2011-04-02,0.328962734
AOI-0058,2011-04-26,0.474846355
AOI-0058,2011-06-12,0.718540313
AOI-0058,2011-07-15,0.481791741
AOI-0058,2011-08-29,0.423408715
AOI-0058,2011-09-01,0.285659617
AOI-0058,2011-10-02,0.296974598
AOI-0058,2011-10-27,0.401137045
AOI-0058,2012-04-22,0.582843383
AOI-0058,2012-06-09,0.665168674
AOI-0058,2012-06-23,0.642788013
AOI-0058,2012-07-11,0.582621596
AOI-0058,2012-08-12,0.461474067
AOI-0058,2012-09-11,0.379540261
AOI-0058,2013-04-07,0.425795130
AOI-0058,2013-04-23,0.481750665
AOI-0058,2013-05-09,0.490178105
AOI-0058,2013-06-09,0.536027759
AOI-0058,2013-06-10,0.606379027
AOI-0058,2013-07-11,0.701026560
AOI-0058,2013-07-19,0.690547876
AOI-0058,2013-08-28,0.249217487
AOI-0058,2013-10-16,0.366050345
AOI-0058,2013-10-24,0.323485833
AOI-0058,2014-04-25,0.812309947
AOI-0058,2014-06-05,0.788187714
AOI-0058,2014-06-10,0.628258680
AOI-0058,2014-09-14,0.368289370
AOI-0058,2015-04-28,0.451290522
AOI-0058,2015-05-09,0.679322298
AOI-0058,2015-09-03,0.492676876
AOI-0058,2015-09-27,0.489946773
AOI-0058,2016-04-06,0.767139287
AOI-0058,2016-04-30,0.845572416
AOI-0058,2016-06-09,0.779290341
AOI-0058,2016-07-27,0.456753952
AOI-0058,2016-07-28,0.459072284
AOI-0058,2016-08-13,0.482027237
AOI-0058,2017-04-25,0.830256450
AOI-0058,2017-07-15,0.247627968
AOI-0058,2017-09-13,0.199043319
AOI-0058,2017-09-16,0.230028314
AOI-0058,2018-05-15,0.672836795
AOI-0058,2018-07-26,0.491375758
AOI-0058,2018-08-02,0.490354478
AOI-0058,2019-04-23,0.818619534
AOI-0058,2019-05-25,0.861011041
AOI-0058,2019-06-25,0.267241028
AOI-0058,2019-06-27,0.308659893
AOI-0058,2019-07-04,0.284476263
AOI-0058,2019-08-30,0.228903039
AOI-0058,2019-09-28,0.128320402
AOI-0058,2019-09-30,0.300800489
AOI-0058,2020-04-17,0.436984614
AOI-0058,2020-05-04,0.517936702
AOI-0058,2020-06-05,0.615355440
AOI-0058,2020-06-29,0.554568589
AOI-0058,2020-07-06,0.541212683
AOI-0058,2020-07-22,0.435800269
AOI-0058,2020-07-30,0.407159275
AOI-0058,2020-08-07,0.383372038
AOI-0058,2020-08-12,0.455422519
AOI-0058,2020-08-23,0.323371386
AOI-0058,2020-08-28,0.395685489
AOI-0058,2020-09-24,0.317218336
AOI-0058,2020-10-27,0.243680021
AOI-0058,2021-04-15,0.464842897
AOI-0058,2021-05-09,0.693759285
AOI-0058,2021-05-31,0.684367925
AOI-0058,2021-07-09,0.576306287
AOI-0058,2021-07-14,0.499035095
AOI-0058,2021-07-25,0.468265653
AOI-0058,2021-08-13,0.382026674
AOI-0058,2021-08-28,0.286930789
AOI-0058,2021-09-27,0.485800908
AOI-0058,2022-06-10,0.782707768
AOI-0058,2022-06-18,0.800188148
AOI-0058,2022-07-04,0.269965610
AOI-0058,2022-07-12,0.344266265
AOI-0058,2022-07-17,0.255913052
AOI-0058,2022-07-29,0.167689191
AOI-0058,2022-09-14,0.301102149
AOI-0058,2023-05-09,0.683623554
AOI-0058,2023-05-20,0.605453962
AOI-0058,2023-06-28,0.794809736
AOI-0058,2023-08-17,0.523190378
AOI-0058,2023-09-02,0.417807424
AOI-0058,2023-09-10,0.501627657
AOI-0058,2023-09-27,0.503813622
AOI-0058,2023-10-12,0.436554212
AOI-0058,2024-04-09,0.737225144
AOI-0058,2024-05-09,0.740637559
AOI-0058,2024-06-03,0.632032393
AOI-0058,2024-06-23,0.413076435
AOI-0058,2024-06-28,0.338837343
AOI-0058,2024-07-09,0.364961327
AOI-0058,2024-07-26,0.278815126
AOI-0058,2024-07-27,0.346888003
AOI-0058,2024-08-18,0.295329093
AOI-0058,2024-08-27,0.201236476
AOI-0058,2024-08-28,0.311344438
AOI-0058,2024-09-21,0.216028472
AOI-0058,2024-09-28,0.231686371
AOI-0058,2024-10-01,0.202284840
AOI-0058,2024-10-30,0.260421398
AOI-0058,2025-04-07,0.570888064
AOI-0058,2025-04-16,0.497835238
AOI-0058,2025-04-24,0.511372590
AOI-0058,2025-07-18,0.329233178
AOI-0058,2025-07-28,0.284726583
AOI-0058,2025-08-02,0.242379746
AOI-0058,2025-08-06,0.294317672
AOI-0058,2025-08-09,0.205605677
AOI-0058,2025-08-12,0.210635132
AOI-0058,2025-08-14,0.242393603
AOI-0058,2025-09-14,0.253149695
AOI-0058,2025-09-22,0.237014770
AOI-0059,2010-06-26,0.751388378
AOI-0059,2010-07-19,0.712445700
AOI-0059,2010-08-28,0.269975256
AOI-0059,2011-04-23,0.740340731
AOI-0059,2011-05-27,0.745778247
AOI-0059,2011-05-28,0.752280344
AOI-0059,2011-06-12,0.675091039
AOI-0059,2011-06-26,0.727539452
AOI-0059,2011-07-07,0.768807356
AOI-0059,2011-07-28,0.504057763
AOI-0059,2011-08-08,0.498058533
AOI-0059,2011-08-23,0.470419355
AOI-0059,2012-04-04,0.638848929
AOI-0059,2012-08-12,0.385831559
AOI-0059,2012-08-26,0.284600277
AOI-0059,2012-09-11,0.266299204
AOI-0059,2012-10-13,0.333396374
AOI-0059,2013-05-09,0.828349252
AOI-0059,2013-06-18,0.326920870
AOI-0059,2013-07-20,0.234235561
AOI-0059,2013-08-13,0.295833992
AOI-0059,2013-08-21,0.220180142
AOI-0059,2013-10-16,0.412664711
AOI-0059,2014-05-09,0.868821964
AOI-0059,2014-10-27,0.271277472
AOI-0059,2015-04-13,0.346685436
AOI-0059,2015-05-22,0.408274262
AOI-0059,2015-06-07,0.746205470
AOI-0059,2015-08-02,0.781978868
AOI-0059,2015-08-10,0.733099444
AOI-0059,2015-08-29,0.567638802
AOI-0059,2015-09-27,0.483977751
AOI-0059,2015-09-30,0.405263691
AOI-0059,2016-05-25,0.881060363
AOI-0059,2016-07-04,0.356619431
AOI-0059,2016-09-14,0.223076084
AOI-0059,2016-10-24,0.222867394
AOI-0059,2017-04-02,0.644339961
AOI-0059,2017-05-06,0.874991053
AOI-0059,2017-05-27,0.876115294
AOI-0059,2017-06-04,0.888125134
AOI-0059,2017-06-10,0.812308595
AOI-0059,2017-07-12,0.337019243
AOI-0059,2017-07-23,0.248705043
AOI-0059,2017-07-28,0.330634198
AOI-0059,2017-08-13,0.302041019
AOI-0059,2017-08-29,0.206522225
AOI-0059,2017-09-24,0.226064413
AOI-0059,2018-04-07,0.379176271
AOI-0059,2018-05-22,0.421392588
AOI-0059,2018-05-31,0.425320575
AOI-0059,2018-07-09,0.616454735
AOI-0059,2018-07-18,0.510387751
AOI-0059,2018-07-26,0.464167171
AOI-0059,2018-08-02,0.399937811
AOI-0059,2018-08-10,0.357417335
AOI-0059,2018-08-13,0.357493570
AOI-0059,2018-10-06,0.223530178
AOI-0059,2019-04-11,0.609428769
AOI-0059,2019-04-21,0.752270590
AOI-0059,2019-04-23,0.786130835
AOI-0059,2019-05-21,0.866911310
AOI-0059,2019-06-02,0.816863557
AOI-0059,2019-06-05,0.800724663
AOI-0059,2019-06-10,0.731060039
AOI-0059,2019-06-15,0.544951912
AOI-0059,2019-06-30,0.214269590
AOI-0059,2019-07-29,0.280427114
AOI-0059,2019-08-21,0.199950571
AOI-0059,2019-08-24,0.140123247
AOI-0059,2019-09-03,0.159545289
AOI-0059,2019-10-13,0.214252801
AOI-0059,2019-10-24,0.220726332
AOI-0059,2020-04-09,0.243187657
AOI-0059,2020-04-18,0.249617042
AOI-0059,2020-04-25,0.195372870
AOI-0059,2020-05-08,0.546841743
AOI-0059,2020-05-12,0.312368432
AOI-0059,2020-06-05,0.651820696
AOI-0059,2020-07-11,0.671278588
AOI-0059,2020-07-30,0.697161701
AOI-0059,2020-10-26,0.207638290
AOI-0059,2021-06-19,0.656520118
AOI-0059,2021-06-23,0.621511733
AOI-0059,2021-06-29,0.372194739
AOI-0059,2021-07-28,0.380434907
AOI-0059,2021-07-29,0.212802274
AOI-0059,2021-08-18,0.395266768
AOI-0059,2021-08-28,0.641457644
AOI-0059,2021-09-07,0.743905015
AOI-0059,2021-09-17,0.728340899
AOI-0059,2021-09-28,0.356158809
AOI-0059,2021-09-30,0.349777052
AOI-0059,2021-10-16,0.301870809
AOI-0059,2022-04-15,0.303999767
AOI-0059,2022-06-10,0.764569328
AOI-0059,2022-06-11,0.783745326
AOI-0059,2022-07-20,0.790380647
AOI-0059,2022-08-18,0.693541816
AOI-0059,2022-09-27,0.437133365
AOI-0059,2022-10-08,0.454124251
AOI-0059,2023-05-13,0.879235514
AOI-0059,2023-05-25,0.856275379
AOI-0059,2023-06-18,0.858828060
AOI-0059,2023-07-16,0.269003515
AOI-0059,2023-07-29,0.178568712
AOI-0059,2023-09-30,0.271438090
AOI-0059,2023-10-12,0.194239191
AOI-0059,2023-10-16,0.291727912
AOI-0059,2024-04-04,0.306122038
AOI-0059,2024-04-13,0.333543820
AOI-0059,2024-04-22,0.488327004
AOI-0059,2024-05-19,0.278851123
AOI-0059,2024-06-09,0.584843511
AOI-0059,2024-07-13,0.360739491
AOI-0059,2024-07-17,0.391447623
AOI-0059,2024-07-27,0.293012975
AOI-0059,2024-09-11,0.158485188
AOI-0059,2025-04-01,0.595922235
AOI-0059,2025-04-23,0.845851443
AOI-0059,2025-05-01,0.853265680
AOI-0059,2025-05-09,0.824360590
AOI-0059,2025-05-17,0.820622367
AOI-0059,2025-06-10,0.424333944
AOI-0059,2025-08-29,0.144890873
AOI-0059,2025-09-07,0.202044438
AOI-0059,2025-10-08,0.196701342
AOI-0059,2025-10-28,0.303005985
AOI-0060,2025-04-14,0.744298324
AOI-0060,2025-04-29,0.814233124
AOI-0060,2025-06-03,0.479811228
AOI-0060,2025-07-04,0.607668959
AOI-0060,2025-07-05,0.533060289
AOI-0060,2025-07-21,0.357093803
AOI-0060,2025-08-05,0.255710779
AOI-0060,2025-08-29,0.187144545
AOI-0060,2025-08-30,0.224443089
AOI-0060,2025-09-01,0.156374005
AOI-0060,2025-09-11,0.185275680
AOI-0061,2010-04-23,0.434030450
AOI-0061,2010-05-26,0.663812132
AOI-0061,2010-06-11,0.730048343
AOI-0061,2011-06-30,0.485893208
AOI-0061,2011-07-28,0.492636708
AOI-0061,2011-09-18,0.284395313
AOI-0061,2011-09-26,0.327370586
AOI-0061,2012-04-06,0.381529330
AOI-0061,2012-05-24,0.700623051
AOI-0061,2012-08-28,0.482222482
AOI-0061,2012-09-04,0.425567945
AOI-0061,2012-10-22,0.181065826
AOI-0061,2013-04-16,0.689782711
AOI-0061,2013-06-10,0.658951672
AOI-0061,2013-06-26,0.489821064
AOI-0061,2013-08-29,0.298452616
AOI-0061,2013-09-14,0.299298218
AOI-0061,2013-10-09,0.180902832
AOI-0061,2014-04-27,0.846500582
AOI-0061,2014-06-26,0.416497800
AOI-0061,2014-07-28,0.309925134
AOI-0061,2015-04-07,0.345601777
AOI-0061,2015-05-08,0.298057757
AOI-0061,2015-09-29,0.251074648
AOI-0061,2016-04-22,0.779761263
AOI-0061,2016-06-19,0.617204103
AOI-0061,2016-06-27,0.447972935
AOI-0061,2016-07-13,0.387070232
AOI-0061,2017-04-03,0.180821104
AOI-0061,2017-05-25,0.522947833
AOI-0061,2017-07-02,0.820711642
AOI-0061,2017-07-27,0.762728019
AOI-0061,2017-08-11,0.511875486
AOI-0061,2017-09-02,0.269200777
AOI-0061,2018-04-07,0.752893544
AOI-0061,2018-06-10,0.667380549
AOI-0061,2019-04-09,0.226266027
AOI-0061,2019-05-13,0.272851893
AOI-0061,2019-05-21,0.403383769
AOI-0061,2019-05-25,0.683040274
AOI-0061,2019-06-27,0.746218989
AOI-0061,2019-07-12,0.710297883
AOI-0061,2019-08-21,0.597418258
AOI-0061,2019-09-14,0.296628045
AOI-0061,2019-09-23,0.116560879
AOI-0061,2019-10-18,0.252078018
AOI-0061,2019-10-20,0.237804285
AOI-0061,2020-04-17,0.378628920
AOI-0061,2020-05-24,0.696104565
AOI-0061,2020-07-16,0.275306926
AOI-0061,2020-07-19,0.274350642
AOI-0061,2020-07-24,0.289106660
AOI-0061,2020-07-27,0.389062626
AOI-0061,2020-08-08,0.256323515
AOI-0061,2020-08-17,0.281438981
AOI-0061,2020-08-18,0.231737957
AOI-0061,2020-08-23,0.212517017
AOI-0061,2020-09-18,0.197226063
AOI-0061,2020-10-17,0.144486131
AOI-0061,2020-10-29,0.015836881
AOI-0061,2021-05-05,0.877316416
AOI-0061,2021-05-08,0.893859826
AOI-0061,2021-05-15,0.879675601
AOI-0061,2021-07-21,0.181895920
AOI-0061,2021-07-24,0.191576197
AOI-0061,2021-08-04,0.292688822
AOI-0061,2021-08-28,0.340476147
AOI-0061,2021-08-29,0.386433609
AOI-0061,2021-10-29,0.135937434
AOI-0061,2022-04-09,0.265616393
AOI-0061,2022-05-09,0.429231691
AOI-0061,2022-05-22,0.333242299
AOI-0061,2022-05-25,0.470489656
AOI-0061,2022-05-27,0.459578960
AOI-0061,2022-06-12,0.781349127
AOI-0061,2022-06-29,0.850922119
AOI-0061,2022-07-06,0.813005237
AOI-0061,2022-07-21,0.781127062
AOI-0061,2022-07-22,0.795201661
AOI-0061,2022-07-28,0.730760159
AOI-0061,2022-08-23,0.417786607
AOI-0061,2023-04-07,0.655314619
AOI-0061,2023-04-25,0.659695643
AOI-0061,2023-05-05,0.713944430
AOI-0061,2023-05-06,0.749558469
AOI-0061,2023-05-17,0.742799255
AOI-0061,2023-06-06,0.781544347
AOI-0061,2023-06-21,0.753177945
AOI-0061,2023-07-17,0.463157822
AOI-0061,2023-07-21,0.428958355
AOI-0061,2023-07-27,0.458610444
AOI-0061,2023-09-24,0.174528259
AOI-0061,2023-10-14,0.159264572
AOI-0061,2023-10-29,0.209024867
AOI-0061,2024-04-29,0.451056604
AOI-0061,2024-05-01,0.413327056
AOI-0061,2024-05-08,0.522484082
AOI-0061,2024-06-20,0.487784029
AOI-0061,2024-07-15,0.413220281
AOI-0061,2024-08-09,0.326247623
AOI-0061,2024-08-12,0.334154291
AOI-0061,2024-09-06,0.214827048
AOI-0061,2024-09-26,0.175844114
AOI-0061,2024-10-07,0.225555714
AOI-0061,2025-04-16,0.691887391
AOI-0061,2025-04-19,0.694554202
AOI-0061,2025-05-28,0.836259454
AOI-0061,2025-06-28,0.485849510
AOI-0061,2025-07-07,0.383953848
AOI-0061,2025-07-10,0.312563609
AOI-0061,2025-07-28,0.164522457
AOI-0061,2025-08-16,0.178648158
AOI-0061,2025-08-29,0.189390138
AOI-0061,2025-09-24,0.317543568
AOI-0061,2025-09-26,0.289416566
AOI-0061,2025-10-16,0.350678870
AOI-0062,2010-04-24,0.823875773
AOI-0062,2010-05-09,0.850671578
AOI-0062,2010-05-26,0.841523196
AOI-0062,2010-08-13,0.254145120
AOI-0062,2010-10-16,0.335950567
AOI-0062,2011-06-14,0.712437841
AOI-0062,2011-07-28,0.484301275
AOI-0062,2011-10-16,0.519168728
AOI-0062,2012-06-09,0.673538549
AOI-0062,2012-08-28,0.295089227
AOI-0062,2012-09-04,0.190796352
AOI-0062,2012-09-13,0.266660173
AOI-0062,2013-04-23,0.466418381
AOI-0062,2013-07-12,0.685805786
AOI-0062,2013-07-28,0.664795685
AOI-0062,2013-09-14,0.337381935
AOI-0062,2013-10-16,0.297795247
AOI-0062,2014-06-30,0.309959160
AOI-0062,2014-10-04,0.400994947
AOI-0062,2015-04-22,0.668096855
AOI-0062,2015-05-09,0.712414165
AOI-0062,2015-09-05,0.212149535
AOI-0062,2015-09-21,0.221778154
AOI-0062,2016-05-08,0.882677796
AOI-0062,2016-07-11,0.348748422
AOI-0062,2016-07-27,0.367144746
AOI-0062,2016-09-13,0.271080073
AOI-0062,2016-10-25,0.273142528
AOI-0062,2017-04-07,0.362829082
AOI-0062,2017-07-28,0.654051064
AOI-0062,2017-09-15,0.173895319
AOI-0062,2018-04-06,0.691735648
AOI-0062,2018-04-07,0.730178364
AOI-0062,2018-06-02,0.821502279
AOI-0062,2018-06-25,0.354813029
AOI-0062,2018-07-28,0.297343070
AOI-0062,2018-08-28,0.189932492
AOI-0062,2019-04-08,0.183851622
AOI-0062,2019-04-11,0.143889941
AOI-0062,2019-06-17,0.653916599
AOI-0062,2019-07-06,0.717469119
AOI-0062,2019-08-09,0.709797491
AOI-0062,2019-08-23,0.354503192
AOI-0062,2019-09-23,0.119638191
AOI-0062,2019-10-18,0.176356430
AOI-0062,2019-10-23,0.217980017
AOI-0062,2019-10-28,0.207903004
AOI-0062,2020-04-30,0.734138160
AOI-0062,2020-05-30,0.789221180
AOI-0062,2020-06-16,0.517147279
AOI-0062,2020-07-26,0.156110962
AOI-0062,2020-08-18,0.157161530
AOI-0062,2020-08-20,0.150271830
AOI-0062,2020-08-23,0.155900618
AOI-0062,2020-08-25,0.171001163
AOI-0062,2020-09-07,0.137875011
AOI-0062,2020-09-09,0.159555963
AOI-0062,2020-10-07,0.149998833
AOI-0062,2020-10-15,0.231184361
AOI-0062,2021-04-23,0.390657174
AOI-0062,2021-05-05,0.182660879
AOI-0062,2021-05-08,0.261489271
AOI-0062,2021-05-12,0.194000688
AOI-0062,2021-06-06,0.324671704
AOI-0062,2021-06-10,0.617429550
AOI-0062,2021-07-01,0.729835148
AOI-0062,2021-07-26,0.730632793
AOI-0062,2021-07-29,0.731267269
AOI-0062,2021-09-12,0.237454930
AOI-0062,2021-09-13,0.277336704
AOI-0062,2021-09-19,0.174952901
AOI-0062,2021-09-27,0.188370256
AOI-0062,2021-09-29,0.168457923
AOI-0062,2021-10-07,0.157278253
AOI-0062,2021-10-16,0.268101590
AOI-0062,2022-04-10,0.705665523
AOI-0062,2022-04-27,0.841441461
AOI-0062,2022-05-11,0.868362814
AOI-0062,2022-05-25,0.848443163
AOI-0062,2022-07-21,0.235062484
AOI-0062,2022-07-24,0.185371057
AOI-0062,2022-08-23,0.168074245
AOI-0062,2022-09-14,0.184250264
AOI-0062,2022-09-18,0.163940613
AOI-0062,2022-09-30,0.258422301
AOI-0062,2022-10-19,0.160572318
AOI-0062,2023-05-17,0.333237828
AOI-0062,2023-06-18,0.892672157
AOI-0062,2023-06-24,0.852960096
AOI-0062,2023-07-14,0.817127899
AOI-0062,2023-08-05,0.458864137
AOI-0062,2023-08-25,0.151414911
AOI-0062,2023-09-17,0.154399672
AOI-0062,2023-10-12,0.170704020
AOI-0062,2023-10-16,0.231549957
AOI-0062,2024-04-22,0.909986521
AOI-0062,2024-06-03,0.767850241
AOI-0062,2024-06-08,0.665306800
AOI-0062,2024-06-23,0.247492251
AOI-0062,2024-07-30,0.113639921
AOI-0062,2024-08-04,0.136838243
AOI-0062,2024-08-12,0.160302239
AOI-0062,2024-09-06,0.142697326
AOI-0062,2024-10-26,0.139835131
AOI-0062,2025-04-01,0.206415705
AOI-0062,2025-04-07,0.425076296
AOI-0062,2025-04-11,0.205166098
AOI-0062,2025-04-24,0.250413571
AOI-0062,2025-04-29,0.267972006
AOI-0062,2025-05-28,0.391787045
AOI-0062,2025-06-28,0.809406449
AOI-0062,2025-07-06,0.819347199
AOI-0062,2025-07-07,0.799872338
AOI-0062,2025-07-15,0.501504796
AOI-0062,2025-07-25,0.426011438
AOI-0062,2025-08-02,0.281058540
AOI-0062,2025-08-17,0.232255680
AOI-0062,2025-09-24,0.217268631
AOI-0062,2025-09-30,0.297475926
AOI-0062,2025-10-08,0.184538577
AOI-0062,2025-10-13,0.183955771
AOI-0063,2025-04-14,0.227593895
AOI-0063,2025-04-19,0.238719446
AOI-0063,2025-04-23,0.422560942
AOI-0063,2025-04-24,0.229725412
AOI-0063,2025-05-06,0.214834630
AOI-0063,2025-05-25,0.602378709
AOI-0063,2025-06-05,0.690775006
AOI-0063,2025-06-25,0.795368950
AOI-0063,2025-06-28,0.822087494
AOI-0063,2025-06-30,0.794289903
AOI-0063,2025-07-06,0.796342344
AOI-0063,2025-07-07,0.772326054
AOI-0063,2025-07-22,0.552978702
AOI-0063,2025-08-23,0.432888286
AOI-0063,2025-09-13,0.240554800
AOI-0063,2025-09-14,0.304170950
AOI-0064,2025-04-14,0.420372540
AOI-0064,2025-04-23,0.621904456
AOI-0064,2025-04-24,0.459292758
AOI-0064,2025-06-03,0.753539488
AOI-0064,2025-06-05,0.732275938
AOI-0064,2025-06-26,0.484541074
AOI-0064,2025-06-27,0.407973560
AOI-0064,2025-06-28,0.357301450
AOI-0064,2025-07-10,0.224584019
AOI-0064,2025-08-12,0.165487744
AOI-0064,2025-08-19,0.163908546
AOI-0064,2025-08-27,0.161826914
AOI-0064,2025-08-31,0.208424004
AOI-0064,2025-09-13,0.187862190
AOI-0064,2025-10-06,0.191602088
AOI-0064,2025-10-13,0.187370390
AOI-0065,2025-04-19,0.426297093
AOI-0065,2025-05-01,0.496758645
AOI-0065,2025-06-04,0.534468374
AOI-0065,2025-06-05,0.527985943
AOI-0065,2025-06-08,0.512780823
AOI-0065,2025-06-26,0.624196987
AOI-0065,2025-07-15,0.436180980
AOI-0065,2025-07-18,0.410439115
AOI-0065,2025-08-07,0.211966424
AOI-0065,2025-08-17,0.217792235
AOI-0065,2025-09-14,0.283972471
AOI-0065,2025-09-25,0.192192846
AOI-0065,2025-09-30,0.342918592
AOI-0065,2025-10-08,0.233234245
AOI-0066,2025-06-05,0.482221582
AOI-0066,2025-07-05,0.823859453
AOI-0066,2025-07-15,0.693979932
AOI-0066,2025-07-25,0.567361928
AOI-0066,2025-07-27,0.497066559
AOI-0066,2025-08-14,0.278539421
AOI-0066,2025-09-01,0.171268009
AOI-0067,2010-04-25,0.191139985
AOI-0067,2010-06-20,0.193942035
AOI-0067,2010-06-26,0.294696541
AOI-0067,2010-07-13,0.192781192
AOI-0067,2010-07-21,0.173759297
AOI-0067,2010-08-06,0.163451223
AOI-0067,2010-08-07,0.164394724
AOI-0067,2010-08-15,0.136792170
AOI-0067,2010-09-23,0.146464039
AOI-0067,2010-10-09,0.164828685
AOI-0067,2011-05-09,0.336881053
AOI-0067,2011-05-14,0.210129008
AOI-0067,2011-09-03,0.322084972
AOI-0067,2011-09-19,0.313112916
AOI-0067,2012-05-08,0.342570941
AOI-0067,2012-06-09,0.197869042
AOI-0067,2012-07-27,0.162688319
AOI-0067,2012-09-29,0.170545276
AOI-0067,2013-07-30,0.213371074
AOI-0067,2013-08-29,0.377463697
AOI-0067,2014-05-21,0.207228802
AOI-0067,2014-05-25,0.306489414
AOI-0067,2014-06-06,0.194333054
AOI-0067,2014-06-07,0.199146115
AOI-0067,2014-07-01,0.199855588
AOI-0067,2014-07-16,0.219571022
AOI-0067,2014-07-17,0.173928847
AOI-0067,2014-09-14,0.217831626
AOI-0067,2014-10-12,0.140130300
AOI-0067,2015-04-15,0.172402982
AOI-0067,2015-05-09,0.319472012
AOI-0067,2015-06-02,0.227036999
AOI-0067,2015-06-18,0.248039716
AOI-0067,2015-07-12,0.417889334
AOI-0067,2015-07-20,0.405673896
AOI-0067,2015-08-29,0.521453946
AOI-0067,2015-09-14,0.364713011
AOI-0067,2015-09-29,0.241677721
AOI-0067,2016-05-03,0.235857149
AOI-0067,2016-05-10,0.253046443
AOI-0067,2016-05-11,0.257564122
AOI-0067,2016-06-25,0.271756414
AOI-0067,2016-07-14,0.214691146
AOI-0067,2016-07-27,0.368787680
AOI-0067,2016-09-29,0.268252780
AOI-0067,2016-10-25,0.197934087
AOI-0067,2017-04-04,0.165517509
AOI-0067,2017-04-28,0.168148308
AOI-0067,2017-05-05,0.198286053
AOI-0067,2017-06-07,0.261031735
AOI-0067,2017-07-09,0.459925105
AOI-0067,2017-07-25,0.525009235
AOI-0067,2017-08-02,0.555358328
AOI-0067,2017-08-11,0.537775520
AOI-0067,2017-08-13,0.543857153
AOI-0067,2017-08-29,0.485414493
AOI-0067,2017-09-14,0.481141792
AOI-0067,2017-09-20,0.418370105
AOI-0067,2018-04-06,0.159514154
AOI-0067,2018-04-23,0.287079524
AOI-0067,2018-05-25,0.235063820
AOI-0067,2018-07-11,0.168906758
AOI-0067,2018-08-29,0.184164008
AOI-0067,2019-05-08,0.732234697
AOI-0067,2019-05-28,0.811359193
AOI-0067,2019-06-12,0.470093293
AOI-0067,2019-07-12,0.289762117
AOI-0067,2019-07-14,0.213780603
AOI-0067,2019-07-28,0.489716957
AOI-0067,2019-08-08,0.415528495
AOI-0067,2019-08-11,0.365229440
AOI-0067,2019-08-29,0.335586847
AOI-0067,2019-09-05,0.252319127
AOI-0067,2019-09-16,0.289656020
AOI-0067,2019-09-24,0.264623498
AOI-0067,2019-10-02,0.296950035
AOI-0067,2019-10-03,0.289248493
AOI-0067,2019-10-15,0.302433764
AOI-0067,2020-04-22,0.165087401
AOI-0067,2020-04-27,0.149400120
AOI-0067,2020-05-02,0.140416143
AOI-0067,2020-05-08,0.338922119
AOI-0067,2020-07-06,0.607224154
AOI-0067,2020-07-25,0.472030614
AOI-0067,2020-07-26,0.435392027
AOI-0067,2020-07-27,0.454170771
AOI-0067,2020-08-25,0.364519594
AOI-0067,2020-10-15,0.250154494
AOI-0067,2021-05-16,0.287714546
AOI-0067,2021-06-06,0.564013008
AOI-0067,2021-06-16,0.642835202
AOI-0067,2021-06-18,0.691184557
AOI-0067,2021-07-04,0.452060591
AOI-0067,2021-08-30,0.273161933
AOI-0067,2021-09-09,0.306540174
AOI-0067,2021-10-09,0.186472616
AOI-0067,2022-04-02,0.143543855
AOI-0067,2022-04-23,0.321470228
AOI-0067,2022-04-26,0.211075447
AOI-0067,2022-06-01,0.223102493
AOI-0067,2022-07-01,0.610862673
AOI-0067,2022-08-23,0.455174019
AOI-0067,2022-08-24,0.444852031
AOI-0067,2022-08-29,0.406661796
AOI-0067,2022-09-01,0.358555510
AOI-0067,2022-09-25,0.375455902
AOI-0067,2022-10-09,0.298517817
AOI-0067,2022-10-14,0.291455256
AOI-0067,2023-04-23,0.332117820
AOI-0067,2023-05-31,0.243675759
AOI-0067,2023-06-30,0.692032156
AOI-0067,2023-07-12,0.629984684
AOI-0067,2023-07-21,0.575775841
AOI-0067,2023-07-27,0.517685056
AOI-0067,2023-08-26,0.312527229
AOI-0067,2023-09-24,0.222239112
AOI-0067,2023-09-27,0.243842504
AOI-0067,2023-10-05,0.264763396
AOI-0067,2023-10-13,0.223561174
AOI-0067,2024-04-01,0.212187456
AOI-0067,2024-04-11,0.214717033
AOI-0067,2024-05-09,0.466369741
AOI-0067,2024-05-24,0.627630170
AOI-0067,2024-07-05,0.246368433
AOI-0067,2024-07-10,0.244254497
AOI-0067,2024-08-29,0.137242248
AOI-0067,2024-09-06,0.182165399
AOI-0067,2024-09-23,0.137735838
AOI-0067,2025-04-17,0.182477425
AOI-0067,2025-04-23,0.258009695
AOI-0067,2025-04-28,0.141121976
AOI-0067,2025-06-05,0.142358867
AOI-0067,2025-06-21,0.282477736
AOI-0067,2025-06-26,0.424004197
AOI-0067,2025-07-05,0.436145493
AOI-0067,2025-07-14,0.520265020
AOI-0067,2025-07-15,0.499233953
AOI-0067,2025-08-06,0.556028813
AOI-0067,2025-09-01,0.444653779
AOI-0067,2025-09-23,0.274911831
AOI-0067,2025-10-03,0.224502413
AOI-0068,2010-04-16,0.123041154
AOI-0068,2010-05-02,0.174568301
AOI-0068,2010-05-09,0.330751682
AOI-0068,2010-06-20,0.179509740
AOI-0068,2010-07-13,0.171158142
AOI-0068,2010-07-14,0.141983352
AOI-0068,2010-07-28,0.220996672
AOI-0068,2010-08-07,0.147584217
AOI-0068,2010-08-29,0.211726365
AOI-0068,2011-04-07,0.476679491
AOI-0068,2011-05-30,0.622162312
AOI-0068,2011-06-15,0.393748526
AOI-0068,2011-06-23,0.265817978
AOI-0068,2011-07-16,0.202661517
AOI-0068,2011-08-09,0.184775437
AOI-0068,2011-09-03,0.168991723
AOI-0068,2012-07-27,0.184175062
AOI-0068,2012-08-03,0.155839699
AOI-0068,2012-10-22,0.161419829
AOI-0068,2013-06-19,0.263018606
AOI-0068,2013-06-27,0.245946352
AOI-0068,2013-07-28,0.268738162
AOI-0068,2014-04-27,0.420114567
AOI-0068,2014-07-28,0.196639212
AOI-0068,2014-08-17,0.172940371
AOI-0068,2014-08-25,0.137075386
AOI-0068,2014-10-05,0.132892324
AOI-0068,2014-10-16,0.213012797
AOI-0068,2014-10-29,0.172496174
AOI-0068,2015-06-09,0.351763840
AOI-0068,2015-07-27,0.260410801
AOI-0068,2015-08-04,0.257360942
AOI-0068,2016-05-02,0.312198732
AOI-0068,2016-05-11,0.320941828
AOI-0068,2016-07-14,0.308675754
AOI-0068,2016-08-28,0.299217870
AOI-0068,2016-09-13,0.283412060
AOI-0068,2016-09-29,0.366519322
AOI-0068,2017-05-14,0.523462417
AOI-0068,2017-06-10,0.462587144
AOI-0068,2017-06-22,0.429748599
AOI-0068,2017-06-27,0.288248622
AOI-0068,2017-07-12,0.285223007
AOI-0068,2017-08-02,0.190887395
AOI-0068,2017-08-11,0.139967838
AOI-0068,2017-08-13,0.215077406
AOI-0068,2017-09-02,0.137468397
AOI-0068,2017-09-03,0.198644074
AOI-0068,2018-04-28,0.237304186
AOI-0068,2018-05-09,0.417262026
AOI-0068,2018-06-07,0.189730993
AOI-0068,2018-07-11,0.167908438
AOI-0068,2018-08-28,0.171056691
AOI-0068,2018-09-06,0.167821601
AOI-0068,2018-09-21,0.139527318
AOI-0068,2019-05-25,0.635534528
AOI-0068,2019-05-28,0.578961332
AOI-0068,2019-06-28,0.222959154
AOI-0068,2019-08-07,0.235765392
AOI-0068,2019-09-01,0.197040987
AOI-0068,2019-09-05,0.163761449
AOI-0068,2019-09-15,0.173143841
AOI-0068,2019-09-24,0.221314466
AOI-0068,2019-09-25,0.193582343
AOI-0068,2019-09-30,0.327798920
AOI-0068,2019-10-02,0.254182001
AOI-0068,2019-10-25,0.334742201
AOI-0068,2020-04-02,0.315050616
AOI-0068,2020-04-06,0.383941841
AOI-0068,2020-04-12,0.295616842
AOI-0068,2020-04-19,0.314529846
AOI-0068,2020-06-26,0.179323770
AOI-0068,2020-07-27,0.199084172
AOI-0068,2020-07-31,0.108202417
AOI-0068,2020-09-03,0.140353681
AOI-0068,2020-10-05,0.145760629
AOI-0068,2020-10-20,0.194376521
AOI-0068,2021-05-01,0.288381684
AOI-0068,2021-05-16,0.466711702
AOI-0068,2021-06-11,0.425177066
AOI-0068,2021-06-16,0.405799003
AOI-0068,2021-07-19,0.238917512
AOI-0068,2021-07-31,0.184229184
AOI-0068,2021-09-30,0.416022105
AOI-0068,2022-04-02,0.295958707
AOI-0068,2022-04-12,0.330521325
AOI-0068,2022-04-23,0.515377777
AOI-0068,2022-05-12,0.482350947
AOI-0068,2022-05-27,0.350450364
AOI-0068,2022-06-08,0.338871399
AOI-0068,2022-06-20,0.270871778
AOI-0068,2022-07-01,0.178789108
AOI-0068,2022-07-14,0.176124828
AOI-0068,2022-07-30,0.193878511
AOI-0068,2022-08-15,0.148654131
AOI-0068,2023-04-03,0.507726831
AOI-0068,2023-04-17,0.479043918
AOI-0068,2023-05-09,0.667090940
AOI-0068,2023-06-06,0.514268923
AOI-0068,2023-06-30,0.283075223
AOI-0068,2023-07-05,0.254339458
AOI-0068,2023-08-03,0.262404211
AOI-0068,2023-08-13,0.292359586
AOI-0068,2023-09-03,0.358692146
AOI-0068,2023-09-24,0.326206106
AOI-0068,2023-10-06,0.332622203
AOI-0068,2023-10-11,0.310636289
AOI-0068,2024-05-01,0.225472996
AOI-0068,2024-05-09,0.234181912
AOI-0068,2024-06-15,0.133436638
AOI-0068,2024-08-05,0.188958557
AOI-0068,2024-08-09,0.122216748
AOI-0068,2024-08-19,0.139556187
AOI-0068,2024-08-28,0.193160556
AOI-0068,2024-09-08,0.135793051
AOI-0068,2024-09-14,0.186921634
AOI-0068,2024-09-29,0.188660838
AOI-0068,2024-10-13,0.113438984
AOI-0068,2025-05-08,0.639706980
AOI-0068,2025-05-11,0.668798494
AOI-0068,2025-05-20,0.710535004
AOI-0068,2025-06-10,0.408920044
AOI-0068,2025-06-15,0.347559270
AOI-0068,2025-06-17,0.332040357
AOI-0068,2025-06-30,0.225806293
AOI-0068,2025-07-22,0.217158950
AOI-0068,2025-07-28,0.239011797
AOI-0068,2025-08-13,0.262828853
AOI-0068,2025-08-14,0.180047570
AOI-0068,2025-08-23,0.232687277
AOI-0068,2025-08-24,0.180147264
AOI-0068,2025-09-08,0.166276344
AOI-0068,2025-09-14,0.275821927
AOI-0068,2025-09-24,0.234928077
AOI-0069,2025-04-16,0.159101666
AOI-0069,2025-04-21,0.168197053
AOI-0069,2025-04-23,0.307403925
AOI-0069,2025-05-01,0.170015949
AOI-0069,2025-05-11,0.256902450
AOI-0069,2025-05-25,0.528789656
AOI-0069,2025-05-28,0.415361777
AOI-0069,2025-06-10,0.401094432
AOI-0069,2025-06-25,0.251131160
AOI-0069,2025-06-26,0.313027110
AOI-0069,2025-07-05,0.193204767
AOI-0069,2025-07-06,0.254499782
AOI-0069,2025-07-22,0.180770411
AOI-0069,2025-08-07,0.163247510
AOI-0069,2025-08-14,0.138607511
AOI-0069,2025-09-01,0.161328137
AOI-0069,2025-09-14,0.207712003
AOI-0069,2025-09-24,0.182867523
AOI-0069,2025-09-25,0.149304381
AOI-0069,2025-09-28,0.147916617
AOI-0070,2025-05-11,0.269708113
AOI-0070,2025-05-25,0.383491223
AOI-0070,2025-06-07,0.203912374
AOI-0070,2025-06-10,0.272630163
AOI-0070,2025-06-25,0.177062220
AOI-0070,2025-07-12,0.245536328
AOI-0070,2025-08-24,0.142398901
AOI-0070,2025-08-31,0.183826475
AOI-0070,2025-09-25,0.161467412
AOI-0070,2025-10-02,0.208780675
AOI-0070,2025-10-13,0.163152963
AOI-0070,2025-10-23,0.216378542
AOI-0071,2025-04-16,0.327614250
AOI-0071,2025-04-18,0.328564189
AOI-0071,2025-04-21,0.340404190
AOI-0071,2025-05-25,0.524878826
AOI-0071,2025-06-26,0.562186499
AOI-0071,2025-07-06,0.572075648
AOI-0071,2025-07-07,0.527725092
AOI-0071,2025-07-12,0.471811348
AOI-0071,2025-08-13,0.451664317
AOI-0071,2025-08-23,0.421940612
AOI-0071,2025-08-24,0.372511759
AOI-0071,2025-08-26,0.376530120
AOI-0071,2025-08-29,0.384072364
AOI-0071,2025-09-01,0.405225427
AOI-0071,2025-09-15,0.349907443
AOI-0071,2025-09-28,0.314494678
AOI-0072,2025-05-08,0.795425868
AOI-0072,2025-06-04,0.689954865
AOI-0072,2025-07-05,0.182431239
AOI-0072,2025-07-06,0.239784290
AOI-0072,2025-07-14,0.200144065
AOI-0072,2025-07-17,0.149724905
AOI-0072,2025-08-07,0.183006878
AOI-0072,2025-08-19,0.150157814
AOI-0072,2025-08-29,0.165604149
AOI-0072,2025-09-03,0.134226907
AOI-0072,2025-09-15,0.146049338
AOI-0072,2025-09-16,0.179079952
AOI-0072,2025-09-30,0.207238400
AOI-0072,2025-10-03,0.144767453
AOI-0072,2025-10-13,0.140223915
AOI-0073,2010-06-26,0.601206811
AOI-0073,2010-07-12,0.538973620
AOI-0073,2011-04-07,0.249934740
AOI-0073,2011-07-14,0.532423803
AOI-0073,2011-09-14,0.396278679
AOI-0073,2012-04-22,0.538478773
AOI-0073,2012-04-27,0.384032876
AOI-0073,2012-05-24,0.661565394
AOI-0073,2012-09-29,0.295756414
AOI-0073,2013-04-03,0.228624660
AOI-0073,2013-06-10,0.544292025
AOI-0073,2013-06-25,0.540461896
AOI-0073,2013-07-12,0.560049208
AOI-0073,2013-07-28,0.566263163
AOI-0073,2013-09-30,0.420160505
AOI-0073,2014-05-27,0.564026371
AOI-0073,2014-07-12,0.719975816
AOI-0073,2014-07-30,0.674892918
AOI-0073,2014-08-13,0.483662290
AOI-0073,2014-09-14,0.389729278
AOI-0073,2014-10-10,0.238227233
AOI-0073,2015-05-22,0.397001923
AOI-0073,2015-05-30,0.421689180
AOI-0073,2015-06-10,0.591575287
AOI-0073,2015-06-15,0.496079506
AOI-0073,2015-07-01,0.607199199
AOI-0073,2015-07-09,0.608024736
AOI-0073,2015-08-26,0.349971002
AOI-0073,2015-10-05,0.231873410
AOI-0073,2016-04-06,0.489164510
AOI-0073,2017-04-23,0.326421243
AOI-0073,2017-06-04,0.359781740
AOI-0073,2017-06-12,0.477929862
AOI-0073,2017-07-06,0.749397680
AOI-0073,2017-07-18,0.714126428
AOI-0073,2017-08-07,0.694211950
AOI-0073,2017-08-12,0.674666828
AOI-0073,2017-10-11,0.291370968
AOI-0073,2017-10-16,0.308584827
AOI-0073,2018-04-16,0.162795980
AOI-0073,2019-05-17,0.310813334
AOI-0073,2019-05-19,0.283256994
AOI-0073,2019-06-03,0.513733758
AOI-0073,2019-07-13,0.615884076
AOI-0073,2019-08-07,0.611322023
AOI-0073,2019-08-12,0.565210573
AOI-0073,2019-09-06,0.323589586
AOI-0073,2019-09-11,0.313202642
AOI-0073,2019-09-15,0.278098381
AOI-0073,2019-09-16,0.289200403
AOI-0073,2019-09-28,0.219586370
AOI-0073,2019-10-16,0.259702731
AOI-0073,2019-10-26,0.220471687
AOI-0073,2020-04-05,0.144049817
AOI-0073,2020-04-15,0.092028006
AOI-0073,2020-04-22,0.418092525
AOI-0073,2020-05-18,0.562902211
AOI-0073,2020-07-04,0.299949055
AOI-0073,2020-07-06,0.300690624
AOI-0073,2020-07-24,0.198208777
AOI-0073,2020-07-29,0.164967534
AOI-0073,2020-08-12,0.308596413
AOI-0073,2020-09-01,0.225494411
AOI-0073,2020-09-20,0.160820134
AOI-0073,2020-10-20,0.200107767
AOI-0073,2020-10-26,0.175345137
AOI-0073,2021-05-06,0.246984742
AOI-0073,2021-05-13,0.220986962
AOI-0073,2021-05-15,0.221578074
AOI-0073,2021-06-29,0.634037207
AOI-0073,2021-07-25,0.755860717
AOI-0073,2021-08-02,0.688217436
AOI-0073,2021-09-07,0.282891473
AOI-0073,2021-09-14,0.335624032
AOI-0073,2021-09-15,0.261320395
AOI-0073,2022-04-23,0.258353309
AOI-0073,2022-04-25,0.188718021
AOI-0073,2022-06-04,0.270240301
AOI-0073,2022-06-07,0.272777594
AOI-0073,2022-06-09,0.264089387
AOI-0073,2022-06-14,0.387439578
AOI-0073,2022-07-05,0.781257279
AOI-0073,2022-07-07,0.757232329
AOI-0073,2022-09-10,0.372402786
AOI-0073,2022-09-30,0.377146057
AOI-0073,2023-04-02,0.199465201
AOI-0073,2023-04-28,0.254985888
AOI-0073,2023-05-03,0.283351515
AOI-0073,2023-05-05,0.264412231
AOI-0073,2023-05-13,0.347325446
AOI-0073,2023-06-04,0.535811303
AOI-0073,2023-06-07,0.557540353
AOI-0073,2023-07-25,0.357043394
AOI-0073,2023-07-31,0.283270120
AOI-0073,2023-08-06,0.239643102
AOI-0073,2023-08-16,0.276519465
AOI-0073,2023-08-28,0.215478712
AOI-0073,2023-09-07,0.202281957
AOI-0073,2023-09-12,0.209259402
AOI-0073,2023-09-29,0.217769576
AOI-0073,2023-10-11,0.257635256
AOI-0073,2023-10-15,0.250426809
AOI-0073,2024-04-14,0.485946373
AOI-0073,2024-04-20,0.588680271
AOI-0073,2024-05-06,0.627893988
AOI-0073,2024-05-07,0.616648604
AOI-0073,2024-06-23,0.359891709
AOI-0073,2024-07-03,0.266052254
AOI-0073,2024-07-11,0.295333717
AOI-0073,2024-07-13,0.257476659
AOI-0073,2024-07-21,0.233791703
AOI-0073,2024-07-25,0.260666486
AOI-0073,2024-08-12,0.211612897
AOI-0073,2024-08-28,0.266627037
AOI-0073,2024-09-01,0.169756303
AOI-0073,2024-09-13,0.250035128
AOI-0073,2024-09-29,0.195538277
AOI-0073,2025-04-07,0.218154634
AOI-0073,2025-04-15,0.209771850
AOI-0073,2025-04-19,0.175763010
AOI-0073,2025-04-22,0.179936586
AOI-0073,2025-04-23,0.253907047
AOI-0073,2025-04-29,0.175528112
AOI-0073,2025-05-11,0.206192477
AOI-0073,2025-05-22,0.213507990
AOI-0073,2025-05-29,0.202359000
AOI-0073,2025-06-03,0.332544983
AOI-0073,2025-06-30,0.784438792
AOI-0073,2025-07-06,0.791140674
AOI-0073,2025-07-08,0.817500921
AOI-0073,2025-07-28,0.719389374
AOI-0073,2025-08-05,0.721170353
AOI-0073,2025-08-07,0.711241171
AOI-0073,2025-08-22,0.456048691
AOI-0073,2025-08-27,0.418386759
AOI-0073,2025-09-22,0.338971868
AOI-0074,2010-07-12,0.374314956
AOI-0074,2010-08-29,0.300508018
AOI-0074,2011-05-27,0.364602559
AOI-0074,2011-06-20,0.562190081
AOI-0074,2011-06-26,0.749372457
AOI-0074,2011-07-06,0.712280656
AOI-0074,2011-09-24,0.295828576
AOI-0074,2013-06-25,0.469746449
AOI-0074,2013-07-03,0.388082345
AOI-0074,2013-07-11,0.328487491
AOI-0074,2013-08-13,0.348246749
AOI-0074,2014-07-14,0.808360480
AOI-0074,2014-07-28,0.685324190
AOI-0074,2014-09-14,0.317837728
AOI-0074,2014-10-16,0.269438144
AOI-0074,2015-04-23,0.310515303
AOI-0074,2015-04-28,0.213124333
AOI-0074,2015-07-25,0.644537502
AOI-0074,2015-10-16,0.259965598
AOI-0074,2015-10-29,0.189389196
AOI-0074,2016-08-12,0.296192880
AOI-0074,2016-08-20,0.262874839
AOI-0074,2017-04-23,0.317148490
AOI-0074,2017-05-04,0.204499441
AOI-0074,2017-05-06,0.230218568
AOI-0074,2017-06-04,0.401652094
AOI-0074,2017-06-05,0.374154670
AOI-0074,2017-06-10,0.633107454
AOI-0074,2017-06-20,0.561669577
AOI-0074,2017-06-26,0.735215873
AOI-0074,2017-07-18,0.709182207
AOI-0074,2017-08-07,0.676447889
AOI-0074,2017-08-17,0.505565028
AOI-0074,2017-09-16,0.297918776
AOI-0074,2017-10-11,0.232902051
AOI-0074,2017-10-16,0.281878754
AOI-0074,2018-04-04,0.177668045
AOI-0074,2018-04-23,0.347750340
AOI-0074,2018-05-06,0.296089524
AOI-0074,2018-05-11,0.273862936
AOI-0074,2018-05-22,0.367314101
AOI-0074,2018-05-26,0.343500776
AOI-0074,2018-05-30,0.374752268
AOI-0074,2018-07-13,0.647255594
AOI-0074,2018-08-18,0.744168957
AOI-0074,2018-09-14,0.376351513
AOI-0074,2018-09-19,0.340407092
AOI-0074,2018-09-30,0.315608284
AOI-0074,2019-04-23,0.199487008
AOI-0074,2019-05-04,0.182170096
AOI-0074,2019-05-14,0.238241514
AOI-0074,2019-05-16,0.241930845
AOI-0074,2019-05-31,0.438649239
AOI-0074,2019-06-13,0.677979083
AOI-0074,2019-07-13,0.620578771
AOI-0074,2019-08-05,0.622923320
AOI-0074,2019-08-09,0.545512830
AOI-0074,2019-09-14,0.308824972
AOI-0074,2020-04-09,0.195664751
AOI-0074,2020-07-06,0.249380170
AOI-0074,2020-07-22,0.200273756
AOI-0074,2020-08-07,0.219011196
AOI-0074,2020-08-26,0.157413973
AOI-0074,2020-09-07,0.152710346
AOI-0074,2020-09-08,0.213464517
AOI-0074,2020-09-12,0.171512780
AOI-0074,2020-10-07,0.164081609
AOI-0074,2020-10-12,0.128611349
AOI-0074,2020-10-18,0.219477037
AOI-0074,2020-10-22,0.120272996
AOI-0074,2021-04-25,0.192986108
AOI-0074,2021-06-23,0.617544892
AOI-0074,2021-06-27,0.645301773
AOI-0074,2021-07-17,0.695367603
AOI-0074,2021-08-03,0.553607439
AOI-0074,2021-08-06,0.543201530
AOI-0074,2021-08-19,0.475618944
AOI-0074,2021-09-03,0.360977943
AOI-0074,2021-10-06,0.241656295
AOI-0074,2021-10-17,0.195146087
AOI-0074,2021-10-20,0.224325218
AOI-0074,2021-10-27,0.226321323
AOI-0074,2022-05-30,0.215043980
AOI-0074,2022-07-12,0.749768312
AOI-0074,2022-08-29,0.516604154
AOI-0074,2022-10-16,0.292604605
AOI-0074,2023-04-28,0.223129145
AOI-0074,2023-05-30,0.391812672
AOI-0074,2023-06-09,0.549122077
AOI-0074,2023-06-19,0.452278978
AOI-0074,2023-07-14,0.228882140
AOI-0074,2023-08-16,0.255905276
AOI-0074,2023-09-14,0.260905920
AOI-0074,2023-10-11,0.266029207
AOI-0074,2024-04-17,0.508480589
AOI-0074,2024-05-08,0.668338288
AOI-0074,2024-05-09,0.593488690
AOI-0074,2024-06-06,0.522926369
AOI-0074,2024-07-08,0.239973261
AOI-0074,2024-07-18,0.241555206
AOI-0074,2024-07-27,0.295366889
AOI-0074,2024-08-12,0.185441111
AOI-0074,2024-08-28,0.254764820
AOI-0074,2024-09-04,0.179100323
AOI-0074,2024-09-09,0.170893582
AOI-0074,2025-04-07,0.202922878
AOI-0074,2025-04-15,0.204804662
AOI-0074,2025-05-12,0.210989049
AOI-0074,2025-05-14,0.203534719
AOI-0074,2025-06-01,0.314582158
AOI-0074,2025-06-10,0.611534024
AOI-0074,2025-07-06,0.795569193
AOI-0074,2025-07-16,0.668019867
AOI-0074,2025-08-05,0.659590604
AOI-0074,2025-08-19,0.490562559
AOI-0074,2025-09-08,0.256381070
AOI-0074,2025-09-22,0.298799063
AOI-0074,2025-10-01,0.228060757
AOI-0074,2025-10-26,0.241671228
AOI-0075,2025-04-07,0.335267374
AOI-0075,2025-04-12,0.227320336
AOI-0075,2025-07-12,0.609549319
AOI-0075,2025-07-18,0.538619081
AOI-0075,2025-08-21,0.506437725
AOI-0075,2025-08-30,0.459065481
AOI-0075,2025-09-08,0.419201532
AOI-0075,2025-09-16,0.309252318
AOI-0075,2025-09-21,0.273882731
AOI-0075,2025-10-29,0.344176646
AOI-0076,2025-04-19,0.219437563
AOI-0076,2025-05-01,0.252382932
AOI-0076,2025-05-11,0.255305432
AOI-0076,2025-05-25,0.513375994
AOI-0076,2025-07-10,0.806347381
AOI-0076,2025-07-31,0.713297888
AOI-0076,2025-08-21,0.439405092
AOI-0076,2025-08-27,0.355248956
AOI-0076,2025-09-01,0.314895908
AOI-0076,2025-09-21,0.241609056
AOI-0076,2025-09-22,0.295495733
AOI-0076,2025-10-01,0.225797942
AOI-0076,2025-10-04,0.228082934
AOI-0077,2025-05-09,0.776470407
AOI-0077,2025-06-06,0.636113913
AOI-0077,2025-06-21,0.416934512
AOI-0077,2025-07-12,0.319417951
AOI-0077,2025-08-22,0.188646062
AOI-0077,2025-08-27,0.188137493
AOI-0077,2025-08-30,0.217816858
AOI-0077,2025-09-11,0.179420224
AOI-0077,2025-09-22,0.248715864
AOI-0078,2025-05-02,0.771912755
AOI-0078,2025-05-25,0.807840824
AOI-0078,2025-06-01,0.608167070
AOI-0078,2025-06-03,0.661976768
AOI-0078,2025-06-06,0.674379398
AOI-0078,2025-06-10,0.562231792
AOI-0078,2025-07-04,0.295566545
AOI-0078,2025-07-10,0.167937052
AOI-0078,2025-07-11,0.179157961
AOI-0078,2025-07-13,0.160817096
AOI-0078,2025-08-10,0.163054131
AOI-0078,2025-08-15,0.171271696
AOI-0078,2025-09-08,0.146641459
AOI-0078,2025-10-04,0.220992380
